case,cohort,N_orders,n_candidates,ordered_prefixes_sha256,evaluation_metric,fit_metric_precomputed,fit_space,candidate_order,entered_vs_main300,exited_vs_main300,note
main,main,9691,300,58c9cb18fa2699fcbd84bfa705dcde0a228c12a817d3902893a9d28bc5ff732e,haversine,haversine,angular,demand_desc_prefix_asc,,,
geodesic,main,9691,300,58c9cb18fa2699fcbd84bfa705dcde0a228c12a817d3902893a9d28bc5ff732e,geodesic,geodesic,angular,demand_desc_prefix_asc,,,
geodesic_eval_only,main,9691,300,58c9cb18fa2699fcbd84bfa705dcde0a228c12a817d3902893a9d28bc5ff732e,geodesic,haversine,angular,demand_desc_prefix_asc,,,Reviewer sensitivity: adjustment unchanged; WGS84 evaluation only
median,main,9691,300,58c9cb18fa2699fcbd84bfa705dcde0a228c12a817d3902893a9d28bc5ff732e,haversine,haversine,angular,demand_desc_prefix_asc,,,
dedup_full,main,9691,300,58c9cb18fa2699fcbd84bfa705dcde0a228c12a817d3902893a9d28bc5ff732e,haversine,haversine,angular,demand_desc_prefix_asc,,,
projected_inverse,main,9691,300,58c9cb18fa2699fcbd84bfa705dcde0a228c12a817d3902893a9d28bc5ff732e,haversine,haversine,projected,demand_desc_prefix_asc,,,
projected_partition_angular,main,9691,300,58c9cb18fa2699fcbd84bfa705dcde0a228c12a817d3902893a9d28bc5ff732e,haversine,haversine,projected,demand_desc_prefix_asc,,,
J_all828,main,9691,828,599c5bec1771b59d925b240ecafe6cee5198f63f0f5f06133c86ca903d5340a5,haversine,haversine,angular,demand_desc_prefix_asc,20010|20020|20041|20050|20051|20060|20061|20070|20080|20210|20221|20531|20535|20715|20725|20750|20755|20760|20761|20765|20766|20911|20920|20930|20932|20943|20960|20961|20970|20972|20973|20975|21010|21012|21030|21032|21040|21042|21043|21044|21046|21051|21070|21071|21231|21236|21240|21241|21340|21360|21370|21371|21381|21510|21511|21512|21515|21520|21530|21532|21535|21545|21557|21630|21635|21640|21645|21650|21655|21660|21665|21670|21675|21720|21721|21725|21730|21735|21741|21745|21746|21755|21770|21775|21815|21825|21830|21831|21832|21833|21840|21842|21843|21850|21852|21854|21860|21862|21863|21864|21865|21866|21870|21875|21911|21932|22211|22421|22452|22611|22641|22711|22715|22772|22773|23012|23015|23016|23025|23026|23027|23028|23031|23033|23047|23056|23057|23061|23062|23064|23065|23067|23068|23076|23081|23082|23094|23097|23098|23510|23515|23525|23530|23540|23547|23555|23565|23573|23811|23812|23815|23820|23821|23822|23825|23826|23830|23831|23832|23855|23890|23893|23894|23895|23897|23898|24040|24050|24060|24070|24111|24119|24140|24141|24310|24322|24325|24330|24348|24365|24370|24410|24411|24412|24415|24417|24420|24421|24425|24426|24430|24452|24455|24456|24457|24460|24461|24465|24466|24467|24470|24471|24472|24473|24474|24475|24711|24715|24716|24717|24720|24721|24722|24723|24724|24725|24726|24730|24731|24732|24734|24735|24736|24737|24738|24740|24742|24743|24744|24745|24746|24750|24752|24753|24754|24755|24801|24802|24804|24805|24812|24813|24830|24846|24855|24856|24858|24859|24866|24876|24890|24901|24902|24903|24904|24905|24910|24912|24913|24914|24915|24916|24921|24922|24930|24931|24933|24934|24935|24937|24940|24941|24942|24943|24944|25010|25015|25020|25025|25030|25036|25040|25041|25042|25045|25046|25050|25051|25055|25065|25071|25075|25080|25085|25086|25211|25212|25213|25214|25215|25220|25223|25225|25230|25231|25233|25235|25237|25240|25241|25243|25245|25251|25253|25255|25260|25261|25264|25265|25266|25267|25268|25270|25271|25272|25275|25525|25530|25535|25540|25545|25555|25560|25561|25565|25570|25571|25575|25576|25580|25581|25585|25610|25615|25625|25630|25640|25645|25651|25660|25670|25675|25685|25715|25725|25740|25745|25750|25770|25901|25902|25903|25904|25905|25907|25908|25911|25912|25914|25921|25922|25925|25926|25928|25930|25932|25933|25936|25937|25938|25940|25943|25945|25949|26011|26012|26015|26021|26022|26023|26030|26031|26032|26033|26035|26040|26041|26042|26050|26051|26052|26053|26060|26062|26063|26080|26082|26083|26084|26085|26086|26088|26110|26112|26113|26115|26116|26120|26123|26125|26135|26140|26143|26155|26160|26163|26165|26167|26170|26172|26173|26175|26178|26180|26183|26185|26187|26190|26193|26196|26216|26221|26225|26230|26250|26256|26260|26261|26262|26263|26265|26266|26270|26271|26272|26275|26276|26277|26278|26279|26280|26281|26282|26285|26286|26291|26292|26293|26296|26297|26298|26299|26310|26311|26313|26315|26316|26320|26321|26323|26325|26330|26380|26381|26382|26383|26385|26413|26420|26423|26425|26430|26433|26435|26440|26443|26445|26450|26453|26455|26460|26470|26480|26515|26521|26526|26530|26535|26540|26545|26550|26551|26553|26554|26556|26557|26560|26562|26564|26570|26572|26574|26580|26582|26584|26585|26587|28695,,
J_union825,main,9691,825,04cc769ebdfbb09c6c3353409bdcc9a2357a947bbbbb9f152edfb96699641613,haversine,haversine,angular,demand_desc_prefix_asc,20010|20020|20041|20050|20051|20060|20061|20070|20080|20210|20221|20531|20535|20715|20725|20750|20755|20760|20761|20765|20766|20911|20920|20930|20932|20943|20960|20961|20970|20972|20973|20975|21010|21012|21030|21032|21040|21042|21043|21044|21046|21051|21070|21071|21231|21236|21240|21241|21340|21360|21370|21371|21381|21510|21511|21512|21515|21520|21530|21532|21535|21545|21557|21630|21635|21640|21645|21650|21655|21660|21665|21670|21675|21720|21721|21725|21730|21735|21741|21745|21746|21755|21770|21775|21815|21825|21830|21831|21832|21833|21840|21842|21843|21850|21852|21854|21860|21862|21863|21864|21865|21866|21870|21875|21911|21932|22211|22421|22452|22611|22641|22711|22715|22772|22773|23012|23015|23016|23025|23026|23027|23028|23031|23033|23047|23056|23057|23061|23062|23064|23065|23067|23068|23076|23081|23082|23094|23097|23098|23510|23515|23525|23530|23540|23547|23555|23565|23573|23811|23812|23815|23820|23821|23822|23825|23826|23830|23831|23832|23855|23890|23893|23894|23895|23897|23898|24040|24050|24060|24070|24111|24119|24140|24141|24310|24322|24325|24330|24348|24365|24410|24411|24412|24415|24417|24420|24421|24425|24426|24430|24452|24455|24456|24457|24460|24461|24465|24466|24467|24470|24471|24472|24473|24474|24475|24711|24715|24716|24717|24720|24721|24722|24723|24724|24725|24726|24730|24731|24732|24734|24735|24736|24737|24738|24740|24742|24743|24744|24745|24746|24750|24752|24753|24754|24755|24801|24802|24804|24805|24812|24813|24830|24846|24855|24856|24858|24859|24866|24876|24890|24901|24902|24903|24904|24905|24910|24912|24913|24914|24915|24916|24921|24922|24930|24931|24933|24934|24935|24937|24940|24941|24942|24943|24944|25010|25015|25020|25025|25030|25036|25040|25041|25042|25045|25046|25050|25051|25055|25065|25071|25075|25080|25085|25086|25211|25212|25213|25214|25215|25220|25223|25225|25230|25231|25233|25235|25237|25240|25241|25243|25245|25251|25253|25255|25260|25261|25264|25265|25266|25267|25268|25270|25271|25272|25275|25525|25530|25535|25540|25545|25555|25560|25561|25565|25570|25571|25575|25576|25580|25581|25585|25610|25615|25625|25630|25640|25645|25651|25660|25670|25675|25685|25715|25725|25740|25745|25750|25770|25901|25902|25903|25904|25905|25907|25908|25911|25912|25914|25921|25922|25925|25926|25928|25930|25932|25933|25936|25937|25938|25940|25943|25945|25949|26011|26012|26015|26021|26022|26023|26030|26031|26032|26033|26035|26040|26041|26042|26050|26051|26052|26053|26060|26062|26063|26080|26082|26083|26084|26085|26086|26088|26110|26112|26113|26115|26116|26120|26123|26125|26135|26140|26143|26155|26160|26163|26165|26167|26170|26172|26173|26175|26178|26180|26183|26185|26187|26190|26193|26196|26216|26221|26225|26230|26250|26256|26260|26261|26262|26263|26265|26266|26270|26271|26272|26275|26276|26277|26278|26279|26280|26281|26282|26285|26286|26291|26292|26293|26296|26297|26298|26299|26310|26311|26313|26315|26316|26320|26321|26323|26325|26330|26380|26381|26382|26383|26385|26413|26420|26423|26425|26430|26433|26435|26440|26443|26445|26450|26453|26455|26460|26470|26480|26515|26521|26526|26530|26535|26540|26545|26550|26551|26553|26554|26556|26557|26560|26562|26564|26570|26572|26574|26580|26582|26584|26585|26587|28695,21941|22291,Only facilities filtered; all demand and N preserved
J300_tie_reverse,main,9691,300,fd1e9506fea0ae47079482d34493edba8f5f2f81d4c054965b082d64a0764d12,haversine,haversine,angular,demand_desc_prefix_desc,25651|25750|26022|26261|26285|26535|26551,20250|20710|20756|21041|21351|21540|21616,
J_all828_legacy_order,main,9691,828,9d5deeb1bff8b8f92dabac08e9039783716b4d23a9b8d7da114c76e6e4e00676,haversine,haversine,angular,prefix_ascending_legacy,20010|20020|20041|20050|20051|20060|20061|20070|20080|20210|20221|20531|20535|20715|20725|20750|20755|20760|20761|20765|20766|20911|20920|20930|20932|20943|20960|20961|20970|20972|20973|20975|21010|21012|21030|21032|21040|21042|21043|21044|21046|21051|21070|21071|21231|21236|21240|21241|21340|21360|21370|21371|21381|21510|21511|21512|21515|21520|21530|21532|21535|21545|21557|21630|21635|21640|21645|21650|21655|21660|21665|21670|21675|21720|21721|21725|21730|21735|21741|21745|21746|21755|21770|21775|21815|21825|21830|21831|21832|21833|21840|21842|21843|21850|21852|21854|21860|21862|21863|21864|21865|21866|21870|21875|21911|21932|22211|22421|22452|22611|22641|22711|22715|22772|22773|23012|23015|23016|23025|23026|23027|23028|23031|23033|23047|23056|23057|23061|23062|23064|23065|23067|23068|23076|23081|23082|23094|23097|23098|23510|23515|23525|23530|23540|23547|23555|23565|23573|23811|23812|23815|23820|23821|23822|23825|23826|23830|23831|23832|23855|23890|23893|23894|23895|23897|23898|24040|24050|24060|24070|24111|24119|24140|24141|24310|24322|24325|24330|24348|24365|24370|24410|24411|24412|24415|24417|24420|24421|24425|24426|24430|24452|24455|24456|24457|24460|24461|24465|24466|24467|24470|24471|24472|24473|24474|24475|24711|24715|24716|24717|24720|24721|24722|24723|24724|24725|24726|24730|24731|24732|24734|24735|24736|24737|24738|24740|24742|24743|24744|24745|24746|24750|24752|24753|24754|24755|24801|24802|24804|24805|24812|24813|24830|24846|24855|24856|24858|24859|24866|24876|24890|24901|24902|24903|24904|24905|24910|24912|24913|24914|24915|24916|24921|24922|24930|24931|24933|24934|24935|24937|24940|24941|24942|24943|24944|25010|25015|25020|25025|25030|25036|25040|25041|25042|25045|25046|25050|25051|25055|25065|25071|25075|25080|25085|25086|25211|25212|25213|25214|25215|25220|25223|25225|25230|25231|25233|25235|25237|25240|25241|25243|25245|25251|25253|25255|25260|25261|25264|25265|25266|25267|25268|25270|25271|25272|25275|25525|25530|25535|25540|25545|25555|25560|25561|25565|25570|25571|25575|25576|25580|25581|25585|25610|25615|25625|25630|25640|25645|25651|25660|25670|25675|25685|25715|25725|25740|25745|25750|25770|25901|25902|25903|25904|25905|25907|25908|25911|25912|25914|25921|25922|25925|25926|25928|25930|25932|25933|25936|25937|25938|25940|25943|25945|25949|26011|26012|26015|26021|26022|26023|26030|26031|26032|26033|26035|26040|26041|26042|26050|26051|26052|26053|26060|26062|26063|26080|26082|26083|26084|26085|26086|26088|26110|26112|26113|26115|26116|26120|26123|26125|26135|26140|26143|26155|26160|26163|26165|26167|26170|26172|26173|26175|26178|26180|26183|26185|26187|26190|26193|26196|26216|26221|26225|26230|26250|26256|26260|26261|26262|26263|26265|26266|26270|26271|26272|26275|26276|26277|26278|26279|26280|26281|26282|26285|26286|26291|26292|26293|26296|26297|26298|26299|26310|26311|26313|26315|26316|26320|26321|26323|26325|26330|26380|26381|26382|26383|26385|26413|26420|26423|26425|26430|26433|26435|26440|26443|26445|26450|26453|26455|26460|26470|26480|26515|26521|26526|26530|26535|26540|26545|26550|26551|26553|26554|26556|26557|26560|26562|26564|26570|26572|26574|26580|26582|26584|26585|26587|28695,,Legacy original prefix ASC order; same full candidate set
J_union825_legacy_order,main,9691,825,be9bae8e00ef47da574da51a2999bc6ec7ba039a47502936f71e2fff2c7b58a6,haversine,haversine,angular,prefix_ascending_legacy,20010|20020|20041|20050|20051|20060|20061|20070|20080|20210|20221|20531|20535|20715|20725|20750|20755|20760|20761|20765|20766|20911|20920|20930|20932|20943|20960|20961|20970|20972|20973|20975|21010|21012|21030|21032|21040|21042|21043|21044|21046|21051|21070|21071|21231|21236|21240|21241|21340|21360|21370|21371|21381|21510|21511|21512|21515|21520|21530|21532|21535|21545|21557|21630|21635|21640|21645|21650|21655|21660|21665|21670|21675|21720|21721|21725|21730|21735|21741|21745|21746|21755|21770|21775|21815|21825|21830|21831|21832|21833|21840|21842|21843|21850|21852|21854|21860|21862|21863|21864|21865|21866|21870|21875|21911|21932|22211|22421|22452|22611|22641|22711|22715|22772|22773|23012|23015|23016|23025|23026|23027|23028|23031|23033|23047|23056|23057|23061|23062|23064|23065|23067|23068|23076|23081|23082|23094|23097|23098|23510|23515|23525|23530|23540|23547|23555|23565|23573|23811|23812|23815|23820|23821|23822|23825|23826|23830|23831|23832|23855|23890|23893|23894|23895|23897|23898|24040|24050|24060|24070|24111|24119|24140|24141|24310|24322|24325|24330|24348|24365|24410|24411|24412|24415|24417|24420|24421|24425|24426|24430|24452|24455|24456|24457|24460|24461|24465|24466|24467|24470|24471|24472|24473|24474|24475|24711|24715|24716|24717|24720|24721|24722|24723|24724|24725|24726|24730|24731|24732|24734|24735|24736|24737|24738|24740|24742|24743|24744|24745|24746|24750|24752|24753|24754|24755|24801|24802|24804|24805|24812|24813|24830|24846|24855|24856|24858|24859|24866|24876|24890|24901|24902|24903|24904|24905|24910|24912|24913|24914|24915|24916|24921|24922|24930|24931|24933|24934|24935|24937|24940|24941|24942|24943|24944|25010|25015|25020|25025|25030|25036|25040|25041|25042|25045|25046|25050|25051|25055|25065|25071|25075|25080|25085|25086|25211|25212|25213|25214|25215|25220|25223|25225|25230|25231|25233|25235|25237|25240|25241|25243|25245|25251|25253|25255|25260|25261|25264|25265|25266|25267|25268|25270|25271|25272|25275|25525|25530|25535|25540|25545|25555|25560|25561|25565|25570|25571|25575|25576|25580|25581|25585|25610|25615|25625|25630|25640|25645|25651|25660|25670|25675|25685|25715|25725|25740|25745|25750|25770|25901|25902|25903|25904|25905|25907|25908|25911|25912|25914|25921|25922|25925|25926|25928|25930|25932|25933|25936|25937|25938|25940|25943|25945|25949|26011|26012|26015|26021|26022|26023|26030|26031|26032|26033|26035|26040|26041|26042|26050|26051|26052|26053|26060|26062|26063|26080|26082|26083|26084|26085|26086|26088|26110|26112|26113|26115|26116|26120|26123|26125|26135|26140|26143|26155|26160|26163|26165|26167|26170|26172|26173|26175|26178|26180|26183|26185|26187|26190|26193|26196|26216|26221|26225|26230|26250|26256|26260|26261|26262|26263|26265|26266|26270|26271|26272|26275|26276|26277|26278|26279|26280|26281|26282|26285|26286|26291|26292|26293|26296|26297|26298|26299|26310|26311|26313|26315|26316|26320|26321|26323|26325|26330|26380|26381|26382|26383|26385|26413|26420|26423|26425|26430|26433|26435|26440|26443|26445|26450|26453|26455|26460|26470|26480|26515|26521|26526|26530|26535|26540|26545|26550|26551|26553|26554|26556|26557|26560|26562|26564|26570|26572|26574|26580|26582|26584|26585|26587|28695,21941|22291,Original prefix ASC order filtered to union; all demand preserved
D16,D16,9707,300,b09e72b4d1bacff892014e8f5d8a2387449141085542dac5ce745e36a414bbd5,haversine,haversine,angular,demand_desc_prefix_asc,28695,25650,Changed demand denominator AND recalculated top300 candidates
D16_main300fixed,D16,9707,300,58c9cb18fa2699fcbd84bfa705dcde0a228c12a817d3902893a9d28bc5ff732e,haversine,haversine,angular,main300fixed_original_order,,,Paired demand-only change with main top300 identities and order fixed
D22,D22,9713,300,b09e72b4d1bacff892014e8f5d8a2387449141085542dac5ce745e36a414bbd5,haversine,haversine,angular,demand_desc_prefix_asc,28695,25650,Changed demand denominator AND recalculated top300 candidates
D22_main300fixed,D22,9713,300,58c9cb18fa2699fcbd84bfa705dcde0a228c12a817d3902893a9d28bc5ff732e,haversine,haversine,angular,main300fixed_original_order,,,Paired demand-only change with main top300 identities and order fixed
