radius_km,method_a,method_b,a_min,a_max,b_min,b_max,classification,statistical_claim
3,K-Means,Ward,82,84,80,88,absence_of_robust_descriptive_separation,none
3,K-Means,Complete,82,84,87,91,stable_observed_order,none
3,K-Means,Average,82,84,98,101,stable_observed_order,none
3,K-Means,P-Median,,,,,incomplete_variants_no_classification,none
3,K-Means,MCLP,,,,,incomplete_variants_no_classification,none
3,Ward,Complete,80,88,87,91,absence_of_robust_descriptive_separation,none
3,Ward,Average,80,88,98,101,stable_observed_order,none
3,Ward,P-Median,,,,,incomplete_variants_no_classification,none
3,Ward,MCLP,,,,,incomplete_variants_no_classification,none
3,Complete,Average,87,91,98,101,stable_observed_order,none
3,Complete,P-Median,,,,,incomplete_variants_no_classification,none
3,Complete,MCLP,,,,,incomplete_variants_no_classification,none
3,Average,P-Median,,,,,incomplete_variants_no_classification,none
3,Average,MCLP,,,,,incomplete_variants_no_classification,none
3,P-Median,MCLP,,,,,incomplete_variants_no_classification,none
5,K-Means,Ward,40,42,41,45,absence_of_robust_descriptive_separation,none
5,K-Means,Complete,40,42,45,47,stable_observed_order,none
5,K-Means,Average,40,42,48,54,stable_observed_order,none
5,K-Means,P-Median,40,42,53,55,stable_observed_order,none
5,K-Means,MCLP,40,42,39,40,absence_of_robust_descriptive_separation,none
5,Ward,Complete,41,45,45,47,absence_of_robust_descriptive_separation,none
5,Ward,Average,41,45,48,54,stable_observed_order,none
5,Ward,P-Median,41,45,53,55,stable_observed_order,none
5,Ward,MCLP,41,45,39,40,stable_observed_order,none
5,Complete,Average,45,47,48,54,stable_observed_order,none
5,Complete,P-Median,45,47,53,55,stable_observed_order,none
5,Complete,MCLP,45,47,39,40,stable_observed_order,none
5,Average,P-Median,48,54,53,55,absence_of_robust_descriptive_separation,none
5,Average,MCLP,48,54,39,40,stable_observed_order,none
5,P-Median,MCLP,53,55,39,40,stable_observed_order,none
10,K-Means,Ward,16,17,16,17,absence_of_robust_descriptive_separation,none
10,K-Means,Complete,16,17,17,22,absence_of_robust_descriptive_separation,none
10,K-Means,Average,16,17,21,24,stable_observed_order,none
10,K-Means,P-Median,16,17,23,24,stable_observed_order,none
10,K-Means,MCLP,16,17,14,15,stable_observed_order,none
10,Ward,Complete,16,17,17,22,absence_of_robust_descriptive_separation,none
10,Ward,Average,16,17,21,24,stable_observed_order,none
10,Ward,P-Median,16,17,23,24,stable_observed_order,none
10,Ward,MCLP,16,17,14,15,stable_observed_order,none
10,Complete,Average,17,22,21,24,absence_of_robust_descriptive_separation,none
10,Complete,P-Median,17,22,23,24,stable_observed_order,none
10,Complete,MCLP,17,22,14,15,stable_observed_order,none
10,Average,P-Median,21,24,23,24,absence_of_robust_descriptive_separation,none
10,Average,MCLP,21,24,14,15,stable_observed_order,none
10,P-Median,MCLP,23,24,14,15,stable_observed_order,none
