CEP,source_row_number,lat,lng,original_city,original_state,distance_to_postal_mean_km,inside_municipal_union,evidence,classification,action
20010,404389,-22.873798322875469,-43.4913409016374,rio de janeiro,RJ,32.196647746353108,True,distance alone does not prove error; no individual address,inconsistency_not_proven_uncertain,retain
20031,406063,-22.864365476833498,-43.519359117193765,rio de janeiro,RJ,35.358757411304353,True,distance alone does not prove error; no individual address,inconsistency_not_proven_uncertain,retain
20060,405295,-22.916555308904176,-43.684218591869126,rio de janeiro,RJ,47.443157058433663,True,distance alone does not prove error; no individual address,inconsistency_not_proven_uncertain,retain
20060,406011,-22.916638749379619,-43.684343408130871,rio de janeiro,RJ,47.456122843233516,True,distance alone does not prove error; no individual address,inconsistency_not_proven_uncertain,retain
20221,407773,-22.874937828394827,-43.484012905926193,rio de janeiro,RJ,29.519397193445702,True,distance alone does not prove error; no individual address,inconsistency_not_proven_uncertain,retain
20241,408367,-22.906008373398649,-43.60964201192315,rio de janeiro,RJ,43.461206576248102,True,distance alone does not prove error; no individual address,inconsistency_not_proven_uncertain,retain
20241,409155,-22.86492339753725,-43.422537530049681,rio de janeiro,RJ,25.081545071794487,True,distance alone does not prove error; no individual address,inconsistency_not_proven_uncertain,retain
20250,409778,-22.978007972239901,-43.681428775858301,rio de janeiro,RJ,48.459434065178002,True,distance alone does not prove error; no individual address,inconsistency_not_proven_uncertain,retain
20250,410021,-22.978023313854145,-43.681412922856914,rio de janeiro,RJ,48.458052581612314,True,distance alone does not prove error; no individual address,inconsistency_not_proven_uncertain,retain
20510,413400,-22.915826897622651,-43.618858003795765,rio de janeiro,RJ,38.552250334824421,True,distance alone does not prove error; no individual address,inconsistency_not_proven_uncertain,retain
20521,414740,-22.884490205365768,-43.429607148569872,rio de janeiro,RJ,20.811104744754005,True,distance alone does not prove error; no individual address,inconsistency_not_proven_uncertain,retain
20530,411784,-22.88919480873129,-43.51703469842473,rio de janeiro,RJ,27.990053843363665,True,distance alone does not prove error; no individual address,inconsistency_not_proven_uncertain,retain
20561,410239,-22.932523420959523,-43.696931361133977,rio de janeiro,RJ,42.75939847202612,True,distance alone does not prove error; no individual address,inconsistency_not_proven_uncertain,retain
20561,410823,-22.932523420959523,-43.696931361133977,rio de janeiro,RJ,42.75939847202612,True,distance alone does not prove error; no individual address,inconsistency_not_proven_uncertain,retain
20561,411127,-22.932523420959523,-43.696931361133977,rio de janeiro,RJ,42.75939847202612,True,distance alone does not prove error; no individual address,inconsistency_not_proven_uncertain,retain
20561,411612,-22.932523420959523,-43.696931361133977,rio de janeiro,RJ,42.75939847202612,True,distance alone does not prove error; no individual address,inconsistency_not_proven_uncertain,retain
20561,411615,-22.932523420959523,-43.696931361133977,rio de janeiro,RJ,42.75939847202612,True,distance alone does not prove error; no individual address,inconsistency_not_proven_uncertain,retain
20561,411703,-22.932523420959523,-43.696931361133977,rio de janeiro,RJ,42.75939847202612,True,distance alone does not prove error; no individual address,inconsistency_not_proven_uncertain,retain
20561,411706,-22.932523420959523,-43.696931361133977,rio de janeiro,RJ,42.75939847202612,True,distance alone does not prove error; no individual address,inconsistency_not_proven_uncertain,retain
20561,412335,-22.932523420959523,-43.696931361133977,rio de janeiro,RJ,42.75939847202612,True,distance alone does not prove error; no individual address,inconsistency_not_proven_uncertain,retain
20561,413933,-22.932523420959523,-43.696931361133977,rio de janeiro,RJ,42.75939847202612,True,distance alone does not prove error; no individual address,inconsistency_not_proven_uncertain,retain
20561,414680,-22.932523420959523,-43.696931361133977,rio de janeiro,RJ,42.75939847202612,True,distance alone does not prove error; no individual address,inconsistency_not_proven_uncertain,retain
20561,414921,-22.932523420959523,-43.696931361133977,rio de janeiro,RJ,42.75939847202612,True,distance alone does not prove error; no individual address,inconsistency_not_proven_uncertain,retain
20780,416590,-22.885492452680463,-43.579594424923528,rio de janeiro,RJ,31.515411456983092,True,distance alone does not prove error; no individual address,inconsistency_not_proven_uncertain,retain
20921,419404,-22.888094600097912,-43.563920099501182,rio de janeiro,RJ,34.056400684983821,True,distance alone does not prove error; no individual address,inconsistency_not_proven_uncertain,retain
20921,419405,-22.919681723844398,-43.67128084041201,rio de janeiro,RJ,45.135803690791519,True,distance alone does not prove error; no individual address,inconsistency_not_proven_uncertain,retain
20921,420786,-22.919563257833733,-43.671515134052761,rio de janeiro,RJ,45.158931261660619,True,distance alone does not prove error; no individual address,inconsistency_not_proven_uncertain,retain
20970,419791,-22.907058716043075,-43.652818190609551,rio de janeiro,RJ,36.271536415141355,True,distance alone does not prove error; no individual address,inconsistency_not_proven_uncertain,retain
20970,420024,-22.934266361089652,-43.671314824804647,rio de janeiro,RJ,38.387431272477443,True,distance alone does not prove error; no individual address,inconsistency_not_proven_uncertain,retain
20970,420038,-22.906662076605663,-43.653050291851713,rio de janeiro,RJ,36.293732363133579,True,distance alone does not prove error; no individual address,inconsistency_not_proven_uncertain,retain
20970,420734,-22.907058716043075,-43.652818190609551,rio de janeiro,RJ,36.271536415141355,True,distance alone does not prove error; no individual address,inconsistency_not_proven_uncertain,retain
20970,420808,-22.906032537884471,-43.595774382451445,rio de janeiro,RJ,30.428607287092486,True,distance alone does not prove error; no individual address,inconsistency_not_proven_uncertain,retain
20973,419497,-22.869172404379981,-43.662396222719217,rio de janeiro,RJ,36.764320407101835,True,distance alone does not prove error; no individual address,inconsistency_not_proven_uncertain,retain
20973,420064,-22.97811856253708,-43.690075187017868,rio de janeiro,RJ,40.545962117829156,True,distance alone does not prove error; no individual address,inconsistency_not_proven_uncertain,retain
21010,421727,-22.929912691095812,-43.668000591869117,rio de janeiro,RJ,38.887443376996202,True,distance alone does not prove error; no individual address,inconsistency_not_proven_uncertain,retain
21010,422861,-22.870893399389917,-43.508363007064162,rio de janeiro,RJ,21.356255367534004,True,distance alone does not prove error; no individual address,inconsistency_not_proven_uncertain,retain
21010,424033,-22.932008898871317,-43.691962011731377,rio de janeiro,RJ,41.300328470916661,True,distance alone does not prove error; no individual address,inconsistency_not_proven_uncertain,retain
21011,421551,-22.853362523227915,-43.497009046455815,rio de janeiro,RJ,21.767554292075239,True,distance alone does not prove error; no individual address,inconsistency_not_proven_uncertain,retain
21011,421762,-22.853362523227915,-43.497009046455815,rio de janeiro,RJ,21.767554292075239,True,distance alone does not prove error; no individual address,inconsistency_not_proven_uncertain,retain
21011,424025,-22.994779410438927,-43.644678346047193,rio de janeiro,RJ,41.127364633556645,True,distance alone does not prove error; no individual address,inconsistency_not_proven_uncertain,retain
21012,421631,-22.937308448275569,-43.656342225517143,rio de janeiro,RJ,37.000527659839065,True,distance alone does not prove error; no individual address,inconsistency_not_proven_uncertain,retain
21012,422050,-22.990583577846422,-43.431776377315536,rio de janeiro,RJ,21.16673028700685,True,distance alone does not prove error; no individual address,inconsistency_not_proven_uncertain,retain
21012,422367,-22.8707690494888,-43.51589793584354,rio de janeiro,RJ,21.203026194071942,True,distance alone does not prove error; no individual address,inconsistency_not_proven_uncertain,retain
21012,422509,-22.937308448275569,-43.656342225517143,rio de janeiro,RJ,37.000527659839065,True,distance alone does not prove error; no individual address,inconsistency_not_proven_uncertain,retain
21012,422885,-22.939419180456277,-43.655473378044846,rio de janeiro,RJ,36.988550848700854,True,distance alone does not prove error; no individual address,inconsistency_not_proven_uncertain,retain
21012,422970,-22.936169536382469,-43.656856929202959,rio de janeiro,RJ,37.012175590347127,True,distance alone does not prove error; no individual address,inconsistency_not_proven_uncertain,retain
21012,424112,-22.954328497282237,-43.68199620951669,rio de janeiro,RJ,40.09307532768409,True,distance alone does not prove error; no individual address,inconsistency_not_proven_uncertain,retain
21030,422448,-22.883819072953759,-43.455261699309077,rio de janeiro,RJ,20.018469066322936,True,distance alone does not prove error; no individual address,inconsistency_not_proven_uncertain,retain
21030,423239,-22.934109579221538,-43.671131559512872,rio de janeiro,RJ,42.805749555292877,True,distance alone does not prove error; no individual address,inconsistency_not_proven_uncertain,retain
21040,422954,-22.879903798776628,-43.579465967943889,rio de janeiro,RJ,33.565804810706481,True,distance alone does not prove error; no individual address,inconsistency_not_proven_uncertain,retain
21041,421623,-22.997024518177628,-43.610984240492826,rio de janeiro,RJ,38.681515846428688,True,distance alone does not prove error; no individual address,inconsistency_not_proven_uncertain,retain
21041,422909,-22.87765230030584,-43.578533991805685,rio de janeiro,RJ,32.771597995087191,True,distance alone does not prove error; no individual address,inconsistency_not_proven_uncertain,retain
21041,423130,-23.065447022187591,-43.566023313996801,rio de janeiro,RJ,38.146461266510883,True,distance alone does not prove error; no individual address,inconsistency_not_proven_uncertain,retain
21042,421843,-22.873139815859719,-43.522913990226265,rio de janeiro,RJ,28.109512423005672,True,distance alone does not prove error; no individual address,inconsistency_not_proven_uncertain,retain
21042,424168,-22.873280903042986,-43.522845087183278,rio de janeiro,RJ,28.102960196580078,True,distance alone does not prove error; no individual address,inconsistency_not_proven_uncertain,retain
21043,423284,-22.871712499307502,-43.502851750476133,rio de janeiro,RJ,23.164234983871186,True,distance alone does not prove error; no individual address,inconsistency_not_proven_uncertain,retain
21044,421965,-22.919374113852442,-43.61941013037724,rio de janeiro,RJ,36.727589464364321,True,distance alone does not prove error; no individual address,inconsistency_not_proven_uncertain,retain
21044,422639,-22.92866679802605,-43.687932379230752,rio de janeiro,RJ,43.81603481807926,True,distance alone does not prove error; no individual address,inconsistency_not_proven_uncertain,retain
21044,423031,-22.919374113852442,-43.61941013037724,rio de janeiro,RJ,36.727589464364321,True,distance alone does not prove error; no individual address,inconsistency_not_proven_uncertain,retain
21046,423065,-22.874929543574481,-43.634024990766832,rio de janeiro,RJ,39.341319292138557,True,distance alone does not prove error; no individual address,inconsistency_not_proven_uncertain,retain
21061,422501,-22.865287884494943,-43.519624680848615,rio de janeiro,RJ,25.413402186469305,True,distance alone does not prove error; no individual address,inconsistency_not_proven_uncertain,retain
21061,423643,-22.858250469899978,-43.486748030100017,rio de janeiro,RJ,22.063810005265871,True,distance alone does not prove error; no individual address,inconsistency_not_proven_uncertain,retain
21070,421823,-22.935861000000003,-43.685716499999984,rio de janeiro,RJ,42.424403651360578,True,distance alone does not prove error; no individual address,inconsistency_not_proven_uncertain,retain
21071,422106,-22.982936145089276,-43.467489218164125,rio de janeiro,RJ,22.889026496183892,True,distance alone does not prove error; no individual address,inconsistency_not_proven_uncertain,retain
21221,424939,-22.938554771365187,-43.692539377242269,rio de janeiro,RJ,40.460266112100221,True,distance alone does not prove error; no individual address,inconsistency_not_proven_uncertain,retain
21221,425708,-22.938554771365187,-43.692539377242269,rio de janeiro,RJ,40.460266112100221,True,distance alone does not prove error; no individual address,inconsistency_not_proven_uncertain,retain
21236,425513,-22.995312758526232,-43.649533394108197,rio de janeiro,RJ,36.376149450767073,True,distance alone does not prove error; no individual address,inconsistency_not_proven_uncertain,retain
21240,425123,-22.871682598665178,-43.696634692834806,rio de janeiro,RJ,38.55185897234913,True,distance alone does not prove error; no individual address,inconsistency_not_proven_uncertain,retain
21331,428759,-22.98249241993188,-43.695775204830056,rio de janeiro,RJ,35.911855132156077,True,distance alone does not prove error; no individual address,inconsistency_not_proven_uncertain,retain
21340,427301,-22.899589638351923,-43.590467708436734,rio de janeiro,RJ,24.14282013200679,True,distance alone does not prove error; no individual address,inconsistency_not_proven_uncertain,retain
21510,431415,-22.889991315758376,-43.630325969856749,rio de janeiro,RJ,28.850841856923584,True,distance alone does not prove error; no individual address,inconsistency_not_proven_uncertain,retain
21535,430911,-22.975457765078986,-43.697926466747198,rio de janeiro,RJ,39.261159046610942,True,distance alone does not prove error; no individual address,inconsistency_not_proven_uncertain,retain
21535,431352,-22.906278156818026,-43.590258995556589,rio de janeiro,RJ,26.053305057419106,True,distance alone does not prove error; no individual address,inconsistency_not_proven_uncertain,retain
21610,432110,-22.98569050628933,-43.196540929469897,rio de janeiro,RJ,22.284638705430133,True,distance alone does not prove error; no individual address,inconsistency_not_proven_uncertain,retain
21675,431473,-22.97947964141035,-43.685910738415338,rio de janeiro,RJ,35.045255380760786,True,distance alone does not prove error; no individual address,inconsistency_not_proven_uncertain,retain
21721,432597,-22.877098458566863,-42.986392060739362,rio de janeiro,RJ,30.145729817926153,True,distance alone does not prove error; no individual address,inconsistency_not_proven_uncertain,retain
21721,432674,-22.877098458566863,-42.986392060739362,rio de janeiro,RJ,30.145729817926153,True,distance alone does not prove error; no individual address,inconsistency_not_proven_uncertain,retain
21721,432713,-22.877098458566863,-42.986392060739362,rio de janeiro,RJ,30.145729817926153,True,distance alone does not prove error; no individual address,inconsistency_not_proven_uncertain,retain
21721,432727,-22.877098458566863,-42.986392060739362,rio de janeiro,RJ,30.145729817926153,True,distance alone does not prove error; no individual address,inconsistency_not_proven_uncertain,retain
21721,432751,-22.877098458566863,-42.986392060739362,rio de janeiro,RJ,30.145729817926153,True,distance alone does not prove error; no individual address,inconsistency_not_proven_uncertain,retain
21721,433120,-22.877098458566863,-42.986392060739362,rio de janeiro,RJ,30.145729817926153,True,distance alone does not prove error; no individual address,inconsistency_not_proven_uncertain,retain
21721,433183,-22.877098458566863,-42.986392060739362,rio de janeiro,RJ,30.145729817926153,True,distance alone does not prove error; no individual address,inconsistency_not_proven_uncertain,retain
21721,433248,-22.877098458566863,-42.986392060739362,rio de janeiro,RJ,30.145729817926153,True,distance alone does not prove error; no individual address,inconsistency_not_proven_uncertain,retain
21721,433446,-22.877098458566863,-42.986392060739362,rio de janeiro,RJ,30.145729817926153,True,distance alone does not prove error; no individual address,inconsistency_not_proven_uncertain,retain
21721,433527,-22.877098458566863,-42.986392060739362,rio de janeiro,RJ,30.145729817926153,True,distance alone does not prove error; no individual address,inconsistency_not_proven_uncertain,retain
21721,433617,-22.877098458566863,-42.986392060739362,rio de janeiro,RJ,30.145729817926153,True,distance alone does not prove error; no individual address,inconsistency_not_proven_uncertain,retain
21721,433892,-22.877098458566863,-42.986392060739362,rio de janeiro,RJ,30.145729817926153,True,distance alone does not prove error; no individual address,inconsistency_not_proven_uncertain,retain
21725,433040,-22.977370645565291,-43.699370318195008,rio de janeiro,RJ,28.117418695888372,True,distance alone does not prove error; no individual address,inconsistency_not_proven_uncertain,retain
21725,433285,-22.915263359005444,-43.693904583724418,rio de janeiro,RJ,25.090249758102374,True,distance alone does not prove error; no individual address,inconsistency_not_proven_uncertain,retain
21820,434277,-22.788660506776424,-43.177222507550695,rio de janeiro,RJ,31.647143336925133,True,distance alone does not prove error; no individual address,inconsistency_not_proven_uncertain,retain
21825,434847,-22.964019849589377,-43.180191293919137,rio de janeiro,RJ,30.819234260434712,True,distance alone does not prove error; no individual address,inconsistency_not_proven_uncertain,retain
21843,435292,-22.765961869955859,-43.105443453303685,rio de janeiro,RJ,40.447179823625966,True,distance alone does not prove error; no individual address,inconsistency_not_proven_uncertain,retain
21852,434362,-22.912940602524589,-43.216667466357165,rio de janeiro,RJ,26.501250987716066,True,distance alone does not prove error; no individual address,inconsistency_not_proven_uncertain,retain
21852,434823,-22.962764288795171,-43.202912555090919,rio de janeiro,RJ,29.482393584683802,True,distance alone does not prove error; no individual address,inconsistency_not_proven_uncertain,retain
21852,435028,-22.891979860118859,-43.265114402446748,rio de janeiro,RJ,21.198339927523275,True,distance alone does not prove error; no individual address,inconsistency_not_proven_uncertain,retain
21853,434162,-22.90179073341541,-43.27331492826243,rio de janeiro,RJ,22.392698990077314,True,distance alone does not prove error; no individual address,inconsistency_not_proven_uncertain,retain
21853,434169,-22.980284329618243,-43.682734978537546,rio de janeiro,RJ,24.32789895778274,True,distance alone does not prove error; no individual address,inconsistency_not_proven_uncertain,retain
21853,435313,-22.980284329618243,-43.682734978537546,rio de janeiro,RJ,24.32789895778274,True,distance alone does not prove error; no individual address,inconsistency_not_proven_uncertain,retain
21866,434422,-22.900399627842997,-43.70579802274402,rio de janeiro,RJ,23.70299551749234,True,distance alone does not prove error; no individual address,inconsistency_not_proven_uncertain,retain
21866,434579,-22.882373649762773,-43.246775869707264,rio de janeiro,RJ,23.912351633168331,True,distance alone does not prove error; no individual address,inconsistency_not_proven_uncertain,retain
21866,434950,-22.898838101304179,-43.705874545934563,rio de janeiro,RJ,23.677826236663009,True,distance alone does not prove error; no individual address,inconsistency_not_proven_uncertain,retain
21866,435615,-22.933554451076169,-43.658687595682771,rio de janeiro,RJ,20.199067546090745,True,distance alone does not prove error; no individual address,inconsistency_not_proven_uncertain,retain
21920,437504,-22.928572695409684,-43.577703608931074,rio de janeiro,RJ,41.741598279941087,True,distance alone does not prove error; no individual address,inconsistency_not_proven_uncertain,retain
21931,437909,-22.907466974464771,-43.572372343470434,rio de janeiro,RJ,39.658303174023814,True,distance alone does not prove error; no individual address,inconsistency_not_proven_uncertain,retain
21932,436020,-22.890091205342863,-43.635531649030767,rio de janeiro,RJ,43.049011480610815,True,distance alone does not prove error; no individual address,inconsistency_not_proven_uncertain,retain
21932,436634,-22.849777758352509,-43.474383747003351,rio de janeiro,RJ,25.968511110661701,True,distance alone does not prove error; no individual address,inconsistency_not_proven_uncertain,retain
21941,435843,-22.940750042087064,-43.656760231423142,rio de janeiro,RJ,43.444274842926774,True,distance alone does not prove error; no individual address,inconsistency_not_proven_uncertain,retain
21941,435908,-22.95864986686502,-43.69032081883762,rio de janeiro,RJ,47.302847472739856,True,distance alone does not prove error; no individual address,inconsistency_not_proven_uncertain,retain
21941,435989,-22.916508204085449,-43.61818628719962,rio de janeiro,RJ,38.938548987384834,True,distance alone does not prove error; no individual address,inconsistency_not_proven_uncertain,retain
21941,436183,-22.958686122145355,-43.69039439573006,rio de janeiro,RJ,47.311229619220867,True,distance alone does not prove error; no individual address,inconsistency_not_proven_uncertain,retain
21941,436334,-22.871244101304171,-43.493469631975294,rio de janeiro,RJ,25.407615922960414,True,distance alone does not prove error; no individual address,inconsistency_not_proven_uncertain,retain
21941,436357,-22.898264340013881,-43.565851884882491,rio de janeiro,RJ,33.259136472804798,True,distance alone does not prove error; no individual address,inconsistency_not_proven_uncertain,retain
21941,436611,-22.871543720931999,-43.493353832239777,rio de janeiro,RJ,25.401361631910511,True,distance alone does not prove error; no individual address,inconsistency_not_proven_uncertain,retain
21941,436826,-22.958012985763371,-43.689465903371158,rio de janeiro,RJ,47.198471044652038,True,distance alone does not prove error; no individual address,inconsistency_not_proven_uncertain,retain
21941,436840,-22.997503453626599,-43.338898538284553,rio de janeiro,RJ,20.402404579572046,True,distance alone does not prove error; no individual address,inconsistency_not_proven_uncertain,retain
21941,436858,-22.921040843840309,-43.534916012237794,rio de janeiro,RJ,30.868911698042982,True,distance alone does not prove error; no individual address,inconsistency_not_proven_uncertain,retain
21941,436959,-22.958789087229889,-43.690727504047111,rio de janeiro,RJ,47.347192327646681,True,distance alone does not prove error; no individual address,inconsistency_not_proven_uncertain,retain
21941,436975,-22.882925036320952,-43.547862131123622,rio de janeiro,RJ,31.119391522606481,True,distance alone does not prove error; no individual address,inconsistency_not_proven_uncertain,retain
21941,437117,-22.902762258670457,-43.594309408419363,rio de janeiro,RJ,36.213787966375449,True,distance alone does not prove error; no individual address,inconsistency_not_proven_uncertain,retain
21941,437320,-22.975698150585668,-43.689178758438679,rio de janeiro,RJ,47.780229250789596,True,distance alone does not prove error; no individual address,inconsistency_not_proven_uncertain,retain
21941,437680,-22.871207804834743,-43.493389228357465,rio de janeiro,RJ,25.398831024038358,True,distance alone does not prove error; no individual address,inconsistency_not_proven_uncertain,retain
21941,437812,-22.921082012237783,-43.533582156159689,rio de janeiro,RJ,30.740648103729033,True,distance alone does not prove error; no individual address,inconsistency_not_proven_uncertain,retain
21941,437997,-22.95864986686502,-43.69032081883762,rio de janeiro,RJ,47.302847472739856,True,distance alone does not prove error; no individual address,inconsistency_not_proven_uncertain,retain
21941,438021,-22.885442319338207,-43.565006254169468,rio de janeiro,RJ,32.897607140581485,True,distance alone does not prove error; no individual address,inconsistency_not_proven_uncertain,retain
22071,440166,-23.030654709417679,-43.473297142939565,rio de janeiro,RJ,29.072813022160727,True,distance alone does not prove error; no individual address,inconsistency_not_proven_uncertain,retain
22260,443373,-22.873321089647405,-43.481112182064791,rio de janeiro,RJ,30.966714937603037,True,distance alone does not prove error; no individual address,inconsistency_not_proven_uncertain,retain
22441,448454,-22.900690466027541,-43.594107996739403,rio de janeiro,RJ,38.923765759622746,True,distance alone does not prove error; no individual address,inconsistency_not_proven_uncertain,retain
22451,446977,-22.900905471071439,-43.702603780125607,rio de janeiro,RJ,48.377662562711436,True,distance alone does not prove error; no individual address,inconsistency_not_proven_uncertain,retain
22451,448257,-22.911208946864718,-43.535902511922131,rio de janeiro,RJ,31.433408321373921,True,distance alone does not prove error; no individual address,inconsistency_not_proven_uncertain,retain
22451,448749,-22.806915920398289,-43.353160774532967,rio de janeiro,RJ,22.438307054445314,True,distance alone does not prove error; no individual address,inconsistency_not_proven_uncertain,retain
22451,449573,-22.903676821541897,-43.697007299324888,rio de janeiro,RJ,47.758793937451003,True,distance alone does not prove error; no individual address,inconsistency_not_proven_uncertain,retain
22461,448861,-23.008004313136496,-43.547037443312661,rio de janeiro,RJ,34.520931664790091,True,distance alone does not prove error; no individual address,inconsistency_not_proven_uncertain,retain
22611,453886,-22.890757977480813,-43.569747657493096,rio de janeiro,RJ,30.674441107807045,True,distance alone does not prove error; no individual address,inconsistency_not_proven_uncertain,retain
22640,451309,-22.971690067226039,-43.591131896804363,rio de janeiro,RJ,26.363805744430412,True,distance alone does not prove error; no individual address,inconsistency_not_proven_uncertain,retain
22640,453199,-22.971690067226039,-43.591131896804363,rio de janeiro,RJ,26.363805744430412,True,distance alone does not prove error; no individual address,inconsistency_not_proven_uncertain,retain
22640,453888,-22.971690067226039,-43.591131896804363,rio de janeiro,RJ,26.363805744430412,True,distance alone does not prove error; no individual address,inconsistency_not_proven_uncertain,retain
22641,451458,-22.907825999999996,-43.618733999999989,rio de janeiro,RJ,32.639366084065678,True,distance alone does not prove error; no individual address,inconsistency_not_proven_uncertain,retain
22641,453831,-22.893216023795858,-43.634191078969373,rio de janeiro,RJ,34.618619319376698,True,distance alone does not prove error; no individual address,inconsistency_not_proven_uncertain,retain
22711,457790,-22.96500915711356,-43.173751025286073,rio de janeiro,RJ,22.955496710267013,True,distance alone does not prove error; no individual address,inconsistency_not_proven_uncertain,retain
22711,458210,-22.9054977038491,-43.606798344711201,rio de janeiro,RJ,22.132413708782703,True,distance alone does not prove error; no individual address,inconsistency_not_proven_uncertain,retain
22713,456083,-22.907918710052243,-43.653967565568443,rio de janeiro,RJ,26.527326731019759,True,distance alone does not prove error; no individual address,inconsistency_not_proven_uncertain,retain
22713,458473,-22.907918710052243,-43.653967565568443,rio de janeiro,RJ,26.527326731019759,True,distance alone does not prove error; no individual address,inconsistency_not_proven_uncertain,retain
22713,458934,-22.907918710052243,-43.653967565568443,rio de janeiro,RJ,26.527326731019759,True,distance alone does not prove error; no individual address,inconsistency_not_proven_uncertain,retain
22743,456430,-22.890617497085813,-43.634402130994339,rio de janeiro,RJ,29.820202189717371,True,distance alone does not prove error; no individual address,inconsistency_not_proven_uncertain,retain
22743,458408,-22.955060441571955,-43.581759500836732,rio de janeiro,RJ,24.254828352257679,True,distance alone does not prove error; no individual address,inconsistency_not_proven_uncertain,retain
22753,456087,-22.923537810981649,-43.67306540285076,rio de janeiro,RJ,35.373194929503001,True,distance alone does not prove error; no individual address,inconsistency_not_proven_uncertain,retain
22753,456295,-22.890822506520863,-43.61660582445608,rio de janeiro,RJ,30.45195000854207,True,distance alone does not prove error; no individual address,inconsistency_not_proven_uncertain,retain
22763,454268,-22.973175694048962,-43.692344863385131,rio de janeiro,RJ,31.356073733876237,True,distance alone does not prove error; no individual address,inconsistency_not_proven_uncertain,retain
22763,454272,-22.973175694048962,-43.692344863385131,rio de janeiro,RJ,31.356073733876237,True,distance alone does not prove error; no individual address,inconsistency_not_proven_uncertain,retain
22763,455210,-22.973156875165664,-43.69253223192986,rio de janeiro,RJ,31.375015329596081,True,distance alone does not prove error; no individual address,inconsistency_not_proven_uncertain,retain
22763,455668,-22.973156875165664,-43.69253223192986,rio de janeiro,RJ,31.375015329596081,True,distance alone does not prove error; no individual address,inconsistency_not_proven_uncertain,retain
22763,456247,-22.973175694048962,-43.692344863385131,rio de janeiro,RJ,31.356073733876237,True,distance alone does not prove error; no individual address,inconsistency_not_proven_uncertain,retain
22763,456467,-22.973227169180003,-43.692463599287642,rio de janeiro,RJ,31.368663913176626,True,distance alone does not prove error; no individual address,inconsistency_not_proven_uncertain,retain
22763,456770,-22.973175694048962,-43.692344863385131,rio de janeiro,RJ,31.356073733876237,True,distance alone does not prove error; no individual address,inconsistency_not_proven_uncertain,retain
22763,457629,-22.973227169180003,-43.692463599287642,rio de janeiro,RJ,31.368663913176626,True,distance alone does not prove error; no individual address,inconsistency_not_proven_uncertain,retain
22763,457833,-22.973227169180003,-43.692463599287642,rio de janeiro,RJ,31.368663913176626,True,distance alone does not prove error; no individual address,inconsistency_not_proven_uncertain,retain
22763,458231,-22.973175694048962,-43.692344863385131,rio de janeiro,RJ,31.356073733876237,True,distance alone does not prove error; no individual address,inconsistency_not_proven_uncertain,retain
22765,454771,-22.884842271560803,-43.592059248502864,rio de janeiro,RJ,25.455359883873136,True,distance alone does not prove error; no individual address,inconsistency_not_proven_uncertain,retain
22765,456033,-22.884856591037622,-43.592176536419892,rio de janeiro,RJ,25.466318935667637,True,distance alone does not prove error; no individual address,inconsistency_not_proven_uncertain,retain
22765,459130,-22.90371209448735,-43.606217805099988,rio de janeiro,RJ,26.310589822639376,True,distance alone does not prove error; no individual address,inconsistency_not_proven_uncertain,retain
22780,458414,-22.851645034091757,-43.246817539773723,rio de janeiro,RJ,20.070356781147211,True,distance alone does not prove error; no individual address,inconsistency_not_proven_uncertain,retain
22790,454221,-22.91150971134936,-43.266899826596642,rio de janeiro,RJ,23.256303168186346,True,distance alone does not prove error; no individual address,inconsistency_not_proven_uncertain,retain
22790,455956,-22.907416619356624,-43.305562073715322,rio de janeiro,RJ,20.149905030821468,True,distance alone does not prove error; no individual address,inconsistency_not_proven_uncertain,retain
22790,458170,-22.91150971134936,-43.266899826596642,rio de janeiro,RJ,23.256303168186346,True,distance alone does not prove error; no individual address,inconsistency_not_proven_uncertain,retain
22790,458310,-22.90423542277787,-43.173587906362229,rio de janeiro,RJ,32.24347587472456,True,distance alone does not prove error; no individual address,inconsistency_not_proven_uncertain,retain
22793,454825,-22.984248622775471,-43.687389940104872,rio de janeiro,RJ,28.991848900253373,True,distance alone does not prove error; no individual address,inconsistency_not_proven_uncertain,retain
22793,456384,-22.984248622775471,-43.687389940104872,rio de janeiro,RJ,28.991848900253373,True,distance alone does not prove error; no individual address,inconsistency_not_proven_uncertain,retain
22793,456987,-22.984248622775471,-43.687389940104872,rio de janeiro,RJ,28.991848900253373,True,distance alone does not prove error; no individual address,inconsistency_not_proven_uncertain,retain
23020,459308,-22.857130488714649,-43.366203383735765,rio de janeiro,RJ,24.826067672839844,True,distance alone does not prove error; no individual address,inconsistency_not_proven_uncertain,retain
23020,460248,-22.840196233923923,-43.355033915202213,rio de janeiro,RJ,26.938984710596852,True,distance alone does not prove error; no individual address,inconsistency_not_proven_uncertain,retain
23020,461914,-22.840000020803359,-43.35450938565409,rio de janeiro,RJ,26.993220786613094,True,distance alone does not prove error; no individual address,inconsistency_not_proven_uncertain,retain
23020,463208,-22.848954603887456,-43.3705719476132,rio de janeiro,RJ,25.112359686089427,True,distance alone does not prove error; no individual address,inconsistency_not_proven_uncertain,retain
23020,463619,-22.91604394133125,-43.347108237135082,rio de janeiro,RJ,22.808506800573809,True,distance alone does not prove error; no individual address,inconsistency_not_proven_uncertain,retain
23020,464054,-22.848954603887456,-43.3705719476132,rio de janeiro,RJ,25.112359686089427,True,distance alone does not prove error; no individual address,inconsistency_not_proven_uncertain,retain
23025,461179,-22.920658753534564,-43.1862878562237,rio de janeiro,RJ,44.627587128088635,True,distance alone does not prove error; no individual address,inconsistency_not_proven_uncertain,retain
23026,462319,-22.814040331733043,-43.377365379809298,rio de janeiro,RJ,32.527839322477426,True,distance alone does not prove error; no individual address,inconsistency_not_proven_uncertain,retain
23035,462664,-22.91963950410813,-43.226734804911409,rio de janeiro,RJ,37.770136991930194,True,distance alone does not prove error; no individual address,inconsistency_not_proven_uncertain,retain
23036,459654,-22.797601679987316,-43.176018750764598,rio de janeiro,RJ,44.102765311905543,True,distance alone does not prove error; no individual address,inconsistency_not_proven_uncertain,retain
23042,460482,-22.895284413423528,-43.301117456155502,rio de janeiro,RJ,26.202761237004989,True,distance alone does not prove error; no individual address,inconsistency_not_proven_uncertain,retain
23057,460015,-22.787545510280964,-43.228175689256041,rio de janeiro,RJ,33.98242583720549,True,distance alone does not prove error; no individual address,inconsistency_not_proven_uncertain,retain
23057,460110,-22.785846646361112,-43.225304616914869,rio de janeiro,RJ,34.32923214212331,True,distance alone does not prove error; no individual address,inconsistency_not_proven_uncertain,retain
23057,462220,-22.784274977523516,-43.227154055047045,rio de janeiro,RJ,34.233364433528088,True,distance alone does not prove error; no individual address,inconsistency_not_proven_uncertain,retain
23057,463688,-22.867014352761277,-43.234353555369609,rio de janeiro,RJ,30.632989300908751,True,distance alone does not prove error; no individual address,inconsistency_not_proven_uncertain,retain
23057,463999,-22.882292208621664,-43.246942699130287,rio de janeiro,RJ,29.087483909255294,True,distance alone does not prove error; no individual address,inconsistency_not_proven_uncertain,retain
23057,464044,-22.883191679987309,-43.24338825076461,rio de janeiro,RJ,29.43505572311464,True,distance alone does not prove error; no individual address,inconsistency_not_proven_uncertain,retain
23058,459991,-22.913262,-43.167325500000011,rio de janeiro,RJ,43.370859608654378,True,distance alone does not prove error; no individual address,inconsistency_not_proven_uncertain,retain
23058,460229,-22.892623983351573,-43.346897796410687,rio de janeiro,RJ,25.101792836752853,True,distance alone does not prove error; no individual address,inconsistency_not_proven_uncertain,retain
23058,461083,-22.948032247112405,-43.334296874845187,rio de janeiro,RJ,26.524706281529074,True,distance alone does not prove error; no individual address,inconsistency_not_proven_uncertain,retain
23058,462742,-22.871236499999998,-43.209161999999992,rio de janeiro,RJ,39.390471708752671,True,distance alone does not prove error; no individual address,inconsistency_not_proven_uncertain,retain
23058,463789,-22.934479433505743,-43.333623501959188,rio de janeiro,RJ,26.426992807780703,True,distance alone does not prove error; no individual address,inconsistency_not_proven_uncertain,retain
23059,460772,-22.846450913959263,-43.246369607421002,rio de janeiro,RJ,36.023195816821755,True,distance alone does not prove error; no individual address,inconsistency_not_proven_uncertain,retain
23059,461766,-22.891565352325649,-43.309415586848232,rio de janeiro,RJ,28.88548585515208,True,distance alone does not prove error; no individual address,inconsistency_not_proven_uncertain,retain
23060,460158,-22.808464761308159,-43.354776591793794,rio de janeiro,RJ,26.844944065061561,True,distance alone does not prove error; no individual address,inconsistency_not_proven_uncertain,retain
23060,460634,-22.8085730917938,-43.35483273869184,rio de janeiro,RJ,26.835203388403233,True,distance alone does not prove error; no individual address,inconsistency_not_proven_uncertain,retain
23060,461604,-22.808464761308159,-43.354776591793794,rio de janeiro,RJ,26.844944065061561,True,distance alone does not prove error; no individual address,inconsistency_not_proven_uncertain,retain
23060,461622,-22.808464761308159,-43.354776591793794,rio de janeiro,RJ,26.844944065061561,True,distance alone does not prove error; no individual address,inconsistency_not_proven_uncertain,retain
23060,462496,-22.8085730917938,-43.35483273869184,rio de janeiro,RJ,26.835203388403233,True,distance alone does not prove error; no individual address,inconsistency_not_proven_uncertain,retain
23061,462612,-22.811802383245507,-43.379572858319669,rio de janeiro,RJ,25.763417396378202,True,distance alone does not prove error; no individual address,inconsistency_not_proven_uncertain,retain
23061,463213,-22.949449196033704,-43.369209261959071,rio de janeiro,RJ,24.885917939841246,True,distance alone does not prove error; no individual address,inconsistency_not_proven_uncertain,retain
23064,462301,-22.827506972791333,-43.283854953517178,rio de janeiro,RJ,31.875553126758863,True,distance alone does not prove error; no individual address,inconsistency_not_proven_uncertain,retain
23065,462328,-22.905933559218219,-43.42129173133025,rio de janeiro,RJ,21.031795991800081,True,distance alone does not prove error; no individual address,inconsistency_not_proven_uncertain,retain
23065,464077,-22.918859209683397,-43.21821845448639,rio de janeiro,RJ,41.866664190953564,True,distance alone does not prove error; no individual address,inconsistency_not_proven_uncertain,retain
23073,461065,-22.910689078827364,-43.189454535662783,rio de janeiro,RJ,40.008553094038881,True,distance alone does not prove error; no individual address,inconsistency_not_proven_uncertain,retain
23073,463535,-22.910689078827364,-43.189454535662783,rio de janeiro,RJ,40.008553094038881,True,distance alone does not prove error; no individual address,inconsistency_not_proven_uncertain,retain
23075,461389,-22.810831201973961,-43.329754260298543,rio de janeiro,RJ,26.476828453779845,True,distance alone does not prove error; no individual address,inconsistency_not_proven_uncertain,retain
23510,466250,-22.906193134553359,-43.232637275628569,rio de janeiro,RJ,44.972592450306074,True,distance alone does not prove error; no individual address,inconsistency_not_proven_uncertain,retain
23520,464918,-22.991588068267127,-43.434336082405402,rio de janeiro,RJ,24.04779088385088,True,distance alone does not prove error; no individual address,inconsistency_not_proven_uncertain,retain
23520,465378,-22.99115913765943,-43.434527071873816,rio de janeiro,RJ,24.016755574674558,True,distance alone does not prove error; no individual address,inconsistency_not_proven_uncertain,retain
23520,465614,-22.882325422496937,-43.243345994735563,rio de janeiro,RJ,43.236646080811063,True,distance alone does not prove error; no individual address,inconsistency_not_proven_uncertain,retain
23520,465787,-22.82653976261399,-43.380987560935353,rio de janeiro,RJ,31.210054700983058,True,distance alone does not prove error; no individual address,inconsistency_not_proven_uncertain,retain
23520,465996,-22.99115913765943,-43.434527071873816,rio de janeiro,RJ,24.016755574674558,True,distance alone does not prove error; no individual address,inconsistency_not_proven_uncertain,retain
23520,466279,-22.881054009129901,-43.414046425660281,rio de janeiro,RJ,26.067993613081047,True,distance alone does not prove error; no individual address,inconsistency_not_proven_uncertain,retain
23525,466302,-22.847988276702868,-43.469234497910229,rio de janeiro,RJ,23.854828050430786,True,distance alone does not prove error; no individual address,inconsistency_not_proven_uncertain,retain
23530,464211,-22.901104410397458,-43.282613485627962,rio de janeiro,RJ,41.597460081642296,True,distance alone does not prove error; no individual address,inconsistency_not_proven_uncertain,retain
23530,464468,-22.86874887221537,-43.471342055839656,rio de janeiro,RJ,24.452554494844883,True,distance alone does not prove error; no individual address,inconsistency_not_proven_uncertain,retain
23535,466369,-22.893542836814799,-43.286385487011408,rio de janeiro,RJ,42.422683922680157,True,distance alone does not prove error; no individual address,inconsistency_not_proven_uncertain,retain
23545,464280,-22.945814992165101,-43.37106806507029,rio de janeiro,RJ,33.788998249341297,True,distance alone does not prove error; no individual address,inconsistency_not_proven_uncertain,retain
23547,465497,-22.809556198782605,-43.22403226110081,rio de janeiro,RJ,43.101467395980812,True,distance alone does not prove error; no individual address,inconsistency_not_proven_uncertain,retain
23547,466029,-22.814514999999972,-43.208239661999983,rio de janeiro,RJ,44.472384756311115,True,distance alone does not prove error; no individual address,inconsistency_not_proven_uncertain,retain
23550,464680,-22.876079311962599,-43.440153045242049,rio de janeiro,RJ,26.249188594631928,True,distance alone does not prove error; no individual address,inconsistency_not_proven_uncertain,retain
23555,464183,-22.890384783355859,-43.371465012262242,rio de janeiro,RJ,33.080947945199092,True,distance alone does not prove error; no individual address,inconsistency_not_proven_uncertain,retain
23560,464984,-22.92555912990921,-43.249388673578572,rio de janeiro,RJ,46.176341032643464,True,distance alone does not prove error; no individual address,inconsistency_not_proven_uncertain,retain
23565,466084,-22.807111683790414,-43.353487324116585,rio de janeiro,RJ,36.58006105920667,True,distance alone does not prove error; no individual address,inconsistency_not_proven_uncertain,retain
23570,465202,-22.863162121514502,-43.43979342407799,rio de janeiro,RJ,24.24668021650082,True,distance alone does not prove error; no individual address,inconsistency_not_proven_uncertain,retain
23570,465459,-22.861268842651967,-43.449336346869842,rio de janeiro,RJ,23.33958865900011,True,distance alone does not prove error; no individual address,inconsistency_not_proven_uncertain,retain
23570,465714,-22.861268842651967,-43.449336346869842,rio de janeiro,RJ,23.33958865900011,True,distance alone does not prove error; no individual address,inconsistency_not_proven_uncertain,retain
23570,466347,-22.861268842651967,-43.449336346869842,rio de janeiro,RJ,23.33958865900011,True,distance alone does not prove error; no individual address,inconsistency_not_proven_uncertain,retain
23575,464260,-22.925450577298161,-43.20860144269713,rio de janeiro,RJ,47.208826158033233,True,distance alone does not prove error; no individual address,inconsistency_not_proven_uncertain,retain
23580,464849,-22.823600751095022,-43.29896556525874,rio de janeiro,RJ,34.560922339419953,True,distance alone does not prove error; no individual address,inconsistency_not_proven_uncertain,retain
23580,464937,-22.822366274222361,-43.297433528997672,rio de janeiro,RJ,34.750444213914896,True,distance alone does not prove error; no individual address,inconsistency_not_proven_uncertain,retain
23580,465901,-22.823600751095022,-43.29896556525874,rio de janeiro,RJ,34.560922339419953,True,distance alone does not prove error; no individual address,inconsistency_not_proven_uncertain,retain
23580,466079,-22.844424006103257,-43.33241097420531,rio de janeiro,RJ,30.644488233994352,True,distance alone does not prove error; no individual address,inconsistency_not_proven_uncertain,retain
23595,464255,-22.811965105454387,-43.226184752164968,rio de janeiro,RJ,43.228957696368219,True,distance alone does not prove error; no individual address,inconsistency_not_proven_uncertain,retain
23595,464429,-22.882595290870778,-43.243904781435731,rio de janeiro,RJ,39.781499898418787,True,distance alone does not prove error; no individual address,inconsistency_not_proven_uncertain,retain
23595,465034,-22.821565499999998,-43.287603750000002,rio de janeiro,RJ,36.909827813966452,True,distance alone does not prove error; no individual address,inconsistency_not_proven_uncertain,retain
23595,465073,-22.874374617768961,-43.325345305750282,rio de janeiro,RJ,31.676060048176179,True,distance alone does not prove error; no individual address,inconsistency_not_proven_uncertain,retain
23595,465251,-22.821565499999998,-43.287603750000002,rio de janeiro,RJ,36.909827813966452,True,distance alone does not prove error; no individual address,inconsistency_not_proven_uncertain,retain
23595,465974,-22.821565499999998,-43.287603750000002,rio de janeiro,RJ,36.909827813966452,True,distance alone does not prove error; no individual address,inconsistency_not_proven_uncertain,retain
24900,481522,-22.862771748542897,-43.491957904524213,rio de janeiro,RJ,67.105088650488071,True,distance alone does not prove error; no individual address,inconsistency_not_proven_uncertain,retain
25015,482034,-22.626132997753032,-43.209024173061024,duque de caxias,RJ,20.380341685642058,True,distance alone does not prove error; no individual address,inconsistency_not_proven_uncertain,retain
25015,483285,-22.626299936863798,-43.214949503006494,duque de caxias,RJ,20.04187205107365,True,distance alone does not prove error; no individual address,inconsistency_not_proven_uncertain,retain
25015,483628,-22.624727438984166,-43.211147338652431,duque de caxias,RJ,20.395593217847654,True,distance alone does not prove error; no individual address,inconsistency_not_proven_uncertain,retain
25015,483662,-22.626219996993509,-43.215037436863817,duque de caxias,RJ,20.044775211906337,True,distance alone does not prove error; no individual address,inconsistency_not_proven_uncertain,retain
25270,483865,-22.807079664723872,-43.282342225921866,duque de caxias,RJ,20.833280365891554,True,distance alone does not prove error; no individual address,inconsistency_not_proven_uncertain,retain
25270,484096,-22.807016664723875,-43.282342225921866,duque de caxias,RJ,20.826430613185916,True,distance alone does not prove error; no individual address,inconsistency_not_proven_uncertain,retain
25750,488926,-22.511518356953381,-43.209714197710909,petrópolis,RJ,20.948428687952646,True,distance alone does not prove error; no individual address,inconsistency_not_proven_uncertain,retain
25750,489083,-22.530712556712192,-43.20516513856429,petrópolis,RJ,22.75856633614881,True,distance alone does not prove error; no individual address,inconsistency_not_proven_uncertain,retain
25770,489130,-22.515412000817904,-43.190118078109471,petropolis,RJ,29.784263333299926,True,distance alone does not prove error; no individual address,inconsistency_not_proven_uncertain,retain
26010,493112,-22.847361312452453,-43.612226577506611,nova iguacu,RJ,21.438136104225826,True,distance alone does not prove error; no individual address,inconsistency_not_proven_uncertain,retain
26022,492563,-22.837113472699961,-43.624104352218467,nova iguacu,RJ,20.413594966723871,True,distance alone does not prove error; no individual address,inconsistency_not_proven_uncertain,retain
26022,493449,-22.837113472699961,-43.624104352218467,nova iguacu,RJ,20.413594966723871,True,distance alone does not prove error; no individual address,inconsistency_not_proven_uncertain,retain
26022,493469,-22.837113472699961,-43.624104352218467,nova iguacu,RJ,20.413594966723871,True,distance alone does not prove error; no individual address,inconsistency_not_proven_uncertain,retain
26022,494100,-22.837113472699961,-43.624104352218467,nova iguacu,RJ,20.413594966723871,True,distance alone does not prove error; no individual address,inconsistency_not_proven_uncertain,retain
26022,494194,-22.837113472699961,-43.624104352218467,nova iguacu,RJ,20.413594966723871,True,distance alone does not prove error; no individual address,inconsistency_not_proven_uncertain,retain
26022,494526,-22.837113472699961,-43.624104352218467,nova iguacu,RJ,20.413594966723871,True,distance alone does not prove error; no individual address,inconsistency_not_proven_uncertain,retain
26022,494556,-22.837113472699961,-43.624104352218467,nova iguacu,RJ,20.413594966723871,True,distance alone does not prove error; no individual address,inconsistency_not_proven_uncertain,retain
26041,493743,-22.855891377535617,-43.608141205442848,nova iguacu,RJ,21.847263853824195,True,distance alone does not prove error; no individual address,inconsistency_not_proven_uncertain,retain
26050,494428,-22.816304871795364,-43.618244216484442,nova iguacu,RJ,20.685832188070922,True,distance alone does not prove error; no individual address,inconsistency_not_proven_uncertain,retain
26060,492684,-22.832215689623759,-43.610272587911368,nova iguacu,RJ,22.063828533270929,True,distance alone does not prove error; no individual address,inconsistency_not_proven_uncertain,retain
26297,496460,-22.637506499999997,-43.416393749999997,nova iguacu,RJ,26.349088502388124,True,distance alone does not prove error; no individual address,inconsistency_not_proven_uncertain,retain
26520,501019,-22.888132376074797,-43.643659683045733,rio de janeiro,RJ,23.53991827185579,True,distance alone does not prove error; no individual address,inconsistency_not_proven_uncertain,retain
28695,517333,-22.88414465069204,-42.801237345608172,papucaia,RJ,31.797476058051458,True,distance alone does not prove error; no individual address,inconsistency_not_proven_uncertain,retain
