order_id,customer_id,customer_unique_id,CEP,city_norm,municipio_original,municipio_inferido,lat,lng,n_all,n_inside,share_inside,strict_majority,geographic_tie,criterion,decision,municipality_for_sensitivity,municipality_origin
210e60465099814a1d2c7635e4065153,fc849c5fbc7e2b0c7cfebc138886c693,5bbc03d010ac4dbcfdfa2018349c8f6e,28148,tocos,tocos,rio de janeiro,-22.821552880373964,-43.27230431903174,2,1,0.5,False,True,record_share_inside == .5,exploratory_only_not_recovered,rio de janeiro,inferencia_prefixo_omisso
19c8b1118ececa4c6ae36077944717d6,1af33836f8f47b2949a85f6f83e8faff,1d1a1687cee3f1cc27542a425c2125e7,28148,tocos,tocos,rio de janeiro,-22.821552880373964,-43.27230431903174,2,1,0.5,False,True,record_share_inside == .5,exploratory_only_not_recovered,rio de janeiro,inferencia_prefixo_omisso
d12ab5d1454294ce820fd1ccc56d760e,0dd2a674a2b63f9fc54ca6cd83532728,675a8d2a984ea6f86cc5c2d1a45211b0,28175,travessao,travessao,rio de janeiro,-22.90512801165676,-43.59306156786311,4,2,0.5,False,True,record_share_inside == .5,exploratory_only_not_recovered,rio de janeiro,inferencia_prefixo_omisso
79f04f286db371d16fa7bb23b3ca8b5f,46a12f26b4e591ecaf6b86f5f5e2fdbf,53b04b58196d2bbac540a4faa5038406,28175,travessao,travessao,rio de janeiro,-22.90512801165676,-43.59306156786311,4,2,0.5,False,True,record_share_inside == .5,exploratory_only_not_recovered,rio de janeiro,inferencia_prefixo_omisso
55acfaef63e1cd8c8f71ab8e79b84ee0,d49c6823ea64985a6cb50d57d846cb5d,83e811b31fe3effd03a4ef8fe588469d,28175,travessao,travessao,rio de janeiro,-22.90512801165676,-43.59306156786311,4,2,0.5,False,True,record_share_inside == .5,exploratory_only_not_recovered,rio de janeiro,inferencia_prefixo_omisso
2ce78bb2c1b4f43ed4cbdb05d6c87907,638f52c07d956bf960e34befb98a0657,4cbb476250963d1e4f10b0a7b43f5c1a,28175,travessao,travessao,rio de janeiro,-22.90512801165676,-43.59306156786311,4,2,0.5,False,True,record_share_inside == .5,exploratory_only_not_recovered,rio de janeiro,inferencia_prefixo_omisso
41d1a34204ce66a59daa5590f05cc4fa,881554102719236e5c195d199d6d868a,0f38a44168ec569a3f783ebf98d79095,28685,japuiba,japuiba,cachoeiras de macacu,-22.562825250146346,-42.694574068113525,27,27,1,True,False,record_share_inside > .5,exploratory_only_not_recovered,cachoeiras de macacu,inferencia_prefixo_omisso
01f11912a2c502cc940f607b1f6b2ab0,3b01c1a86716aef93f40e4136bc1866e,9b8ce55666bd674d92cf355e39c88d35,28685,japuiba,japuiba,cachoeiras de macacu,-22.562825250146346,-42.694574068113525,27,27,1,True,False,record_share_inside > .5,exploratory_only_not_recovered,cachoeiras de macacu,inferencia_prefixo_omisso
32f0db75abd9599736ef815f021c684f,0c322573ba503cd7e758af29de300dc3,f058a2cc5e2d85f398f29928af6436d9,28685,japuiba,japuiba,cachoeiras de macacu,-22.562825250146346,-42.694574068113525,27,27,1,True,False,record_share_inside > .5,exploratory_only_not_recovered,cachoeiras de macacu,inferencia_prefixo_omisso
46422e1ce124f2bc35a6d0a4b1bf0130,226a68b0a8e545a4affb75acfcd59fc3,0f38a44168ec569a3f783ebf98d79095,28685,japuiba,japuiba,cachoeiras de macacu,-22.562825250146346,-42.694574068113525,27,27,1,True,False,record_share_inside > .5,exploratory_only_not_recovered,cachoeiras de macacu,inferencia_prefixo_omisso
11c177c8e97725db2631073c19f07b62,b331b74b18dc79bcdf6532d51e1637c1,5097a5312c8b157bb7be58ae360ef43c,28685,japuiba,japuiba,cachoeiras de macacu,-22.562825250146346,-42.694574068113525,27,27,1,True,False,record_share_inside > .5,exploratory_only_not_recovered,cachoeiras de macacu,inferencia_prefixo_omisso
d8cac70bba1a4ab6937ceaf9c2679c20,7aa3343466ae7796dc4e7db6a7e3e726,16cb37f0bf15408aa65d713ce4385ba2,28695,papucaia,papucaia,cachoeiras de macacu,-22.603679160438634,-42.740739684326293,61,60,0.98360655737704916,True,False,record_share_inside > .5,exploratory_only_not_recovered,cachoeiras de macacu,inferencia_prefixo_omisso
c7792e68d2b059a30e1393cf164f9adf,d26ca867b1550906d9277386f53216aa,10748979aef0138c15ba47e04fa1b969,28695,papucaia,papucaia,cachoeiras de macacu,-22.603679160438634,-42.740739684326293,61,60,0.98360655737704916,True,False,record_share_inside > .5,exploratory_only_not_recovered,cachoeiras de macacu,inferencia_prefixo_omisso
d4c46523b1239f182b74fb0ea1c27f32,4f55f44c9af248a6ca6eaf50db58f480,7b5744db6099b40b195be40e7f4690b8,28695,papucaia,papucaia,cachoeiras de macacu,-22.603679160438634,-42.740739684326293,61,60,0.98360655737704916,True,False,record_share_inside > .5,exploratory_only_not_recovered,cachoeiras de macacu,inferencia_prefixo_omisso
e916d25bf69bed22eaf192830220fee3,0721e1c4b91bc6ded6579edace8659d3,575523447cb7272877b2840e4a4efb59,28695,papucaia,papucaia,cachoeiras de macacu,-22.603679160438634,-42.740739684326293,61,60,0.98360655737704916,True,False,record_share_inside > .5,exploratory_only_not_recovered,cachoeiras de macacu,inferencia_prefixo_omisso
79ecc3e68b2d54e056223964de8bca98,568d5759e341018b8a9fb7d0aa2d4c25,7011c18021a7ba540f53349a324677ed,28695,papucaia,papucaia,cachoeiras de macacu,-22.603679160438634,-42.740739684326293,61,60,0.98360655737704916,True,False,record_share_inside > .5,exploratory_only_not_recovered,cachoeiras de macacu,inferencia_prefixo_omisso
2ee25e0dd8185c614dcad9949f0ad0f4,2f024788fbb16d959cdc8aadf44f66be,0e033fcf61eb1e3bd317cd9acc173839,28695,papucaia,papucaia,cachoeiras de macacu,-22.603679160438634,-42.740739684326293,61,60,0.98360655737704916,True,False,record_share_inside > .5,exploratory_only_not_recovered,cachoeiras de macacu,inferencia_prefixo_omisso
434e8530a696521ae619af1a0072bf40,5ef0a2ed80e4536888c1339032ed3965,9fc414650d4d7c80085dee2d70be3dfd,28695,papucaia,papucaia,cachoeiras de macacu,-22.603679160438634,-42.740739684326293,61,60,0.98360655737704916,True,False,record_share_inside > .5,exploratory_only_not_recovered,cachoeiras de macacu,inferencia_prefixo_omisso
04bd525b12a75a2a6fafd26414588301,cfd6d3b7873694cf0b8b35a3fd00d504,6a800c203f302b10693e7b18f4d92358,28695,papucaia,papucaia,cachoeiras de macacu,-22.603679160438634,-42.740739684326293,61,60,0.98360655737704916,True,False,record_share_inside > .5,exploratory_only_not_recovered,cachoeiras de macacu,inferencia_prefixo_omisso
addd750cdd1e291d03ffa31e89eec86e,566b3728a85d64d9446ccc95dec63ad8,caa9b67231953f5fa8f8550fa8d70bb5,28695,papucaia,papucaia,cachoeiras de macacu,-22.603679160438634,-42.740739684326293,61,60,0.98360655737704916,True,False,record_share_inside > .5,exploratory_only_not_recovered,cachoeiras de macacu,inferencia_prefixo_omisso
c4cce729f23dd590b26da3aca2d8c598,26ad3d64c162fbf936fdc2531e0d5e80,7162d00a8429bef4c261cb4f835b52b6,28695,papucaia,papucaia,cachoeiras de macacu,-22.603679160438634,-42.740739684326293,61,60,0.98360655737704916,True,False,record_share_inside > .5,exploratory_only_not_recovered,cachoeiras de macacu,inferencia_prefixo_omisso
d49132be94be94057aadb0fdd665943b,2f602347f836fb37d192a2bc4798a471,0cfb94f148a3f7b02123e6f64e6674f6,28810,boa esperanca,boa esperanca,rio bonito,-22.751923494229857,-42.533556792599491,6,6,1,True,False,record_share_inside > .5,exploratory_only_not_recovered,rio bonito,inferencia_prefixo_omisso
