radius_km,K,n_seeds,feasible_seeds,feasible_fraction,coverage_min_pct,coverage_max_pct,p95_min_km,p95_max_km,p99_min_km,p99_max_km,max_min_km,max_max_km,first_simultaneous_K_within_window
3,77,30,4,0.13333333333333333,93.457847487359402,95.366835207924879,2.9329825018177789,3.2014144263726254,4.082396785684189,4.7920657445379033,12.526406961586767,15.264598378487985,86
3,78,30,4,0.13333333333333333,93.210195026313073,95.717676194407176,2.9329825018177789,3.1606938226588408,3.8459085147800738,4.7052736705181317,12.5882156677179,15.264598378487985,86
3,79,30,7,0.23333333333333334,93.622949128056959,96.109792591063879,2.9266226330370477,3.1284287093449321,3.9115222056522319,4.7237941976452733,12.613476937004437,15.264598378487985,86
3,80,30,14,0.46666666666666667,94.04602208234445,96.285213084305028,2.8767426191714374,3.0899753199513231,3.9087265248665872,4.8564612672037617,12.5882156677179,15.264598378487985,86
3,81,30,17,0.56666666666666665,94.211123723041993,96.285213084305028,2.8782961486114158,3.0940703269830352,3.6072004889054101,4.7237941976452733,12.5882156677179,15.264598378487985,86
3,82,30,17,0.56666666666666665,93.97379011453927,96.285213084305028,2.8887559538618355,3.0899753199513231,3.7376260800289716,4.484074256278153,12.5882156677179,15.264598378487985,86
3,83,30,17,0.56666666666666665,94.520689299349911,96.305850789392224,2.8420024558540198,3.0701250666533686,3.7187026779056982,4.6315755516028885,12.526406961586767,15.264598378487985,86
3,84,30,27,0.90000000000000002,94.685790940047468,96.605097513156537,2.7869531500329483,3.0701250666533686,3.6905474662718163,4.6315755516028885,12.5882156677179,15.264598378487985,86
3,85,30,28,0.93333333333333335,94.675472087503863,96.388401609740995,2.7919184436845446,3.0432067587073832,3.6719987815770447,4.4136035033195276,12.5882156677179,15.264598378487985,86
3,86,30,30,1,95.139820451965747,96.728923743679701,2.7759653822838612,2.9870604545371116,3.6439152247769568,4.484074256278153,12.5882156677179,15.264598378487985,86
3,87,30,30,1,95.129501599422142,96.708286038592504,2.7157555890422915,2.9912058067699001,3.6242548968871255,4.4015605758911418,12.526406961586767,15.264598378487985,86
5,35,30,0,0,92.425962232999694,94.706428645134665,5.192823737515246,5.6656515011347421,7.6407977858590881,8.4952365672189778,15.264598378487985,16.732826938892167,42
5,36,30,1,0.033333333333333333,92.663295841502432,95.036631926529765,4.9899793820246741,5.6133865585490357,7.3172901919099624,8.9089314886880953,15.264598378487985,16.732826938892167,42
5,37,30,1,0.033333333333333333,93.16891961613868,95.150139304509338,4.9899793820246741,5.4765949831525926,7.2687574679380598,8.4584813462656836,15.264598378487985,16.732826938892167,42
5,38,30,12,0.40000000000000002,93.798369621298107,95.521617996078831,4.8558597204568308,5.3591705730317267,6.8757102246512982,8.3081294626190001,15.264598378487985,16.732826938892167,42
5,39,30,17,0.56666666666666665,93.819007326385304,95.934372097822717,4.6296455028202761,5.3062106472676085,6.4682583622210013,8.2980281140037793,15.264598378487985,16.732826938892167,42
5,40,30,26,0.8666666666666667,94.799298318027041,96.594778660612945,4.6312895815262847,5.1610069955390747,6.6576722488124291,7.9883874315737202,15.264598378487985,16.732826938892167,42
5,41,30,28,0.93333333333333335,94.871530285832222,96.470952430089767,4.6074232222774647,5.0651707554986407,6.3233508691749067,8.1161484069574605,15.264598378487985,16.732826938892167,42
5,42,30,30,1,95.160458157052929,96.801155711484881,4.5049314158253289,4.9014470192209521,6.3233508691749067,8.0411959505602262,14.026535802652818,16.732826938892167,42
5,43,30,30,1,95.459704880817256,96.842431121659274,4.4975485300243241,4.8170451360710755,6.0704206050088887,7.3322444720931665,15.264598378487985,16.732826938892167,42
5,44,30,30,1,95.408110618099272,96.801155711484881,4.3925820682979451,4.8348940312503341,6.0831706246375301,7.6543707385816928,14.026535802652818,16.299743927271756,42
5,45,30,30,1,96.016922918171502,97.379011453926324,4.3657768096696952,4.687954594852112,5.8192260032692129,7.0733142989486701,14.525250555809201,16.299743927271756,42
10,12,30,0,0,89.516045815705297,92.910948302548761,10.849848239966089,11.919965561221025,14.686542358085426,17.881415483388185,25.388678120841167,33.64025875706124,17
10,13,30,0,0,92.137034361778973,93.880920441646893,10.524168651909575,11.780685718985897,14.686542358085426,17.268296834427751,25.388678120841167,32.273444892987364,17
10,14,30,0,0,92.116396656691776,94.97471881126819,10.013940513772493,11.237066670507676,14.538786998063834,17.22030676427773,25.247584517209784,30.87407899183761,17
10,15,30,10,0.33333333333333331,93.757094211123729,95.738313899494372,9.6356605542070621,10.610082586003264,13.875064004549005,17.624474790253188,25.166930529399814,28.865139917775306,17
10,16,30,20,0.66666666666666663,93.808688473841713,96.295531936848619,9.3772458686345779,10.677785920004238,13.875064004549005,17.533624746689913,25.166930529399814,28.781500002527686,17
10,17,30,30,1,95.005675368898977,97.389330306469915,8.7180119081827616,9.9749998140592258,12.650063983018306,17.108934466356629,25.166930529399814,28.781500002527686,17
10,18,30,30,1,95.459704880817256,97.461562274275096,8.1982856007222136,9.6356605542070621,12.56982720453265,16.939808174113157,25.166930529399814,28.781500002527686,17
10,19,30,30,1,95.697038489319993,97.678258177690637,8.1982856007222136,9.6151907900254905,11.905003241033869,16.447967168636389,25.166930529399814,26.997482241032053,17
10,20,30,30,1,96.873387679290062,98.32834588793726,7.730535995249654,8.704855003648424,11.385241348791327,15.332706185683785,18.178490640589605,25.388678120841167,17
10,21,30,30,1,96.997213909813226,98.25611392013208,7.662711626049667,8.704855003648424,11.385241348791327,14.690837569548558,18.797287548175852,25.388678120841167,17
10,22,30,30,1,97.451243421731505,98.668868021875966,7.279544789039698,8.4518495960619511,10.504198793692423,13.116432646765567,17.949858814079803,25.166930529399814,17
