radius_km,seed,window_min_K,window_max_K,first_feasible_K_within_window,left_censored,feasible_to_infeasible_regressions,first_simultaneous_K_within_window,interpretation
3,0,77,87,78,False,2,86,window sensitivity only; no probability guarantee or global minimal K claim
3,1,77,87,79,False,2,86,window sensitivity only; no probability guarantee or global minimal K claim
3,2,77,87,79,False,2,86,window sensitivity only; no probability guarantee or global minimal K claim
3,3,77,87,80,False,1,86,window sensitivity only; no probability guarantee or global minimal K claim
3,4,77,87,81,False,0,86,window sensitivity only; no probability guarantee or global minimal K claim
3,5,77,87,79,False,1,86,window sensitivity only; no probability guarantee or global minimal K claim
3,6,77,87,77,True,1,86,window sensitivity only; no probability guarantee or global minimal K claim
3,7,77,87,81,False,1,86,window sensitivity only; no probability guarantee or global minimal K claim
3,8,77,87,83,False,0,86,window sensitivity only; no probability guarantee or global minimal K claim
3,9,77,87,80,False,0,86,window sensitivity only; no probability guarantee or global minimal K claim
3,10,77,87,78,False,2,86,window sensitivity only; no probability guarantee or global minimal K claim
3,11,77,87,81,False,1,86,window sensitivity only; no probability guarantee or global minimal K claim
3,12,77,87,77,True,0,86,window sensitivity only; no probability guarantee or global minimal K claim
3,13,77,87,83,False,0,86,window sensitivity only; no probability guarantee or global minimal K claim
3,14,77,87,80,False,1,86,window sensitivity only; no probability guarantee or global minimal K claim
3,15,77,87,81,False,1,86,window sensitivity only; no probability guarantee or global minimal K claim
3,16,77,87,81,False,0,86,window sensitivity only; no probability guarantee or global minimal K claim
3,17,77,87,80,False,1,86,window sensitivity only; no probability guarantee or global minimal K claim
3,18,77,87,84,False,0,86,window sensitivity only; no probability guarantee or global minimal K claim
3,19,77,87,80,False,2,86,window sensitivity only; no probability guarantee or global minimal K claim
3,20,77,87,79,False,1,86,window sensitivity only; no probability guarantee or global minimal K claim
3,21,77,87,79,False,1,86,window sensitivity only; no probability guarantee or global minimal K claim
3,22,77,87,79,False,2,86,window sensitivity only; no probability guarantee or global minimal K claim
3,23,77,87,83,False,0,86,window sensitivity only; no probability guarantee or global minimal K claim
3,24,77,87,82,False,0,86,window sensitivity only; no probability guarantee or global minimal K claim
3,25,77,87,77,True,1,86,window sensitivity only; no probability guarantee or global minimal K claim
3,26,77,87,77,True,3,86,window sensitivity only; no probability guarantee or global minimal K claim
3,27,77,87,81,False,1,86,window sensitivity only; no probability guarantee or global minimal K claim
3,28,77,87,80,False,1,86,window sensitivity only; no probability guarantee or global minimal K claim
3,29,77,87,84,False,0,86,window sensitivity only; no probability guarantee or global minimal K claim
5,0,35,45,39,False,0,42,window sensitivity only; no probability guarantee or global minimal K claim
5,1,35,45,39,False,0,42,window sensitivity only; no probability guarantee or global minimal K claim
5,2,35,45,40,False,0,42,window sensitivity only; no probability guarantee or global minimal K claim
5,3,35,45,38,False,0,42,window sensitivity only; no probability guarantee or global minimal K claim
5,4,35,45,40,False,1,42,window sensitivity only; no probability guarantee or global minimal K claim
5,5,35,45,38,False,0,42,window sensitivity only; no probability guarantee or global minimal K claim
5,6,35,45,40,False,0,42,window sensitivity only; no probability guarantee or global minimal K claim
5,7,35,45,41,False,0,42,window sensitivity only; no probability guarantee or global minimal K claim
5,8,35,45,40,False,0,42,window sensitivity only; no probability guarantee or global minimal K claim
5,9,35,45,39,False,0,42,window sensitivity only; no probability guarantee or global minimal K claim
5,10,35,45,38,False,0,42,window sensitivity only; no probability guarantee or global minimal K claim
5,11,35,45,40,False,0,42,window sensitivity only; no probability guarantee or global minimal K claim
5,12,35,45,38,False,0,42,window sensitivity only; no probability guarantee or global minimal K claim
5,13,35,45,38,False,0,42,window sensitivity only; no probability guarantee or global minimal K claim
5,14,35,45,39,False,0,42,window sensitivity only; no probability guarantee or global minimal K claim
5,15,35,45,40,False,0,42,window sensitivity only; no probability guarantee or global minimal K claim
5,16,35,45,38,False,0,42,window sensitivity only; no probability guarantee or global minimal K claim
5,17,35,45,37,False,1,42,window sensitivity only; no probability guarantee or global minimal K claim
5,18,35,45,38,False,1,42,window sensitivity only; no probability guarantee or global minimal K claim
5,19,35,45,38,False,0,42,window sensitivity only; no probability guarantee or global minimal K claim
5,20,35,45,39,False,0,42,window sensitivity only; no probability guarantee or global minimal K claim
5,21,35,45,38,False,0,42,window sensitivity only; no probability guarantee or global minimal K claim
5,22,35,45,36,False,1,42,window sensitivity only; no probability guarantee or global minimal K claim
5,23,35,45,39,False,0,42,window sensitivity only; no probability guarantee or global minimal K claim
5,24,35,45,38,False,0,42,window sensitivity only; no probability guarantee or global minimal K claim
5,25,35,45,40,False,0,42,window sensitivity only; no probability guarantee or global minimal K claim
5,26,35,45,38,False,1,42,window sensitivity only; no probability guarantee or global minimal K claim
5,27,35,45,40,False,0,42,window sensitivity only; no probability guarantee or global minimal K claim
5,28,35,45,41,False,0,42,window sensitivity only; no probability guarantee or global minimal K claim
5,29,35,45,38,False,1,42,window sensitivity only; no probability guarantee or global minimal K claim
10,0,12,22,15,False,1,17,window sensitivity only; no probability guarantee or global minimal K claim
10,1,12,22,15,False,1,17,window sensitivity only; no probability guarantee or global minimal K claim
10,2,12,22,16,False,0,17,window sensitivity only; no probability guarantee or global minimal K claim
10,3,12,22,16,False,0,17,window sensitivity only; no probability guarantee or global minimal K claim
10,4,12,22,17,False,0,17,window sensitivity only; no probability guarantee or global minimal K claim
10,5,12,22,17,False,0,17,window sensitivity only; no probability guarantee or global minimal K claim
10,6,12,22,17,False,0,17,window sensitivity only; no probability guarantee or global minimal K claim
10,7,12,22,16,False,0,17,window sensitivity only; no probability guarantee or global minimal K claim
10,8,12,22,17,False,0,17,window sensitivity only; no probability guarantee or global minimal K claim
10,9,12,22,16,False,0,17,window sensitivity only; no probability guarantee or global minimal K claim
10,10,12,22,16,False,0,17,window sensitivity only; no probability guarantee or global minimal K claim
10,11,12,22,15,False,0,17,window sensitivity only; no probability guarantee or global minimal K claim
10,12,12,22,16,False,0,17,window sensitivity only; no probability guarantee or global minimal K claim
10,13,12,22,16,False,0,17,window sensitivity only; no probability guarantee or global minimal K claim
10,14,12,22,15,False,0,17,window sensitivity only; no probability guarantee or global minimal K claim
10,15,12,22,16,False,0,17,window sensitivity only; no probability guarantee or global minimal K claim
10,16,12,22,16,False,0,17,window sensitivity only; no probability guarantee or global minimal K claim
10,17,12,22,16,False,0,17,window sensitivity only; no probability guarantee or global minimal K claim
10,18,12,22,17,False,0,17,window sensitivity only; no probability guarantee or global minimal K claim
10,19,12,22,15,False,1,17,window sensitivity only; no probability guarantee or global minimal K claim
10,20,12,22,16,False,0,17,window sensitivity only; no probability guarantee or global minimal K claim
10,21,12,22,15,False,0,17,window sensitivity only; no probability guarantee or global minimal K claim
10,22,12,22,16,False,0,17,window sensitivity only; no probability guarantee or global minimal K claim
10,23,12,22,16,False,0,17,window sensitivity only; no probability guarantee or global minimal K claim
10,24,12,22,15,False,1,17,window sensitivity only; no probability guarantee or global minimal K claim
10,25,12,22,16,False,0,17,window sensitivity only; no probability guarantee or global minimal K claim
10,26,12,22,16,False,0,17,window sensitivity only; no probability guarantee or global minimal K claim
10,27,12,22,15,False,1,17,window sensitivity only; no probability guarantee or global minimal K claim
10,28,12,22,15,False,0,17,window sensitivity only; no probability guarantee or global minimal K claim
10,29,12,22,15,False,0,17,window sensitivity only; no probability guarantee or global minimal K claim
