case,cohort,method,radius_km,K_selected,seed,N_orders,required_orders,covered_orders,uncovered_orders,coverage_pct,feasible,coverage_margin_orders,weighted_mean_km,p95_km,p99_km,max_km,native_max_km,reassigned_prefixes,reassigned_orders,outside_union_facilities,orders_nearest_to_outside_facilities,orders_external_segment_gt2km,geometry_interpretation,municipalities_zero,municipalities_below80,orders_in_zero_municipalities,orders_in_below80_municipalities,uncovered_orders_in_below80_municipalities,rio_uncovered_orders,rio_share_of_uncovered_pct,inferred_municipality_orders,redistributed_N_fractional,redistributed_covered_fractional,redistributed_coverage_pct,redistributed_mean_km,redistributed_p95_km,redistributed_p99_km,redistributed_max_km,redistribution_assumption
main,main,K-Means,10,17,42,9691,9207,9282,409,95.779589309668765,True,75,4.1841386474792452,9.4546897346985368,14.326254166178083,25.166930529399814,25.166930529399814,12,239,0,0,118,administrative union; external segment is not a water crossing or road route,4,8,143,350,231,91,22.249388753056234,0,9691,9219.5282262639776,95.13495228834978,4.3076332386170195,9.9126529589771071,14.533282227399081,31.535946843001348,equal fractional weights by retained record; not actual addresses
main,main,K-Means,5,40,42,9691,9207,9240,451,95.346197502837683,True,33,2.1873197615803655,4.8945767339488153,7.3957089400314704,15.264598378487985,15.264598378487985,4,26,0,0,0,administrative union; external segment is not a water crossing or road route,1,6,6,254,125,96,21.286031042128602,0,9691,9115.2586558707808,94.059009966678161,2.3369350149349772,5.2205494872989844,7.9863850676344379,20.74664144276672,equal fractional weights by retained record; not actual addresses
main,main,K-Means,3,82,42,9691,9207,9263,428,95.58353111134042,True,56,1.3315743778828382,2.97440048668587,3.8787382667424306,15.264598378487985,15.264598378487985,3,6,0,0,0,administrative union; external segment is not a water crossing or road route,1,6,6,432,113,167,39.018691588785046,0,9691,8943.3290704919491,92.284893927272208,1.5655553181570503,3.3619166953324791,4.7484297782556162,16.48983316480907,equal fractional weights by retained record; not actual addresses
main,main,Ward,10,17,-1,9691,9207,9230,461,95.243008977401715,True,23,4.6468613906473744,9.8737966445103087,12.915441610247258,26.746525346534241,26.746525346534241,48,376,0,0,118,administrative union; external segment is not a water crossing or road route,2,6,62,192,168,243,52.711496746203906,0,9691,9158.9978554053341,94.510348317050187,4.7779622513827542,10.399844382891471,13.675422312390175,33.709927599943747,equal fractional weights by retained record; not actual addresses
main,main,Ward,5,42,-1,9691,9207,9247,444,95.418429470642863,True,40,2.3830952621870543,4.9240779351062498,6.4711696445025284,15.264598378487985,15.264598378487985,61,622,0,0,0,administrative union; external segment is not a water crossing or road route,1,4,6,129,48,243,54.729729729729726,0,9691,9119.7191792664307,94.105037449865137,2.5162728024343357,5.2429706139584278,7.0208930585100635,20.746641442767046,equal fractional weights by retained record; not actual addresses
main,main,Ward,3,80,-1,9691,9207,9216,475,95.098545041791354,True,9,1.6053351384870707,2.9965823106842948,4.3042546842427054,8.476521242362951,8.476521242362951,39,470,0,0,0,administrative union; external segment is not a water crossing or road route,1,2,6,40,20,227,47.789473684210527,0,9691,8833.1024051043787,91.147481220765442,1.7633146267601092,3.4501291026232535,4.7943370825150433,14.08328383611452,equal fractional weights by retained record; not actual addresses
main,main,Complete,10,19,-1,9691,9207,9277,414,95.727995046950781,True,70,4.8154461025871598,9.760963339148045,12.056220454770822,14.755872469842686,15.393847494829547,65,560,0,0,55,administrative union; external segment is not a water crossing or road route,0,6,0,700,207,124,29.95169082125604,0,9691,9224.2488989294015,95.183664213490886,4.9434584717049486,9.9461498754079987,12.059292685327858,20.746641442767046,equal fractional weights by retained record; not actual addresses
main,main,Complete,5,46,-1,9691,9207,9216,475,95.098545041791354,True,9,2.7382120460711015,4.956326182301563,6.2906693168227212,8.6134057781770803,8.6134057781770803,75,537,0,0,0,administrative union; external segment is not a water crossing or road route,0,1,0,124,25,302,63.578947368421055,0,9691,9110.2874971060792,94.007713312414396,2.8495004792655041,5.1314721469628584,6.8265716568241892,14.194128689673525,equal fractional weights by retained record; not actual addresses
main,main,Complete,3,88,-1,9691,9207,9225,466,95.191414714683731,True,18,1.532991045251884,2.9503917509831732,3.8201527897651895,5.3458960582960309,5.3458960582960309,59,435,0,0,0,administrative union; external segment is not a water crossing or road route,0,1,0,34,14,296,63.519313304721031,0,9691,8785.0234162027409,90.651361223844191,1.7168649005384613,3.4429852066719531,4.4501085718352478,9.3464734892698509,equal fractional weights by retained record; not actual addresses
main,main,Average,10,24,-1,9691,9207,9364,327,96.625735218243733,True,157,4.5615967151069183,9.4268788496490288,11.472124793185078,12.598147455231135,15.393847494829547,62,417,0,0,47,administrative union; external segment is not a water crossing or road route,1,3,35,670,205,43,13.149847094801224,0,9691,9311.1093975650329,96.079964890775287,4.6807990347194313,9.4962796415960629,11.613402095511431,15.278081717236672,equal fractional weights by retained record; not actual addresses
main,main,Average,5,53,-1,9691,9207,9320,371,96.171705706325454,True,113,2.5928137855336479,4.8273811623820082,6.0745889397242339,6.6061157974916425,7.280018448458522,57,642,0,0,0,administrative union; external segment is not a water crossing or road route,0,1,0,34,9,285,76.819407008086259,0,9691,9229.5988106447694,95.238869163603027,2.7312129048540843,4.9709105977047203,5.965210712041034,10.617995255332456,equal fractional weights by retained record; not actual addresses
main,main,Average,3,99,-1,9691,9207,9213,478,95.067588484160567,True,6,1.5449798967395507,2.9984134943599412,3.2674749245272361,4.6599864100160904,4.6625223205686721,43,401,0,0,0,administrative union; external segment is not a water crossing or road route,0,0,0,0,0,393,82.21757322175732,0,9691,8854.5995735277156,91.369307331830726,1.7657508868417355,3.2764837187800393,4.0111058482357542,9.3464734892698509,equal fractional weights by retained record; not actual addresses
main,main,P-Median,10,23,-1,9691,9207,9223,468,95.170777009596534,True,16,3.2230405932518131,9.5681981391057853,17.737282708984711,28.687629604511976,28.687629604511976,0,0,0,0,21,administrative union; external segment is not a water crossing or road route,6,11,182,756,396,0,0,0,9691,9194.0383647580984,94.871926166113894,3.3864064618081424,10.118052389681306,17.397014889541577,35.051762227907368,equal fractional weights by retained record; not actual addresses
main,main,P-Median,5,55,-1,9691,9207,9234,457,95.284284387576108,True,27,1.71148250888735,4.9191927569365559,8.5874946807421235,16.550308693700245,16.550308693700245,0,0,0,0,0,administrative union; external segment is not a water crossing or road route,3,9,73,773,296,39,8.5339168490153181,0,9691,9161.9450675976641,94.540760165077529,1.9821509658018994,5.138937095800455,9.4300606823033082,22.880668279237383,equal fractional weights by retained record; not actual addresses
main,main,MCLP,10,15,-1,9691,9207,9251,440,95.459704880817256,True,44,6.0785343995456973,9.8109897210008636,22.966273954258849,50.478912053681697,50.478912053681697,0,0,1,487,105,administrative union; external segment is not a water crossing or road route,9,10,336,382,350,33,7.5,0,9691,9191.0255172185061,94.84083703661652,6.1867714781533349,10.073446867135692,23.195150818927264,54.564932311337714,equal fractional weights by retained record; not actual addresses
main,main,MCLP,5,40,-1,9691,9207,9225,466,95.191414714683731,True,18,2.9775175125055124,4.9372601114134502,10.381628712023282,26.950553178813898,26.950553178813898,0,0,0,0,0,administrative union; external segment is not a water crossing or road route,5,10,114,710,314,54,11.587982832618026,0,9691,8950.1692030057075,92.355476246060348,3.1284933206313403,5.452047315200554,10.539512032573848,32.772898322919858,equal fractional weights by retained record; not actual addresses
geodesic,main,K-Means,10,17,42,9691,9207,9282,409,95.779589309668765,True,75,4.1787599453576085,9.4546293789713189,14.303580791489637,25.084406003716907,25.084406003716907,10,199,0,0,118,administrative union; external segment is not a water crossing or road route,4,8,143,350,231,91,22.249388753056234,0,9691,9223.2517545411829,95.173374827584183,4.301991480864741,9.9039935353926545,14.492582377473953,31.432691036337189,equal fractional weights by retained record; not actual addresses
geodesic,main,K-Means,5,40,42,9691,9207,9240,451,95.346197502837683,True,33,2.1841946142303295,4.8778026504602892,7.382387229545782,15.234148454152852,15.234148454152852,3,22,0,0,0,administrative union; external segment is not a water crossing or road route,1,6,6,254,125,96,21.286031042128602,0,9691,9118.9474075024173,94.097073650834972,2.3338821226026574,5.2125848661454475,7.9664629487957441,20.67831345927118,equal fractional weights by retained record; not actual addresses
geodesic,main,K-Means,3,82,42,9691,9207,9262,429,95.573212258796815,True,55,1.3298985082813108,2.9678924099209554,3.8815056033264574,15.234148454152852,15.234148454152852,3,6,0,0,0,administrative union; external segment is not a water crossing or road route,1,6,6,432,113,167,38.927738927738929,0,9691,8943.7439599920745,92.289175110845875,1.5638096506392387,3.3579447400568601,4.7432533720767482,16.451394818942546,equal fractional weights by retained record; not actual addresses
geodesic,main,Ward,10,17,-1,9691,9207,9230,461,95.243008977401715,True,23,4.6424239218419014,9.8775531229953426,12.921123471733919,26.663496705627367,26.663496705627367,49,382,0,0,118,administrative union; external segment is not a water crossing or road route,2,6,62,192,168,243,52.711496746203906,0,9691,9160.1931729900498,94.522682622949645,4.7733976266551004,10.398160235201624,13.647563407281693,33.609022208945014,equal fractional weights by retained record; not actual addresses
geodesic,main,Ward,5,42,-1,9691,9207,9248,443,95.428748323186468,True,41,2.3800941850392525,4.9055310516184418,6.481720546786705,15.234148454152852,15.234148454152852,61,622,0,0,0,administrative union; external segment is not a water crossing or road route,1,4,6,129,48,243,54.853273137697514,0,9691,9121.123297460892,94.119526338467566,2.5131471979389475,5.2367895795050714,7.0043738774572848,20.67831345927188,equal fractional weights by retained record; not actual addresses
geodesic,main,Ward,3,80,-1,9691,9207,9221,470,95.150139304509338,True,14,1.6032463564532433,2.9914703709597346,4.3088854278317434,8.4872309369726189,8.4872309369726189,39,470,0,0,0,administrative union; external segment is not a water crossing or road route,1,2,6,40,20,222,47.234042553191486,0,9691,8835.2216668723759,91.169349570450677,1.7613313117171303,3.4491503981373617,4.7975912033744121,14.067202472690756,equal fractional weights by retained record; not actual addresses
geodesic,main,Complete,10,20,-1,9691,9207,9272,419,95.676400784232797,True,65,5.2887458670137839,9.7419151062867559,12.190007045256866,14.722545220114231,16.184784924143841,90,760,0,0,147,administrative union; external segment is not a water crossing or road route,0,3,0,439,106,281,67.064439140811459,0,9691,9191.2992774944323,94.843661928536093,5.4064750208890962,10.043951362099754,12.57379308371323,20.67831345927188,equal fractional weights by retained record; not actual addresses
geodesic,main,Complete,5,47,-1,9691,9207,9216,475,95.098545041791354,True,9,2.6163916202541242,4.9417748715123038,6.287573832660815,8.5872294367177151,8.5872294367177151,70,688,0,0,0,administrative union; external segment is not a water crossing or road route,0,0,0,0,0,305,64.21052631578948,0,9691,9099.144054763372,93.892725774051925,2.7350742121469853,5.1227533021358074,6.4839906070212416,14.184083874055373,equal fractional weights by retained record; not actual addresses
geodesic,main,Complete,3,91,-1,9691,9207,9230,461,95.243008977401715,True,23,1.559508303269332,2.9566808140430543,3.6296595093658208,5.0779494563070031,5.0779494563070031,63,643,0,0,0,administrative union; external segment is not a water crossing or road route,0,0,0,0,0,334,72.451193058568336,0,9691,8841.4035440310436,91.233139449293617,1.7430763853857014,3.3254588495130104,4.3295289944676512,9.3614928920894549,equal fractional weights by retained record; not actual addresses
geodesic,main,Average,10,24,-1,9691,9207,9364,327,96.625735218243733,True,157,4.5570505264752779,9.416870835177841,11.477437126745047,12.603685179537075,15.379571120084384,61,376,0,0,47,administrative union; external segment is not a water crossing or road route,1,3,35,670,205,43,13.149847094801224,0,9691,9311.6334282785629,96.085372286436524,4.6761895841786094,9.4903620061403657,11.62031733055202,15.30106717253387,equal fractional weights by retained record; not actual addresses
geodesic,main,Average,5,54,-1,9691,9207,9320,371,96.171705706325454,True,113,2.5849015754116285,4.8143134779463201,6.083833485766033,6.6105930289235442,7.2517681296265026,57,642,0,0,0,administrative union; external segment is not a water crossing or road route,0,1,0,34,9,285,76.819407008086259,0,9691,9235.0526156033593,95.295146172772263,2.7258592787999048,4.9610367250477916,5.9503353257063916,10.625839921996787,equal fractional weights by retained record; not actual addresses
geodesic,main,Average,3,101,-1,9691,9207,9210,481,95.036631926529765,True,3,1.5174130889650703,2.9946245967156599,3.2346786550300455,4.6445153973569937,4.6602146976079473,44,406,0,0,0,administrative union; external segment is not a water crossing or road route,0,0,0,0,0,411,85.446985446985451,0,9691,8910.3945258702552,91.945047217730419,1.7438400236235398,3.2294568691077066,3.9227035323459849,9.3614928920894549,equal fractional weights by retained record; not actual addresses
geodesic,main,P-Median,10,23,-1,9691,9207,9223,468,95.170777009596534,True,16,3.2204687491728707,9.5682457044478539,17.717416926650376,28.589697431748089,28.589697431748089,0,0,0,0,21,administrative union; external segment is not a water crossing or road route,6,11,182,756,396,0,0,0,9691,9194.6749830383378,94.878495336274256,3.3837258380208675,10.102828249854989,17.381974747959699,34.933073877419872,equal fractional weights by retained record; not actual addresses
geodesic,main,P-Median,5,55,-1,9691,9207,9234,457,95.284284387576108,True,27,1.709233159834159,4.8998174081466592,8.5964343707906377,16.527092856669388,16.527092856669388,0,0,0,0,0,administrative union; external segment is not a water crossing or road route,3,9,73,773,296,39,8.5339168490153181,0,9691,9163.824778342605,94.560156623079209,1.9798102997517446,5.1373579965315663,9.4219084817610597,22.80251649363985,equal fractional weights by retained record; not actual addresses
geodesic,main,MCLP,10,15,-1,9691,9207,9251,440,95.459704880817256,True,44,6.0742055202912466,9.7959490847880009,22.875503177894078,50.560093169710782,50.560093169710782,0,0,1,487,105,administrative union; external segment is not a water crossing or road route,9,10,336,382,350,33,7.5,0,9691,9191.6364052094832,94.847140699716064,6.1822870770954346,10.065375759890813,23.103114746370316,54.648261525443687,equal fractional weights by retained record; not actual addresses
geodesic,main,MCLP,5,39,-1,9691,9207,9214,477,95.077907336704158,True,7,2.986018244969368,4.9310887507861851,10.391448813789518,26.841497480351705,26.841497480351705,0,0,0,0,0,administrative union; external segment is not a water crossing or road route,5,10,114,710,314,41,8.5953878406708597,0,9691,8942.7002945238091,92.278405680774014,3.1325055188657545,5.5250562110039745,10.876166562878655,32.638317854131706,equal fractional weights by retained record; not actual addresses
geodesic_eval_only,main,K-Means,10,17,42,9691,9207,9282,409,95.779589309668765,True,75,4.1787599453576085,9.4546293789713189,14.303580791489637,25.084406003716907,25.084406003716907,10,199,0,0,118,administrative union; external segment is not a water crossing or road route,4,8,143,350,231,91,22.249388753056234,0,9691,9223.2517545411829,95.173374827584183,4.301991480864741,9.9039935353926545,14.492582377473953,31.432691036337189,equal fractional weights by retained record; not actual addresses
geodesic_eval_only,main,K-Means,5,40,42,9691,9207,9240,451,95.346197502837683,True,33,2.1841946142303295,4.8778026504602892,7.382387229545782,15.234148454152852,15.234148454152852,3,22,0,0,0,administrative union; external segment is not a water crossing or road route,1,6,6,254,125,96,21.286031042128602,0,9691,9118.9474075024173,94.097073650834972,2.3338821226026574,5.2125848661454475,7.9664629487957441,20.67831345927118,equal fractional weights by retained record; not actual addresses
geodesic_eval_only,main,K-Means,3,82,42,9691,9207,9262,429,95.573212258796815,True,55,1.3298985082813108,2.9678924099209554,3.8815056033264574,15.234148454152852,15.234148454152852,3,6,0,0,0,administrative union; external segment is not a water crossing or road route,1,6,6,432,113,167,38.927738927738929,0,9691,8943.7439599920745,92.289175110845875,1.5638096506392387,3.3579447400568601,4.7432533720767482,16.451394818942546,equal fractional weights by retained record; not actual addresses
geodesic_eval_only,main,Ward,10,17,-1,9691,9207,9230,461,95.243008977401715,True,23,4.6424239218419014,9.8775531229953426,12.921123471733919,26.663496705627367,26.663496705627367,49,382,0,0,118,administrative union; external segment is not a water crossing or road route,2,6,62,192,168,243,52.711496746203906,0,9691,9160.1931729900498,94.522682622949645,4.7733976266551004,10.398160235201624,13.647563407281693,33.609022208945014,equal fractional weights by retained record; not actual addresses
geodesic_eval_only,main,Ward,5,42,-1,9691,9207,9248,443,95.428748323186468,True,41,2.3800941850392525,4.9055310516184418,6.481720546786705,15.234148454152852,15.234148454152852,61,622,0,0,0,administrative union; external segment is not a water crossing or road route,1,4,6,129,48,243,54.853273137697514,0,9691,9121.123297460892,94.119526338467566,2.5131471979389475,5.2367895795050714,7.0043738774572848,20.67831345927188,equal fractional weights by retained record; not actual addresses
geodesic_eval_only,main,Ward,3,80,-1,9691,9207,9221,470,95.150139304509338,True,14,1.6032463564532433,2.9914703709597346,4.3088854278317434,8.4872309369726189,8.4872309369726189,39,470,0,0,0,administrative union; external segment is not a water crossing or road route,1,2,6,40,20,222,47.234042553191486,0,9691,8835.2216668723759,91.169349570450677,1.7613313117171303,3.4491503981373617,4.7975912033744121,14.067202472690756,equal fractional weights by retained record; not actual addresses
geodesic_eval_only,main,Complete,10,19,-1,9691,9207,9285,406,95.810545867299552,True,78,4.8098667066876493,9.7684515528566322,12.025828441810456,14.722545220114231,15.379571120084384,65,560,0,0,55,administrative union; external segment is not a water crossing or road route,0,6,0,700,213,124,30.541871921182267,0,9691,9224.7448054670476,95.18878139992826,4.9376093394887954,9.9348591715858046,12.049596161333874,20.67831345927188,equal fractional weights by retained record; not actual addresses
geodesic_eval_only,main,Complete,5,45,-1,9691,9207,9209,482,95.026313073986174,True,2,2.742405518051696,4.9931928158759522,6.5204275714081295,8.5872294367177151,8.5872294367177151,76,539,0,0,0,administrative union; external segment is not a water crossing or road route,0,1,0,124,25,302,62.655601659751035,0,9691,9094.126298126077,93.840948283212015,2.855709611634655,5.158936646313304,6.9569397688732,14.184083874055373,equal fractional weights by retained record; not actual addresses
geodesic_eval_only,main,Complete,3,88,-1,9691,9207,9225,466,95.191414714683731,True,18,1.5311645134919005,2.943524865665883,3.8206769995587226,5.3493675199216888,5.3493675199216888,58,434,0,0,0,administrative union; external segment is not a water crossing or road route,0,1,0,34,14,296,63.519313304721031,0,9691,8785.3009447986678,90.654225000502194,1.7151733098614581,3.4402171268965018,4.4432293307837192,9.3614928920894549,equal fractional weights by retained record; not actual addresses
geodesic_eval_only,main,Average,10,24,-1,9691,9207,9364,327,96.625735218243733,True,157,4.5570505264752779,9.416870835177841,11.477437126745047,12.603685179537075,15.379571120084384,61,376,0,0,47,administrative union; external segment is not a water crossing or road route,1,3,35,670,205,43,13.149847094801224,0,9691,9311.6334282785629,96.085372286436524,4.6761895841786094,9.4903620061403657,11.62031733055202,15.30106717253387,equal fractional weights by retained record; not actual addresses
geodesic_eval_only,main,Average,5,53,-1,9691,9207,9320,371,96.171705706325454,True,113,2.5906687382249145,4.8143134779463201,6.083833485766033,6.6105930289235442,7.2517681296265026,57,642,0,0,0,administrative union; external segment is not a water crossing or road route,0,1,0,34,9,285,76.819407008086259,0,9691,9232.3428262084235,95.267184255581711,2.7290315094801492,4.9643524654947377,5.9559955642620261,10.625839921996787,equal fractional weights by retained record; not actual addresses
geodesic_eval_only,main,Average,3,101,-1,9691,9207,9210,481,95.036631926529765,True,3,1.5174130889650703,2.9946245967156599,3.2346786550300455,4.6445153973569937,4.6602146976079473,44,406,0,0,0,administrative union; external segment is not a water crossing or road route,0,0,0,0,0,411,85.446985446985451,0,9691,8910.3945258702552,91.945047217730419,1.7438400236235398,3.2294568691077066,3.9227035323459849,9.3614928920894549,equal fractional weights by retained record; not actual addresses
geodesic_eval_only,main,P-Median,10,23,-1,9691,9207,9223,468,95.170777009596534,True,16,3.2204687491728707,9.5682457044478539,17.717416926650376,28.589697431748089,28.589697431748089,1,2,0,0,21,administrative union; external segment is not a water crossing or road route,6,11,182,756,396,0,0,0,9691,9194.6749830383378,94.878495336274256,3.3837258380208675,10.102828249854989,17.381974747959699,34.933073877419872,equal fractional weights by retained record; not actual addresses
geodesic_eval_only,main,P-Median,5,55,-1,9691,9207,9234,457,95.284284387576108,True,27,1.709233159834159,4.8998174081466592,8.5964343707906377,16.527092856669388,16.527092856669388,1,1,0,0,0,administrative union; external segment is not a water crossing or road route,3,9,73,773,296,39,8.5339168490153181,0,9691,9163.824778342605,94.560156623079209,1.9798102997517446,5.1373579965315663,9.4219084817610597,22.80251649363985,equal fractional weights by retained record; not actual addresses
geodesic_eval_only,main,MCLP,10,15,-1,9691,9207,9251,440,95.459704880817256,True,44,6.0742055202912466,9.7959490847880009,22.875503177894078,50.560093169710782,50.560093169710782,0,0,1,487,105,administrative union; external segment is not a water crossing or road route,9,10,336,382,350,33,7.5,0,9691,9191.6364052094832,94.847140699716064,6.1822870770954346,10.065375759890813,23.103114746370316,54.648261525443687,equal fractional weights by retained record; not actual addresses
geodesic_eval_only,main,MCLP,5,40,-1,9691,9207,9224,467,95.181095862140126,True,17,2.9733553159576811,4.9310887507861851,10.391448813789518,26.841497480351705,26.841497480351705,0,0,0,0,0,administrative union; external segment is not a water crossing or road route,5,10,114,710,314,55,11.777301927194861,0,9691,8952.4208362492755,92.378710517482986,3.1242013731963607,5.4512912410404919,10.519453745977778,32.638317854131706,equal fractional weights by retained record; not actual addresses
median,main,K-Means,10,16,42,9691,9207,9239,452,95.335878650294092,True,32,4.4136554780930952,9.9513131015788705,16.696351784091469,26.42294516320559,26.42294516320559,9,103,0,0,34,administrative union; external segment is not a water crossing or road route,3,10,73,576,344,57,12.610619469026549,0,9691,9221.3730070191523,95.153988308937699,4.458921488920633,9.9353896706267726,15.93004267385901,31.528783030798266,equal fractional weights by retained record; not actual addresses
median,main,K-Means,5,40,42,9691,9207,9233,458,95.273965535032502,True,26,2.1960649444914067,4.9311497410320086,7.8374649987114395,15.676243134936634,15.676243134936634,4,17,0,0,0,administrative union; external segment is not a water crossing or road route,2,7,27,488,187,71,15.502183406113538,0,9691,9145.3034032650939,94.369037284749709,2.3363705270353465,5.1788977499843485,7.9484963828309896,20.657816526116978,equal fractional weights by retained record; not actual addresses
median,main,K-Means,3,84,42,9691,9207,9226,465,95.201733567227322,True,19,1.297064148823055,2.9544610898557577,3.9084313726004427,15.676243134936634,15.676243134936634,9,41,0,0,0,administrative union; external segment is not a water crossing or road route,1,5,6,376,142,165,35.483870967741936,0,9691,8988.3582252213309,92.749543135087521,1.5048995218313697,3.3019690841585225,4.8107129146108436,16.640296102402747,equal fractional weights by retained record; not actual addresses
median,main,Ward,10,17,-1,9691,9207,9318,373,96.151068001238258,True,111,4.6349658145973818,9.8166444891784259,12.750059599392509,27.260199209182673,27.260199209182673,52,352,0,0,168,administrative union; external segment is not a water crossing or road route,3,8,82,371,253,68,18.230563002680967,0,9691,9223.7718093739641,95.178741196718235,4.686834878204948,9.9139026404598649,13.273530207224521,33.651565450492889,equal fractional weights by retained record; not actual addresses
median,main,Ward,5,41,-1,9691,9207,9231,460,95.253327829945306,True,24,2.432714067736967,4.9723422987813537,7.5213520320747991,16.151207580081223,16.418279847770268,47,547,0,0,0,administrative union; external segment is not a water crossing or road route,1,5,6,433,132,243,52.826086956521742,0,9691,9113.0119530244883,94.035826571297989,2.5473897767439082,5.2377178951244163,7.6286953124160641,16.414142852757873,equal fractional weights by retained record; not actual addresses
median,main,Ward,3,86,-1,9691,9207,9221,470,95.150139304509338,True,14,1.4489354740821159,2.9646017398975473,3.9084313726008282,8.1586292684629225,8.1586292684629225,39,377,0,0,0,administrative union; external segment is not a water crossing or road route,1,3,6,274,98,269,57.234042553191486,0,9691,8930.5370749909835,92.15289521195939,1.6189836584550834,3.3549539442902327,4.7938676647784142,14.202168601079508,equal fractional weights by retained record; not actual addresses
median,main,Complete,10,22,-1,9691,9207,9250,441,95.449386028273651,True,43,4.6433193457361357,9.5243434297900702,11.769030294525397,15.676243134936351,15.676243134936351,86,539,1,800,149,administrative union; external segment is not a water crossing or road route,0,2,0,54,26,360,81.632653061224488,0,9691,9304.5569135279802,96.012350774202659,4.660692553101299,9.3396838323811675,11.691349621697379,20.657816526117887,equal fractional weights by retained record; not actual addresses
median,main,Complete,5,46,-1,9691,9207,9238,453,95.325559797750486,True,31,2.759993670385589,4.9623214272608278,6.2592196314225932,8.1586292684629225,8.1586292684629225,58,968,0,0,0,administrative union; external segment is not a water crossing or road route,1,3,6,243,68,280,61.810154525386316,0,9691,9125.5323213080064,94.165022405407143,2.8570679068215687,5.140411891611973,6.3963492275872937,14.186864706260199,equal fractional weights by retained record; not actual addresses
median,main,Complete,3,87,-1,9691,9207,9237,454,95.315240945206895,True,30,1.6029890342391926,2.9810079707983688,3.6527976764944543,5.7407977037313707,5.7407977037313707,55,627,0,0,0,administrative union; external segment is not a water crossing or road route,0,1,0,34,14,328,72.246696035242294,0,9691,8890.3348020178601,91.738053885232276,1.7656230008985607,3.3224827097968705,4.2190172824348267,14.255378268160515,equal fractional weights by retained record; not actual addresses
median,main,Average,10,24,-1,9691,9207,9455,236,97.564750799711078,True,248,4.5373343962963766,8.7911609005299169,11.711841227494705,16.571330698323482,16.571330698323482,59,318,0,0,17,administrative union; external segment is not a water crossing or road route,0,3,0,551,125,43,18.220338983050848,0,9691,9423.4781424866724,97.239481400130757,4.5984977704406349,8.9875023513929655,11.650971209593019,17.228515441725836,equal fractional weights by retained record; not actual addresses
median,main,Average,5,53,-1,9691,9207,9267,424,95.624806521514813,True,60,2.5949766432854702,4.8679224332777817,6.2592196314225932,7.3615865020836493,8.1602986519980334,65,770,0,0,0,administrative union; external segment is not a water crossing or road route,0,0,0,0,0,345,81.367924528301884,0,9691,9237.5982800794372,95.32141450912637,2.7030660394123736,4.9445582150844594,6.0074917430083143,14.186864706260199,equal fractional weights by retained record; not actual addresses
median,main,Average,3,98,-1,9691,9207,9207,484,95.005675368898977,True,0,1.5078440493803604,2.9841715998132248,3.5100665475836297,4.8733141755553122,4.9699047944286407,52,567,0,0,0,administrative union; external segment is not a water crossing or road route,0,0,0,0,0,399,82.438016528925615,0,9691,8968.3936806110287,92.543531943153738,1.6977695880062715,3.2437070205113878,4.0425817250839966,9.7668681297303532,equal fractional weights by retained record; not actual addresses
median,main,P-Median,10,23,-1,9691,9207,9249,442,95.439067175730059,True,42,3.235542733960008,9.2373719720299974,18.456434652129058,29.994586323344933,29.994586323344933,0,0,0,0,34,administrative union; external segment is not a water crossing or road route,5,8,176,564,379,0,0,0,9691,9246.6756911606135,95.415082975550646,3.3655679188225833,9.3201642795440165,18.263364634622405,35.127265289949669,equal fractional weights by retained record; not actual addresses
median,main,P-Median,5,53,-1,9691,9207,9233,458,95.273965535032502,True,26,1.7538357362694592,4.8401222453322124,9.5767671756996116,18.037726380963004,18.037726380963004,0,0,0,0,2,administrative union; external segment is not a water crossing or road route,3,8,73,720,289,36,7.8602620087336241,0,9691,9179.5648985827575,94.722576602855824,1.9866978426578312,5.1400539969583798,9.8428081177137638,23.163862812774109,equal fractional weights by retained record; not actual addresses
median,main,MCLP,10,14,-1,9691,9207,9227,464,95.212052419770927,True,20,5.9699946165547138,9.9342746161043181,21.975636712892037,50.831537644512849,50.831537644512849,0,0,0,0,31,administrative union; external segment is not a water crossing or road route,8,11,244,632,386,2,0.43103448275862066,0,9691,9197.0766139655625,94.903277411676427,6.0287156274037708,10.066332424373011,21.187579381873345,54.639110665390795,equal fractional weights by retained record; not actual addresses
median,main,MCLP,5,40,-1,9691,9207,9218,473,95.11918274687855,True,11,2.842040631264064,4.9263537361571048,11.769711721787958,27.3572910885696,27.3572910885696,0,0,0,0,2,administrative union; external segment is not a water crossing or road route,4,10,93,761,350,45,9.513742071881607,0,9691,9057.6527935696286,93.464583567945809,2.9904633279582895,5.42052940921777,11.747817607728084,32.671607466590956,equal fractional weights by retained record; not actual addresses
dedup_full,main,K-Means,10,17,42,9691,9207,9320,371,96.171705706325454,True,113,4.1192285968172797,9.0674576767936337,14.530927057810516,25.653664818717161,25.653664818717161,7,96,0,0,94,administrative union; external segment is not a water crossing or road route,5,9,164,454,279,36,9.703504043126685,0,9691,9267.1807740374406,95.626671902150875,4.2457978508458609,9.544822277374486,15.98623928716159,31.590927667259251,equal fractional weights by retained record; not actual addresses
dedup_full,main,K-Means,5,42,42,9691,9207,9317,374,96.140749148694667,True,110,2.148733064204249,4.7368419313121324,7.1113523609108737,15.220649133420384,15.220649133420384,3,7,0,0,0,administrative union; external segment is not a water crossing or road route,1,4,6,177,63,140,37.433155080213901,0,9691,9143.3087431633212,94.34845468128492,2.3286134269703043,5.173444322926084,7.7147238542490424,18.976038342077143,equal fractional weights by retained record; not actual addresses
dedup_full,main,K-Means,3,84,42,9691,9207,9231,460,95.253327829945306,True,24,1.2820850908111863,2.9899544169019525,3.8023910053758736,12.546398533021193,12.546398533021193,5,67,0,0,0,administrative union; external segment is not a water crossing or road route,0,6,0,265,87,145,31.521739130434781,0,9691,8920.6607953460953,92.050983338624448,1.5179814516554249,3.3520839434076968,4.6707526398542996,14.208459417546154,equal fractional weights by retained record; not actual addresses
dedup_full,main,Ward,10,16,-1,9691,9207,9229,462,95.232690124858109,True,22,4.894644214529972,9.7648384936367929,13.522491304428517,27.031411880307175,27.031411880307175,40,369,1,292,288,administrative union; external segment is not a water crossing or road route,2,8,62,623,279,105,22.727272727272727,0,9691,9171.1447214471482,94.635690036602497,5.0161649369014709,10.2091633655489,13.845746458325433,33.679954654605837,equal fractional weights by retained record; not actual addresses
dedup_full,main,Ward,5,45,-1,9691,9207,9226,465,95.201733567227322,True,19,2.3434509127186489,4.9076028065042792,6.4075460328676366,15.220649133420384,15.220649133420384,75,766,0,0,0,administrative union; external segment is not a water crossing or road route,2,3,41,75,60,283,60.86021505376344,0,9691,9152.3248956605967,94.441491029414891,2.4813929602933347,5.1018911499404247,6.9740344666513057,21.095986064022938,equal fractional weights by retained record; not actual addresses
dedup_full,main,Ward,3,88,-1,9691,9207,9220,471,95.139820451965747,True,13,1.4909011644484427,2.9981339086324672,3.9209376316124556,6.3690997637078173,6.3690997637078173,58,655,0,0,0,administrative union; external segment is not a water crossing or road route,0,1,0,34,14,268,56.900212314225051,0,9691,8863.3564392822645,91.459668138295996,1.6460567036168801,3.4623102547237119,4.5568260281624902,13.028740863673983,equal fractional weights by retained record; not actual addresses
dedup_full,main,Complete,10,17,-1,9691,9207,9220,471,95.139820451965747,True,13,5.7254806460982888,9.9558199309187092,12.04630367533281,18.2649040958567,18.2649040958567,108,1094,1,754,236,administrative union; external segment is not a water crossing or road route,1,3,21,158,87,250,53.07855626326964,0,9691,9138.8914474017547,94.302873257679849,5.8570359891866444,10.184330626085606,12.655905508425084,21.095986064022938,equal fractional weights by retained record; not actual addresses
dedup_full,main,Complete,5,45,-1,9691,9207,9230,461,95.243008977401715,True,23,2.8371921177949178,4.9981868685613522,5.9445061325068203,7.6038009841072016,8.2593842033794242,71,799,0,0,0,administrative union; external segment is not a water crossing or road route,0,0,0,0,0,355,77.006507592190886,0,9691,8991.4131954155109,92.781066922046335,2.9520858091671949,5.2253969864318046,6.2347863751008381,14.19664122937901,equal fractional weights by retained record; not actual addresses
dedup_full,main,Complete,3,91,-1,9691,9207,9217,474,95.108863894334945,True,10,1.5429350245088698,2.9981339086324672,3.5833443512734604,5.0418556340918963,5.0418556340918963,57,677,0,0,0,administrative union; external segment is not a water crossing or road route,0,0,0,0,0,318,67.088607594936704,0,9691,8784.9624433767058,90.650732054243178,1.7438746443009869,3.3671555094242267,4.231499152008662,9.3509523523134881,equal fractional weights by retained record; not actual addresses
dedup_full,main,Average,10,21,-1,9691,9207,9395,296,96.945619647095242,True,188,5.0302028502090694,9.2321010054974639,11.644795682156358,13.15836816157702,16.479658136368961,70,656,0,0,42,administrative union; external segment is not a water crossing or road route,1,4,35,474,151,88,29.72972972972973,0,9691,9351.8331838818485,96.500187636795474,5.182048234326138,9.5274561000146516,11.866877659210976,15.410396175002958,equal fractional weights by retained record; not actual addresses
dedup_full,main,Average,5,48,-1,9691,9207,9250,441,95.449386028273651,True,43,2.7040341321810692,4.9303274924868985,6.4075460328676366,8.3586331588298552,8.3586331588298552,46,373,0,0,0,administrative union; external segment is not a water crossing or road route,0,2,0,138,33,273,61.904761904761905,0,9691,9038.304286334529,93.264929174848092,2.850786287236176,5.249252118575769,6.2681335205002284,12.070681640611586,equal fractional weights by retained record; not actual addresses
dedup_full,main,Average,3,101,-1,9691,9207,9240,451,95.346197502837683,True,33,1.5573867259382461,2.976176451007456,3.3270952810843895,4.3627992126413799,4.4699322431421677,36,400,0,0,0,administrative union; external segment is not a water crossing or road route,0,1,0,75,30,282,62.527716186252775,0,9691,8871.6910236397343,91.545671485292885,1.7812224854953418,3.2376801999892511,3.9873453679186484,9.1669227525002484,equal fractional weights by retained record; not actual addresses
dedup_full,main,P-Median,10,24,-1,9691,9207,9237,454,95.315240945206895,True,30,3.0983461067375893,9.6831063096849075,17.787399318120368,29.118178739705382,29.118178739705382,0,0,0,0,0,administrative union; external segment is not a water crossing or road route,5,10,149,623,356,0,0,0,9691,9198.1525160780111,94.914379486926123,3.2911295169587569,10.075840996150822,17.47024759249382,35.053829643933277,equal fractional weights by retained record; not actual addresses
dedup_full,main,P-Median,5,54,-1,9691,9207,9207,484,95.005675368898977,True,0,1.7281305338747777,4.9998192328232509,8.6848198316651501,17.835411458695276,17.835411458695276,0,0,0,0,1,administrative union; external segment is not a water crossing or road route,3,9,73,773,278,56,11.570247933884298,0,9691,9153.4141850766609,94.452731246276556,1.9959414952004315,5.174677653328672,9.458436983833785,23.772674281277716,equal fractional weights by retained record; not actual addresses
dedup_full,main,MCLP,10,14,-1,9691,9207,9213,478,95.067588484160567,True,6,6.0979838413042193,9.9268294944779338,22.555582920709462,50.711250374849634,50.711250374849634,0,0,0,0,94,administrative union; external segment is not a water crossing or road route,8,10,302,382,342,83,17.364016736401673,0,9691,9150.7269038247359,94.425001587294773,6.2172992774352078,10.183024855226888,22.439808665991912,54.632243499858134,equal fractional weights by retained record; not actual addresses
dedup_full,main,MCLP,5,40,-1,9691,9207,9211,480,95.04695077907337,True,4,2.8895799344947135,4.9974072034268238,10.34145325230679,27.205991911052937,27.205991911052937,0,0,0,0,0,administrative union; external segment is not a water crossing or road route,5,10,114,710,316,40,8.3333333333333339,0,9691,8945.0389739760121,92.302538169188026,3.0595320486939559,5.5916621902623334,10.833806769717745,32.778295381441389,equal fractional weights by retained record; not actual addresses
projected_inverse,main,K-Means,10,16,42,9691,9207,9295,396,95.913734392735535,True,88,4.4088604295672669,9.5464209310207018,12.916360517603705,25.166770067457595,25.166770067457595,0,0,0,0,12,administrative union; external segment is not a water crossing or road route,3,8,108,342,244,61,15.404040404040405,0,9691,9196.0678959098695,94.89286859880167,4.5207246633097204,10.050181207555577,13.844707821669234,31.53578403711553,equal fractional weights by retained record; not actual addresses
projected_inverse,main,K-Means,5,40,42,9691,9207,9261,430,95.562893406253224,True,54,2.1813805329803153,4.8612322691444314,7.4398770323333308,16.299601854540857,16.299601854540857,0,0,0,0,0,administrative union; external segment is not a water crossing or road route,1,7,6,470,181,67,15.581395348837209,0,9691,9132.6030544096266,94.237984257657899,2.3509937233710212,5.2134052568103533,7.9699527195764865,20.746590189394574,equal fractional weights by retained record; not actual addresses
projected_inverse,main,K-Means,3,84,42,9691,9207,9223,468,95.170777009596534,True,16,1.2938893155350679,2.9870903000946418,4.0295652657131757,12.996081475835553,12.996081475835553,0,0,0,0,0,administrative union; external segment is not a water crossing or road route,0,5,0,277,92,195,41.666666666666664,0,9691,8933.7090822479913,92.185626687111665,1.5387619531496104,3.3431429760487674,4.8728745237608644,14.208581395386108,equal fractional weights by retained record; not actual addresses
projected_inverse,main,Ward,10,16,-1,9691,9207,9215,476,95.088226189247749,True,8,4.8378709555365251,9.8737590376409869,12.974873142224036,26.748238415118479,26.748238415118479,60,343,0,0,118,administrative union; external segment is not a water crossing or road route,1,5,27,157,124,286,60.084033613445378,0,9691,9097.1649094544919,93.872303265447243,4.9706996494950779,10.698098921962618,13.662384870010859,33.711477359526214,equal fractional weights by retained record; not actual addresses
projected_inverse,main,Ward,5,45,-1,9691,9207,9214,477,95.077907336704158,True,7,2.4094637246819928,4.9899390299001354,6.2301375243427524,15.265084677999994,15.265084677999994,56,511,0,0,0,administrative union; external segment is not a water crossing or road route,2,4,41,131,73,327,68.55345911949685,0,9691,9146.6986702331924,94.383434838852466,2.5397434381267834,5.135677978042958,6.6904794908654495,20.746590189393924,equal fractional weights by retained record; not actual addresses
projected_inverse,main,Ward,3,88,-1,9691,9207,9208,483,95.015994221442583,True,1,1.471499169080801,2.9990381238983073,4.21590377707202,6.2500147819659899,6.2500147819659899,43,495,0,0,0,administrative union; external segment is not a water crossing or road route,0,1,0,34,14,311,64.389233954451342,0,9691,8893.1550593803331,91.76715570509063,1.6523075875638598,3.3004043324879273,4.3827953466078231,14.083355816745422,equal fractional weights by retained record; not actual addresses
projected_partition_angular,main,K-Means,10,16,42,9691,9207,9295,396,95.913734392735535,True,88,4.4136562582945089,9.5460517846240549,12.916264671197101,25.166930529399892,25.166930529399892,3,48,0,0,12,administrative union; external segment is not a water crossing or road route,3,8,108,342,244,61,15.404040404040405,0,9691,9201.0884278695466,94.94467472778399,4.5252983581941741,10.017628378417161,13.844789101173403,31.535946843001426,equal fractional weights by retained record; not actual addresses
projected_partition_angular,main,K-Means,5,40,42,9691,9207,9261,430,95.562893406253224,True,54,2.1813885072992893,4.861351461045488,7.4400715960098021,16.299743927271059,16.299743927271059,0,0,0,0,0,administrative union; external segment is not a water crossing or road route,1,7,6,470,181,67,15.581395348837209,0,9691,9132.6030544096266,94.237984257657899,2.3509999793100911,5.2134370840768849,7.9700310289811744,20.746641442767046,equal fractional weights by retained record; not actual addresses
projected_partition_angular,main,K-Means,3,84,42,9691,9207,9223,468,95.170777009596534,True,16,1.2938905431298289,2.9870604545367003,4.0295562215476659,12.996052512646887,12.996052512646887,0,0,0,0,0,administrative union; external segment is not a water crossing or road route,0,5,0,277,92,195,41.666666666666664,0,9691,8933.7090822479913,92.185626687111665,1.5387626957788949,3.3431648718066227,4.8729430676776273,14.208515913569396,equal fractional weights by retained record; not actual addresses
projected_partition_angular,main,Ward,10,16,-1,9691,9207,9215,476,95.088226189247749,True,8,4.8378690652719749,9.8737966445103087,12.974837414287947,26.746525346534241,26.746525346534241,60,343,0,0,118,administrative union; external segment is not a water crossing or road route,1,5,27,157,124,286,60.084033613445378,0,9691,9097.1649094544919,93.872303265447243,4.9707013457307578,10.698050173591314,13.65982848946266,33.709927599943747,equal fractional weights by retained record; not actual addresses
projected_partition_angular,main,Ward,5,45,-1,9691,9207,9214,477,95.077907336704158,True,7,2.4094681350914664,4.9899793820243303,6.230239680517383,15.264598378487985,15.264598378487985,56,511,0,0,0,administrative union; external segment is not a water crossing or road route,2,4,41,131,73,327,68.55345911949685,0,9691,9146.6986702331924,94.383434838852466,2.5397494742272859,5.1357269901341684,6.6905418173365394,20.746641442767046,equal fractional weights by retained record; not actual addresses
projected_partition_angular,main,Ward,3,88,-1,9691,9207,9208,483,95.015994221442583,True,1,1.4715027675100159,2.9990528296123724,4.2159132478417201,6.2499579229461855,6.2499579229461855,43,495,0,0,0,administrative union; external segment is not a water crossing or road route,0,1,0,34,14,311,64.389233954451342,0,9691,8893.066243590858,91.766239228055497,1.6523121682065058,3.3004004226093064,4.3827665826894791,14.08328383611452,equal fractional weights by retained record; not actual addresses
J_all828,main,P-Median,10,19,-1,9691,9207,9270,421,95.655763079145601,True,63,3.6842249532781848,9.5164918923334039,17.765507929770003,34.826247011699678,34.826247011699678,0,0,0,0,23,administrative union; external segment is not a water crossing or road route,7,8,188,292,236,69,16.389548693586697,0,9691,9208.7752307769606,95.023993713517299,3.8207734111043741,9.992543793556445,19.094435985629282,41.831989076291954,equal fractional weights by retained record; not actual addresses
J_all828,main,P-Median,5,47,-1,9691,9207,9223,468,95.170777009596534,True,16,1.8245529241620788,4.9639354669297431,7.6385333085583866,16.550308693700245,16.550308693700245,0,0,0,0,0,administrative union; external segment is not a water crossing or road route,2,7,40,470,183,113,24.145299145299145,0,9691,9078.7107662818526,93.68187768323034,2.0976675770002187,5.4288410573876051,8.3348542706519186,22.880668279237383,equal fractional weights by retained record; not actual addresses
J_all828,main,P-Median,3,89,-1,9691,9207,9225,466,95.191414714683731,True,18,1.1283480366137582,2.9577003772494028,5.2342604964043042,16.550308693700245,16.550308693700245,0,0,0,0,0,administrative union; external segment is not a water crossing or road route,1,7,6,629,176,133,28.540772532188843,0,9691,8922.6625269230735,92.071638911599152,1.4651009885638739,3.4295608575560754,5.5194137109008619,17.151112434322357,equal fractional weights by retained record; not actual addresses
J_all828,main,MCLP,10,12,-1,9691,9207,9275,416,95.707357341863585,True,68,6.4560683839720863,9.8109897210008636,19.270121815267505,43.183620604941176,43.183620604941176,0,0,1,666,143,administrative union; external segment is not a water crossing or road route,7,9,188,326,250,105,25.240384615384617,0,9691,9152.9762024804513,94.448211768449596,6.5720537768438732,10.186786819985651,19.105436037700816,50.141255582184883,equal fractional weights by retained record; not actual addresses
J_all828,main,MCLP,5,32,-1,9691,9207,9234,457,95.284284387576108,True,27,3.3892307179104337,4.9427017610386823,20.136948757424015,39.469536332057686,39.469536332057686,0,0,0,0,0,administrative union; external segment is not a water crossing or road route,7,9,176,384,264,51,11.159737417943107,0,9691,8776.3382814363376,90.561740598868411,3.5142611620732693,6.1212755606603686,19.946340183416435,46.45110364931012,equal fractional weights by retained record; not actual addresses
J_all828,main,MCLP,3,64,-1,9691,9207,9207,484,95.005675368898977,True,0,1.8992564553053859,2.9992824574217711,9.1493454353589101,26.950553178813898,26.950553178813898,0,0,0,0,0,administrative union; external segment is not a water crossing or road route,5,7,114,274,172,116,23.966942148760332,0,9691,8462.6098672050866,87.324423353679563,2.1304648321391326,3.7473467074467113,9.884552700484651,32.772898322919858,equal fractional weights by retained record; not actual addresses
J_union825,main,P-Median,10,19,-1,9691,9207,9270,421,95.655763079145601,True,63,3.6842249532781848,9.5164918923334039,17.765507929770003,34.826247011699678,34.826247011699678,0,0,0,0,23,administrative union; external segment is not a water crossing or road route,7,8,188,292,236,69,16.389548693586697,0,9691,9208.7752307769606,95.023993713517299,3.8207734111043741,9.992543793556445,19.094435985629282,41.831989076291954,equal fractional weights by retained record; not actual addresses
J_union825,main,P-Median,5,47,-1,9691,9207,9223,468,95.170777009596534,True,16,1.8245529241620788,4.9639354669297431,7.6385333085583866,16.550308693700245,16.550308693700245,0,0,0,0,0,administrative union; external segment is not a water crossing or road route,2,7,40,470,183,113,24.145299145299145,0,9691,9078.7107662818526,93.68187768323034,2.0976675770002187,5.4288410573876051,8.3348542706519186,22.880668279237383,equal fractional weights by retained record; not actual addresses
J_union825,main,P-Median,3,89,-1,9691,9207,9225,466,95.191414714683731,True,18,1.1283480366137582,2.9577003772494028,5.2342604964043042,16.550308693700245,16.550308693700245,0,0,0,0,0,administrative union; external segment is not a water crossing or road route,1,7,6,629,176,133,28.540772532188843,0,9691,8922.6625269230735,92.071638911599152,1.4651009885638739,3.4295608575560754,5.5194137109008619,17.151112434322357,equal fractional weights by retained record; not actual addresses
J_union825,main,MCLP,10,12,-1,9691,9207,9275,416,95.707357341863585,True,68,6.5267811064203949,9.8109897210008636,19.270121815267505,43.183620604941176,43.183620604941176,0,0,0,0,52,administrative union; external segment is not a water crossing or road route,7,9,188,326,250,105,25.240384615384617,0,9691,9153.7012024804535,94.455692936543727,6.6386108961573793,10.186786819985651,19.105436037700816,50.141255582184883,equal fractional weights by retained record; not actual addresses
J_union825,main,MCLP,5,32,-1,9691,9207,9234,457,95.284284387576108,True,27,3.3892307179104337,4.9427017610386823,20.136948757424015,39.469536332057686,39.469536332057686,0,0,0,0,0,administrative union; external segment is not a water crossing or road route,7,9,176,384,264,51,11.159737417943107,0,9691,8776.3382814363376,90.561740598868411,3.5142611620732693,6.1212755606603686,19.946340183416435,46.45110364931012,equal fractional weights by retained record; not actual addresses
J_union825,main,MCLP,3,64,-1,9691,9207,9207,484,95.005675368898977,True,0,1.8992564553053859,2.9992824574217711,9.1493454353589101,26.950553178813898,26.950553178813898,0,0,0,0,0,administrative union; external segment is not a water crossing or road route,5,7,114,274,172,116,23.966942148760332,0,9691,8462.6098672050866,87.324423353679563,2.1304648321391326,3.7473467074467113,9.884552700484651,32.772898322919858,equal fractional weights by retained record; not actual addresses
J300_tie_reverse,main,P-Median,10,23,-1,9691,9207,9233,458,95.273965535032502,True,26,3.2175056416002001,9.3731102679758589,17.737282708984711,28.687629604511976,28.687629604511976,0,0,0,0,0,administrative union; external segment is not a water crossing or road route,6,10,182,623,395,0,0,0,9691,9229.231657629145,95.235080565773856,3.3657696994038542,9.628175747655817,17.397014889541577,35.051762227907368,equal fractional weights by retained record; not actual addresses
J300_tie_reverse,main,P-Median,5,55,-1,9691,9207,9234,457,95.284284387576108,True,27,1.7086482108052976,4.9191927569365559,8.635430895616734,16.550308693700245,16.550308693700245,0,0,0,0,0,administrative union; external segment is not a water crossing or road route,3,9,73,773,296,39,8.5339168490153181,0,9691,9161.4480811638405,94.535631835350742,1.9808242611595941,5.1373502460934732,9.4331319464133685,22.880668279237383,equal fractional weights by retained record; not actual addresses
J300_tie_reverse,main,MCLP,10,14,-1,9691,9207,9237,454,95.315240945206895,True,30,6.1039299222537862,9.8109897210008636,22.557734763168511,50.478912053681697,50.478912053681697,0,0,1,644,128,administrative union; external segment is not a water crossing or road route,8,10,302,382,342,33,7.2687224669603525,0,9691,9186.3064283243639,94.792141454177724,6.2051964862449172,10.085006109477961,22.520655990622448,54.564932311337714,equal fractional weights by retained record; not actual addresses
J300_tie_reverse,main,MCLP,5,40,-1,9691,9207,9225,466,95.191414714683731,True,18,2.888230507824459,4.9372601114134502,10.381628712023282,26.950553178813898,26.950553178813898,0,0,0,0,0,administrative union; external segment is not a water crossing or road route,5,10,114,710,314,64,13.733905579399142,0,9691,8992.7817805610321,92.795189150356322,3.0672738237767674,5.4382812077374112,10.539512032573848,32.772898322919858,equal fractional weights by retained record; not actual addresses
J_all828_legacy_order,main,P-Median,10,19,-1,9691,9207,9270,421,95.655763079145601,True,63,3.6842750514107809,9.5164918923334039,17.765507929770003,34.826247011699678,34.826247011699678,0,0,0,0,23,administrative union; external segment is not a water crossing or road route,7,8,188,292,236,69,16.389548693586697,0,9691,9208.7752307769606,95.023993713517299,3.8217459783354326,9.992543793556445,19.094435985629282,41.831989076291954,equal fractional weights by retained record; not actual addresses
J_all828_legacy_order,main,P-Median,5,48,-1,9691,9207,9259,432,95.542255701166027,True,52,1.8022056520705887,4.9273203420245029,7.6974307764349277,16.550308693700245,16.550308693700245,0,0,0,0,0,administrative union; external segment is not a water crossing or road route,2,7,40,470,183,77,17.824074074074073,0,9691,9131.7024237597616,94.228690782785691,2.0565855164495406,5.2390084710817106,8.4387903221067493,22.880668279237383,equal fractional weights by retained record; not actual addresses
J_all828_legacy_order,main,P-Median,3,90,-1,9691,9207,9207,484,95.005675368898977,True,0,1.119434310612806,2.9970725880140545,5.203303626132989,16.550308693700245,16.550308693700245,0,0,0,0,0,administrative union; external segment is not a water crossing or road route,1,7,6,629,185,120,24.793388429752067,0,9691,8933.1808629974948,92.180176070555092,1.4552119436036044,3.4828286938987421,5.465158831064838,17.151112434322357,equal fractional weights by retained record; not actual addresses
J_all828_legacy_order,main,MCLP,10,12,-1,9691,9207,9275,416,95.707357341863585,True,68,6.5267811064203949,9.8109897210008636,19.270121815267505,43.183620604941176,43.183620604941176,0,0,0,0,52,administrative union; external segment is not a water crossing or road route,7,9,188,326,250,105,25.240384615384617,0,9691,9153.7012024804535,94.455692936543727,6.6386108961573793,10.186786819985651,19.105436037700816,50.141255582184883,equal fractional weights by retained record; not actual addresses
J_all828_legacy_order,main,MCLP,5,32,-1,9691,9207,9234,457,95.284284387576108,True,27,3.4005809351103302,4.9427017610386823,20.136948757424015,39.469536332057686,39.469536332057686,0,0,0,0,0,administrative union; external segment is not a water crossing or road route,7,9,176,384,264,51,11.159737417943107,0,9691,8773.508494202295,90.532540441670562,3.5240992525391999,6.1230266978642085,19.946340183416435,46.45110364931012,equal fractional weights by retained record; not actual addresses
J_all828_legacy_order,main,MCLP,3,64,-1,9691,9207,9207,484,95.005675368898977,True,0,1.9038968979591149,2.9992824574217711,9.7302114454057218,26.950553178813898,26.950553178813898,0,0,0,0,0,administrative union; external segment is not a water crossing or road route,5,7,114,274,172,116,23.966942148760332,0,9691,8427.7299257638024,86.964502381217656,2.1229234730238917,3.8403934315349524,10.109226012847326,32.772898322919858,equal fractional weights by retained record; not actual addresses
J_union825_legacy_order,main,P-Median,10,19,-1,9691,9207,9270,421,95.655763079145601,True,63,3.6842750514107809,9.5164918923334039,17.765507929770003,34.826247011699678,34.826247011699678,0,0,0,0,23,administrative union; external segment is not a water crossing or road route,7,8,188,292,236,69,16.389548693586697,0,9691,9208.7752307769606,95.023993713517299,3.8217459783354326,9.992543793556445,19.094435985629282,41.831989076291954,equal fractional weights by retained record; not actual addresses
J_union825_legacy_order,main,P-Median,5,48,-1,9691,9207,9259,432,95.542255701166027,True,52,1.8022056520705887,4.9273203420245029,7.6974307764349277,16.550308693700245,16.550308693700245,0,0,0,0,0,administrative union; external segment is not a water crossing or road route,2,7,40,470,183,77,17.824074074074073,0,9691,9131.7024237597616,94.228690782785691,2.0565855164495406,5.2390084710817106,8.4387903221067493,22.880668279237383,equal fractional weights by retained record; not actual addresses
J_union825_legacy_order,main,P-Median,3,90,-1,9691,9207,9207,484,95.005675368898977,True,0,1.119434310612806,2.9970725880140545,5.203303626132989,16.550308693700245,16.550308693700245,0,0,0,0,0,administrative union; external segment is not a water crossing or road route,1,7,6,629,185,120,24.793388429752067,0,9691,8933.1808629974948,92.180176070555092,1.4552119436036044,3.4828286938987421,5.465158831064838,17.151112434322357,equal fractional weights by retained record; not actual addresses
J_union825_legacy_order,main,MCLP,10,12,-1,9691,9207,9275,416,95.707357341863585,True,68,6.5267811064203949,9.8109897210008636,19.270121815267505,43.183620604941176,43.183620604941176,0,0,0,0,52,administrative union; external segment is not a water crossing or road route,7,9,188,326,250,105,25.240384615384617,0,9691,9153.7012024804535,94.455692936543727,6.6386108961573793,10.186786819985651,19.105436037700816,50.141255582184883,equal fractional weights by retained record; not actual addresses
J_union825_legacy_order,main,MCLP,5,32,-1,9691,9207,9234,457,95.284284387576108,True,27,3.4005809351103302,4.9427017610386823,20.136948757424015,39.469536332057686,39.469536332057686,0,0,0,0,0,administrative union; external segment is not a water crossing or road route,7,9,176,384,264,51,11.159737417943107,0,9691,8773.508494202295,90.532540441670562,3.5240992525391999,6.1230266978642085,19.946340183416435,46.45110364931012,equal fractional weights by retained record; not actual addresses
J_union825_legacy_order,main,MCLP,3,64,-1,9691,9207,9207,484,95.005675368898977,True,0,1.9038968979591149,2.9992824574217711,9.7302114454057218,26.950553178813898,26.950553178813898,0,0,0,0,0,administrative union; external segment is not a water crossing or road route,5,7,114,274,172,116,23.966942148760332,0,9691,8427.7299257638024,86.964502381217656,2.1229234730238917,3.8403934315349524,10.109226012847326,32.772898322919858,equal fractional weights by retained record; not actual addresses
D16,D16,K-Means,10,17,42,9707,9222,9355,352,96.373750901411356,True,133,4.2714260402321145,9.1449134270813683,13.80317568598238,25.166930529399814,25.166930529399814,8,63,0,0,15,administrative union; external segment is not a water crossing or road route,4,9,115,364,251,17,4.8295454545454541,16,9707,9316.6941518448657,95.979130028277169,4.3814361675395475,9.5179387508893321,13.995608330753198,31.535946843001348,equal fractional weights by retained record; not actual addresses
D16,D16,K-Means,5,42,42,9707,9222,9251,456,95.302359122282894,True,29,2.1082132526518009,4.8564612672037617,7.257430332742052,14.026535802652818,14.026535802652818,7,22,0,0,0,administrative union; external segment is not a water crossing or road route,1,9,6,627,223,90,19.736842105263158,16,9707,9134.6764408319796,94.104011958709989,2.2855772203948828,5.2431613632598175,8.0497196271772733,20.393104984392039,equal fractional weights by retained record; not actual addresses
D16,D16,K-Means,3,83,42,9707,9222,9236,471,95.147831461831672,True,14,1.3375276959659859,2.986439819044862,4.2331341454796796,12.996052512646255,12.996052512646255,3,27,0,0,0,administrative union; external segment is not a water crossing or road route,0,5,0,325,92,211,44.798301486199577,16,9707,8987.728549235293,92.590177698931626,1.5647070679882105,3.3431281078616277,4.8461281430376646,14.208515913569148,equal fractional weights by retained record; not actual addresses
D16,D16,Ward,10,17,-1,9707,9222,9240,467,95.189038837951998,True,18,4.7404063758763044,9.8737966445103087,12.395759490981069,25.166930529399892,25.166930529399892,43,328,0,0,118,administrative union; external segment is not a water crossing or road route,3,6,69,158,123,286,61.241970021413273,16,9707,9144.5464569599953,94.205691325435197,4.8794263368687085,10.505276007835915,13.271521342806674,31.535946843001426,equal fractional weights by retained record; not actual addresses
D16,D16,Ward,5,42,-1,9707,9222,9233,474,95.116925929741427,True,11,2.4049081881238754,4.9899793820243303,6.6061157974916425,14.377953932952144,14.377953932952144,61,622,0,0,0,administrative union; external segment is not a water crossing or road route,1,5,6,164,78,243,51.265822784810126,16,9707,9108.8213539181452,93.837656885939481,2.5351098831836305,5.3072729275017059,7.5584080834153111,20.746641442767046,equal fractional weights by retained record; not actual addresses
D16,D16,Ward,3,81,-1,9707,9222,9227,480,95.055114865560938,True,5,1.6073388314499775,2.9965823106842948,4.3217487496001352,8.476521242362951,8.476521242362951,39,470,0,0,0,administrative union; external segment is not a water crossing or road route,1,2,6,40,20,227,47.291666666666664,16,9707,8843.2690717710448,91.101978693427881,1.7652465961968029,3.4602069512484595,4.8729786344757464,14.08328383611452,equal fractional weights by retained record; not actual addresses
D16,D16,Complete,10,19,-1,9707,9222,9275,432,95.549603379004836,True,53,4.8312940467254881,9.760963339148045,12.056220454770822,14.431656061822702,15.393847494829547,62,558,0,0,55,administrative union; external segment is not a water crossing or road route,1,8,6,741,225,124,28.703703703703702,16,9707,9229.9401206706225,95.085403530139303,4.9577316470127162,9.9729614131759394,12.149194468301255,20.746641442767046,equal fractional weights by retained record; not actual addresses
D16,D16,Complete,5,46,-1,9707,9222,9231,476,95.096322241681264,True,9,2.7405039451530997,4.956326182301563,6.2906693168227212,10.461187366852062,10.461187366852062,75,537,0,0,0,administrative union; external segment is not a water crossing or road route,0,1,0,124,25,302,63.445378151260506,16,9707,9121.7874971060792,93.971232070733279,2.8505551264284308,5.1374673390718488,6.8416690525833861,14.194128689673525,equal fractional weights by retained record; not actual addresses
D16,D16,Complete,3,89,-1,9707,9222,9236,471,95.147831461831672,True,14,1.5351139826251916,2.9503917509831732,3.8201527897651895,5.3458960582960309,5.3458960582960309,59,435,0,0,0,administrative union; external segment is not a water crossing or road route,0,1,0,34,14,296,62.845010615711253,16,9707,8795.1900828694088,90.60667644863922,1.7188703516411226,3.448641224868588,4.5036490934790203,9.3464734892698509,equal fractional weights by retained record; not actual addresses
D16,D16,Average,10,25,-1,9707,9222,9380,327,96.631297002163393,True,158,4.5587276167619111,9.4268788496490288,11.472124793185078,12.598147455231135,15.393847494829547,62,417,0,0,47,administrative union; external segment is not a water crossing or road route,1,3,35,670,205,43,13.149847094801224,16,9707,9327.1093975650347,96.086426265221334,4.678135222208371,9.4948145533648152,11.616685531339009,15.278081717236672,equal fractional weights by retained record; not actual addresses
D16,D16,Average,5,54,-1,9707,9222,9336,371,96.178015864839807,True,114,2.5931898223357694,4.8273811623820082,6.0745889397242339,6.6061157974916425,7.280018448458522,57,642,0,0,0,administrative union; external segment is not a water crossing or road route,0,1,0,34,9,285,76.819407008086259,16,9707,9242.0988106447676,95.210660457863071,2.7315494923551129,4.9750447918672318,5.9652580044279748,10.617995255332456,equal fractional weights by retained record; not actual addresses
D16,D16,Average,3,100,-1,9707,9222,9222,485,95.003605645410531,True,0,1.551135761485074,2.9984134943599412,3.2692502478373693,4.6599864100160904,4.6625223205686721,44,402,0,0,0,administrative union; external segment is not a water crossing or road route,0,0,0,0,0,393,81.030927835051543,16,9707,8852.6907047212117,91.199038886589179,1.7706431227196489,3.2878006059341356,4.0284848808320621,9.3464734892698509,equal fractional weights by retained record; not actual addresses
D16,D16,P-Median,10,24,-1,9707,9222,9223,484,95.013907489440612,True,1,3.1444666469772433,9.793143135945483,17.853350279639436,28.687629604511976,28.687629604511976,0,0,0,0,21,administrative union; external segment is not a water crossing or road route,6,11,197,771,411,0,0,16,9707,9194.5383647580984,94.720700162337465,3.309656345485251,10.265315604395489,17.643053966199179,35.051762227907368,equal fractional weights by retained record; not actual addresses
D16,D16,P-Median,5,56,-1,9707,9222,9245,462,95.240548058102405,True,23,1.7114558002941755,4.9191927569365559,8.4805187528079635,16.519318658721907,16.519318658721907,0,0,0,0,0,administrative union; external segment is not a water crossing or road route,3,9,73,773,296,39,8.4415584415584419,16,9707,9173.0784009309973,94.499622962099494,1.9825404719070374,5.143946173070602,9.4202041418658524,22.880668279237383,equal fractional weights by retained record; not actual addresses
D16,D16,MCLP,10,15,-1,9707,9222,9251,456,95.302359122282894,True,29,6.1317768592942379,9.8901151935600833,25.242508257664099,50.478912053681697,50.478912053681697,0,0,1,487,105,administrative union; external segment is not a water crossing or road route,9,10,352,398,366,33,7.2368421052631575,16,9707,9191.1921838851722,94.686228328888149,6.239870203317964,10.139767253402603,24.155126612247788,54.564932311337714,equal fractional weights by retained record; not actual addresses
D16,D16,MCLP,5,40,-1,9707,9222,9225,482,95.034511177500775,True,3,2.9999732912210533,4.958336792146202,10.505995828432589,26.950553178813898,26.950553178813898,0,0,0,0,0,administrative union; external segment is not a water crossing or road route,5,10,129,725,329,54,11.203319502074688,16,9707,8950.1692030057075,92.203247172202609,3.1509153688454852,5.5075243660895854,11.199084078080933,32.772898322919858,equal fractional weights by retained record; not actual addresses
D16_main300fixed,D16,P-Median,10,24,-1,9707,9222,9223,484,95.013907489440612,True,1,3.1444666469772433,9.793143135945483,17.853350279639436,28.687629604511976,28.687629604511976,0,0,0,0,21,administrative union; external segment is not a water crossing or road route,6,11,197,771,411,0,0,16,9707,9194.5383647580984,94.720700162337465,3.309656345485251,10.265315604395489,17.643053966199179,35.051762227907368,equal fractional weights by retained record; not actual addresses
D16_main300fixed,D16,P-Median,5,55,-1,9707,9222,9234,473,95.127227773771509,True,12,1.7324573455096375,4.9372601114134502,9.010586105722183,16.550308693700245,16.550308693700245,0,0,0,0,0,administrative union; external segment is not a water crossing or road route,3,10,73,808,312,39,8.2452431289640593,16,9707,9161.9450675976641,94.384929098564584,2.0021783659159249,5.1844121176599263,9.8812687907838708,22.880668279237383,equal fractional weights by retained record; not actual addresses
D16_main300fixed,D16,MCLP,10,15,-1,9707,9222,9251,456,95.302359122282894,True,29,6.1317768592942379,9.8901151935600833,25.242508257664099,50.478912053681697,50.478912053681697,0,0,1,487,105,administrative union; external segment is not a water crossing or road route,9,10,352,398,366,33,7.2368421052631575,16,9707,9191.1921838851722,94.686228328888149,6.239870203317964,10.139767253402603,24.155126612247788,54.564932311337714,equal fractional weights by retained record; not actual addresses
D16_main300fixed,D16,MCLP,5,40,-1,9707,9222,9225,482,95.034511177500775,True,3,2.9999732912210533,4.958336792146202,10.505995828432589,26.950553178813898,26.950553178813898,0,0,0,0,0,administrative union; external segment is not a water crossing or road route,5,10,129,725,329,54,11.203319502074688,16,9707,8950.1692030057075,92.203247172202609,3.1509153688454852,5.5075243660895854,11.199084078080933,32.772898322919858,equal fractional weights by retained record; not actual addresses
D22,D22,K-Means,10,19,42,9713,9228,9432,281,97.106970040152376,True,204,3.9445781993124274,8.4121653002825898,13.495659863615703,25.166930529399814,25.166930529399814,8,80,0,0,118,administrative union; external segment is not a water crossing or road route,4,8,115,260,215,4,1.4234875444839858,22,9713,9386.0058936791847,96.633438625339082,4.0578832989191413,8.7892399615386854,13.775439270912331,31.535946843001348,equal fractional weights by retained record; not actual addresses
D22,D22,K-Means,5,41,42,9713,9228,9319,394,95.943580768042835,True,91,2.1990192332024296,4.5413410798897234,7.0926670555203675,16.299743927271756,16.299743927271756,5,45,0,0,0,administrative union; external segment is not a water crossing or road route,1,7,6,600,182,58,14.720812182741117,22,9713,9173.7551003932513,94.448214767767439,2.3632431465398769,5.1369014049435906,7.8478037832115071,20.393104984392039,equal fractional weights by retained record; not actual addresses
D22,D22,K-Means,3,85,42,9713,9228,9259,454,95.32585195099351,True,31,1.2909141708602809,2.9512390901628502,4.2749863076457704,12.996052512646255,12.996052512646255,6,28,0,0,0,administrative union; external segment is not a water crossing or road route,0,6,0,381,122,173,38.105726872246699,22,9713,9015.6065396968661,92.819999379150275,1.5237133351719829,3.3169025916445407,4.9613783901574511,14.106420886322196,equal fractional weights by retained record; not actual addresses
D22,D22,Ward,10,17,-1,9713,9228,9239,474,95.119942345310406,True,11,4.7388741052915266,9.8737966445103087,12.389419135062203,25.166930529399892,25.166930529399892,43,328,0,0,118,administrative union; external segment is not a water crossing or road route,3,6,69,158,123,293,61.814345991561183,22,9713,9150.4257673048232,94.208028078913031,4.8778164034604758,10.502579807664155,13.264055558310657,31.535946843001426,equal fractional weights by retained record; not actual addresses
D22,D22,Ward,5,42,-1,9713,9228,9239,474,95.119942345310406,True,11,2.4045300400077938,4.9899793820243303,6.6061157974916425,14.377953932952144,14.377953932952144,61,622,0,0,0,administrative union; external segment is not a water crossing or road route,1,5,6,164,78,243,51.265822784810126,22,9713,9114.8213539181452,93.841463542861575,2.5346070733572503,5.3048928615577253,7.5584080834153111,20.746641442767046,equal fractional weights by retained record; not actual addresses
D22,D22,Ward,3,81,-1,9713,9228,9231,482,95.037578503037167,True,3,1.607946007082826,2.9965823106842948,4.3217487496001352,8.476521242362951,8.476521242362951,39,470,0,0,0,administrative union; external segment is not a water crossing or road route,1,2,6,40,20,229,47.510373443983404,22,9713,8847.6216116534979,91.090513864444532,1.7656191717090512,3.4602069512484595,4.8723201198498387,14.08328383611452,equal fractional weights by retained record; not actual addresses
D22,D22,Complete,10,19,-1,9713,9228,9281,432,95.552352517244927,True,53,4.8292711884460795,9.7571148051683103,12.052277318076584,14.431516614285142,15.393847494829547,62,558,0,0,55,administrative union; external segment is not a water crossing or road route,1,8,6,741,225,124,28.703703703703702,22,9713,9236.1484174033121,95.090583932907577,4.9556390467694129,9.9700982434896996,12.150281530377079,20.746641442767046,equal fractional weights by retained record; not actual addresses
D22,D22,Complete,5,47,-1,9713,9228,9253,460,95.264079069288584,True,25,2.7150059276335745,4.9338275592102381,6.2906693168227212,10.461187366852062,10.461187366852062,83,591,0,0,0,administrative union; external segment is not a water crossing or road route,0,1,0,124,25,286,62.173913043478258,22,9713,9153.7861672880681,94.242625010687419,2.8244193120539043,5.1113816912485905,6.8265716568241892,14.194128689673525,equal fractional weights by retained record; not actual addresses
D22,D22,Complete,3,90,-1,9713,9228,9233,480,95.058169463605481,True,5,1.5394497337614355,2.9870604545367003,3.8201527897651895,5.3458960582960309,5.3458960582960309,67,558,0,0,0,administrative union; external segment is not a water crossing or road route,0,1,0,34,14,331,68.958333333333329,22,9713,8819.1211778962497,90.797088210606915,1.7261396009403256,3.4038385656382308,4.4767714819633619,9.3464734892698509,equal fractional weights by retained record; not actual addresses
D22,D22,Average,10,25,-1,9713,9228,9386,327,96.633377947081229,True,158,4.5575533541567532,9.4268788496490288,11.472124793185078,12.598147455231135,15.393847494829547,62,417,0,0,47,administrative union; external segment is not a water crossing or road route,1,3,35,670,205,43,13.149847094801224,22,9713,9332.736997147631,96.085009751339754,4.676891080146425,9.4948145533648152,11.617005564235914,15.278081717236672,equal fractional weights by retained record; not actual addresses
D22,D22,Average,5,54,-1,9713,9228,9340,373,96.159785854010096,True,112,2.5942757010886428,4.8449325612292693,6.0745889397242339,6.7289475758999338,7.5635232763923899,58,644,0,0,0,administrative union; external segment is not a water crossing or road route,0,1,0,34,9,287,76.943699731903479,22,9713,9244.9954759307584,95.18166864954965,2.7326515157388109,4.9781898943604981,5.9809462732006233,10.617995255332456,equal fractional weights by retained record; not actual addresses
D22,D22,Average,3,101,-1,9713,9228,9228,485,95.006692062184698,True,0,1.5509640034425001,2.9984134943599412,3.2674749245272361,4.6599864100160904,4.6625223205686721,43,416,0,0,0,administrative union; external segment is not a water crossing or road route,0,0,0,0,0,400,82.474226804123717,22,9713,8873.0717908536681,91.352535682628101,1.7704000114449427,3.2721284869839087,4.0093817669460821,9.3464734892698509,equal fractional weights by retained record; not actual addresses
D22,D22,P-Median,10,24,-1,9713,9228,9229,484,95.016987542468854,True,1,3.1445276374631446,9.7704840331886729,17.853350279639436,28.687629604511976,28.687629604511976,0,0,0,0,21,administrative union; external segment is not a water crossing or road route,6,11,197,771,411,0,0,22,9713,9201.7688128290592,94.736629391836289,3.3106238085596198,10.23648645228614,17.606024160463402,35.051762227907368,equal fractional weights by retained record; not actual addresses
D22,D22,P-Median,5,56,-1,9713,9228,9251,462,95.243488108720271,True,23,1.711421270500904,4.9191927569365559,8.4805187528079635,16.519318658721907,16.519318658721907,0,0,0,0,0,administrative union; external segment is not a water crossing or road route,3,9,73,773,296,39,8.4415584415584419,22,9713,9179.0784009309973,94.503020703500439,1.9823384853002504,5.1413269955073169,9.4166701375873281,22.880668279237383,equal fractional weights by retained record; not actual addresses
D22,D22,MCLP,10,15,-1,9713,9228,9257,456,95.305260990425197,True,29,6.1298357256330132,9.8901151935600833,25.242508257664099,50.478912053681697,50.478912053681697,0,0,1,489,107,administrative union; external segment is not a water crossing or road route,9,10,352,398,366,33,7.2368421052631575,22,9713,9197.1921838851722,94.68951079877661,6.237862297283205,10.138862838673397,24.150362262614536,54.564932311337714,equal fractional weights by retained record; not actual addresses
D22,D22,MCLP,5,40,-1,9713,9228,9231,482,95.037578503037167,True,3,2.9995825147547164,4.958336792146202,10.505995828432589,26.950553178813898,26.950553178813898,0,0,0,0,0,administrative union; external segment is not a water crossing or road route,5,10,129,725,329,54,11.203319502074688,22,9713,8956.1692030057075,92.208063451103754,3.1504313511080944,5.5073508256725177,11.199084078080933,32.772898322919858,equal fractional weights by retained record; not actual addresses
D22_main300fixed,D22,P-Median,10,24,-1,9713,9228,9229,484,95.016987542468854,True,1,3.1445276374631446,9.7704840331886729,17.853350279639436,28.687629604511976,28.687629604511976,0,0,0,0,21,administrative union; external segment is not a water crossing or road route,6,11,197,771,411,0,0,22,9713,9201.7688128290592,94.736629391836289,3.3106238085596198,10.23648645228614,17.606024160463402,35.051762227907368,equal fractional weights by retained record; not actual addresses
D22_main300fixed,D22,P-Median,5,55,-1,9713,9228,9240,473,95.130237825594563,True,12,1.7324098424566838,4.9372601114134502,9.010586105722183,16.550308693700245,16.550308693700245,0,0,0,0,0,administrative union; external segment is not a water crossing or road route,3,10,73,808,312,39,8.2452431289640593,22,9713,9167.9450675976641,94.388397689670171,2.0019642484161024,5.1828941895183211,9.8812687907838708,22.880668279237383,equal fractional weights by retained record; not actual addresses
D22_main300fixed,D22,MCLP,10,15,-1,9713,9228,9257,456,95.305260990425197,True,29,6.1298357256330132,9.8901151935600833,25.242508257664099,50.478912053681697,50.478912053681697,0,0,1,489,107,administrative union; external segment is not a water crossing or road route,9,10,352,398,366,33,7.2368421052631575,22,9713,9197.1921838851722,94.68951079877661,6.237862297283205,10.138862838673397,24.150362262614536,54.564932311337714,equal fractional weights by retained record; not actual addresses
D22_main300fixed,D22,MCLP,5,40,-1,9713,9228,9231,482,95.037578503037167,True,3,2.9995825147547164,4.958336792146202,10.505995828432589,26.950553178813898,26.950553178813898,0,0,0,0,0,administrative union; external segment is not a water crossing or road route,5,10,129,725,329,54,11.203319502074688,22,9713,8956.1692030057075,92.208063451103754,3.1504313511080944,5.5073508256725177,11.199084078080933,32.772898322919858,equal fractional weights by retained record; not actual addresses
