customer_zip_code_prefix,lat,lng,city_norm,n_pedidos,valor_total,freight_total
20010,-22.902565933548235,-43.17859890530714,rio de janeiro,7,463.76,112.35
20011,-22.904993445903926,-43.17607769647398,rio de janeiro,15,1713.52,347.9
20020,-22.90749454533334,-43.17316912947846,rio de janeiro,9,633.91,143.70000000000002
20021,-22.912369544913428,-43.17350079335496,rio de janeiro,13,1735.9,320.03000000000003
20030,-22.909873939082548,-43.17365036548527,rio de janeiro,21,2617.27,477.14
20031,-22.909572437655488,-43.1777031129869,rio de janeiro,38,5762.54,804.28
20040,-22.90568600024909,-43.177156307060464,rio de janeiro,35,6113.25,738.01
20041,-22.90320075238725,-43.17864558233141,rio de janeiro,2,36.8,24.34
20050,-22.905696239420447,-43.179258208124025,rio de janeiro,8,1481.37,188.04000000000002
20051,-22.90306310094257,-43.18298926875737,rio de janeiro,3,319.5,61.45
20060,-22.90742646003482,-43.22111290328188,rio de janeiro,2,90.0,33.870000000000005
20061,-22.905811724167148,-43.18562902375168,rio de janeiro,1,89.9,8.04
20070,-22.902331574261797,-43.17927884154506,rio de janeiro,6,448.84,100.97
20071,-22.902076954244112,-43.18149783382578,rio de janeiro,14,2068.25,348.86
20080,-22.901209379401656,-43.18495724281751,rio de janeiro,6,13719.21,304.18
20081,-22.897715083300223,-43.18332992060644,rio de janeiro,15,6218.7,445.82
20090,-22.899054123828943,-43.17942063171785,rio de janeiro,20,1936.57,416.61
20091,-22.900151286264816,-43.17827587439508,rio de janeiro,13,1576.52,301.46999999999997
20210,-22.90869650356516,-43.201016378284464,rio de janeiro,7,594.0,175.75
20211,-22.91148503866567,-43.19844247973102,rio de janeiro,19,2948.47,443.15
20220,-22.899829533909223,-43.20080433539784,rio de janeiro,17,1928.8400000000001,431.13
20221,-22.89945802156581,-43.19708452216502,rio de janeiro,5,1750.25,104.03999999999999
20230,-22.91285701073433,-43.18834911843799,rio de janeiro,46,7480.74,1136.41
20231,-22.91259168660638,-43.18629265033459,rio de janeiro,23,2778.56,619.91
20240,-22.917770340408847,-43.18905754157791,rio de janeiro,13,1515.43,249.32999999999998
20241,-22.92200642517056,-43.18565741850953,rio de janeiro,31,4725.8,734.47
20250,-22.919337655136697,-43.21247470976231,rio de janeiro,10,1227.65,328.28999999999996
20251,-22.922200558918448,-43.20015626664134,rio de janeiro,14,2200.07,360.21000000000004
20260,-22.91934258444981,-43.21542322502569,rio de janeiro,50,7159.650000000001,1272.82
20261,-22.92401542829238,-43.213547671608914,rio de janeiro,41,5153.0,968.56
20270,-22.916244564738715,-43.21795033526529,rio de janeiro,42,5971.44,935.02
20271,-22.91566933091613,-43.2252134823305,rio de janeiro,41,4241.45,768.13
20510,-22.930347789330725,-43.24275226487902,rio de janeiro,42,6737.05,1036.31
20511,-22.9284131316606,-43.240538180114825,rio de janeiro,43,5607.63,950.36
20520,-22.926258825257275,-43.231846424609145,rio de janeiro,64,8229.2,1601.7
20521,-22.927918848210943,-43.23197212177495,rio de janeiro,42,7425.79,954.01
20530,-22.93768625306417,-43.24886943417944,rio de janeiro,32,4483.42,763.49
20531,-22.958246852875916,-43.27033293203977,rio de janeiro,8,3652.34,170.89
20535,-22.877802617547648,-43.27309285397244,rio de janeiro,4,314.96,79.53
20540,-22.92255591041081,-43.243901231317686,rio de janeiro,73,13210.62,1656.67
20541,-22.92275898098941,-43.246104027508025,rio de janeiro,72,6773.82,1616.8799999999999
20550,-22.91679214318689,-43.2315503991291,rio de janeiro,71,7851.62,1458.85
20551,-22.91439065092508,-43.24569874883489,rio de janeiro,52,7163.55,1358.26
20560,-22.91863600041784,-43.25724486396328,rio de janeiro,46,5146.81,931.39
20561,-22.923671061855,-43.27951061325535,rio de janeiro,28,3756.96,666.58
20710,-22.90830858763459,-43.2764243094503,rio de janeiro,10,1866.0700000000002,226.34
20715,-22.91224198054703,-43.26872667336991,rio de janeiro,6,514.7,108.62
20720,-22.906575946931888,-43.28819167590577,rio de janeiro,50,6868.12,1383.99
20725,-22.906412217480728,-43.28249517700716,rio de janeiro,9,1895.19,166.37
20730,-22.902290913852568,-43.29839517326879,rio de janeiro,13,1534.01,228.23000000000002
20735,-22.900247004009792,-43.28620954651436,rio de janeiro,36,3917.4,779.96
20740,-22.89620288125079,-43.31266061354411,rio de janeiro,11,980.23,257.93
20745,-22.903600471965063,-43.306901589519335,rio de janeiro,18,2203.75,413.93
20750,-22.87518071840644,-43.30082797736797,rio de janeiro,5,983.78,166.89000000000001
20751,-22.883894678436565,-43.30538425605098,rio de janeiro,13,1523.38,258.6
20755,-22.888719129958837,-43.29710870135924,rio de janeiro,8,500.8,141.18
20756,-22.889303208418365,-43.30454037225461,rio de janeiro,10,858.62,236.26
20760,-22.879177245162506,-43.28592690942743,rio de janeiro,4,259.89,63.089999999999996
20761,-22.870098149013963,-43.2972179170696,rio de janeiro,1,74.99,17.16
20765,-22.87067512100277,-43.28612468627153,rio de janeiro,8,1218.54,396.61
20766,-22.865673065092224,-43.28931782004312,rio de janeiro,5,537.49,108.56
20770,-22.89263110411781,-43.28601357326318,rio de janeiro,12,1088.22,224.28
20771,-22.88654522617883,-43.28157899070825,rio de janeiro,31,5914.63,721.0
20775,-22.894787607705087,-43.27754555337602,rio de janeiro,23,2874.77,411.74
20780,-22.8964631877728,-43.27217170225893,rio de janeiro,32,4036.23,684.92
20785,-22.88659325431333,-43.26783420069855,rio de janeiro,16,3937.13,373.56
20910,-22.89952439510988,-43.23052438041678,rio de janeiro,11,1550.76,256.02
20911,-22.89314885311464,-43.242201014642525,rio de janeiro,8,552.91,168.74
20920,-22.89524485967227,-43.231902550437,rio de janeiro,8,651.55,204.59
20921,-22.893703236582244,-43.23151762119004,rio de janeiro,19,1619.8400000000001,680.14
20930,-22.889979653251217,-43.22883289161473,rio de janeiro,3,371.88,85.7
20931,-22.880476502680093,-43.21772315263865,rio de janeiro,11,1466.49,213.49
20932,-22.85332248950828,-43.397360098269154,rio de janeiro,1,140.0,15.73
20940,-22.90178148194564,-43.21920005325752,rio de janeiro,18,1491.19,333.78
20941,-22.90503857930972,-43.218289836880224,rio de janeiro,15,3056.7000000000003,433.38
20943,-22.907619844963776,-43.23590445490212,rio de janeiro,3,249.79000000000002,102.63
20950,-22.90399569141674,-43.25558609559154,rio de janeiro,34,2990.58,782.29
20960,-22.899105988671952,-43.24932163781583,rio de janeiro,6,548.07,125.38
20961,-22.89892108854126,-43.26048783057711,rio de janeiro,3,432.6,49.49
20970,-22.89490962921127,-43.29895518595955,rio de janeiro,4,454.88,67.89
20972,-22.908149571852817,-43.26020630971305,rio de janeiro,1,32.9,17.6
20973,-22.89480299365888,-43.30460678807501,rio de janeiro,3,635.86,174.25
20975,-22.89442355697212,-43.251622708261415,rio de janeiro,3,468.89,66.58
21010,-22.82383918425472,-43.3063018523626,rio de janeiro,7,766.58,146.57
21011,-22.827727546600816,-43.2864223207302,rio de janeiro,16,1599.55,367.77
21012,-22.835042850775064,-43.31263647240438,rio de janeiro,7,1389.79,117.19
21020,-22.835828487618876,-43.27614378416555,rio de janeiro,33,5932.2699999999995,761.39
21021,-22.84207289300327,-43.265065434319375,rio de janeiro,25,3897.81,520.55
21030,-22.850002554499312,-43.263354020176415,rio de janeiro,3,1057.95,259.59
21031,-22.84825657231105,-43.25613344368642,rio de janeiro,17,3068.82,474.82
21032,-22.860396134014028,-43.25569271559795,rio de janeiro,9,819.96,183.85
21040,-22.858267172627272,-43.25269222978843,rio de janeiro,9,1248.3899999999999,163.46
21041,-22.87144109880102,-43.258727578503766,rio de janeiro,10,958.38,174.53
21042,-22.86486541105725,-43.24870050352791,rio de janeiro,4,743.26,89.85999999999999
21043,-22.88658041606038,-43.2773189390998,rio de janeiro,1,49.9,14.1
21044,-22.857706333465654,-43.267186202026345,rio de janeiro,4,464.88,86.12
21046,-22.87178460618622,-43.25004020994305,rio de janeiro,4,357.99,68.08
21050,-22.87598170475497,-43.26005615466438,rio de janeiro,17,2979.16,584.7
21051,-22.874222414375385,-43.26728790044959,rio de janeiro,5,652.79,131.29000000000002
21060,-22.857331891254034,-43.26363956816405,rio de janeiro,17,2083.33,403.18
21061,-22.866391297064204,-43.27158801093624,rio de janeiro,14,1816.17,305.29
21070,-22.843914411682647,-43.283779066776354,rio de janeiro,9,609.38,219.72
21071,-22.860726267312923,-43.28764650581979,rio de janeiro,4,1413.98,172.92
21073,-22.850770856037,-43.27052152360208,rio de janeiro,26,3602.91,547.63
21210,-22.84373140637614,-43.30242672582638,rio de janeiro,17,2608.7000000000003,517.7
21211,-22.836828071243165,-43.30804460963914,rio de janeiro,13,2156.89,278.96
21215,-22.833788776762518,-43.29604433389999,rio de janeiro,18,2058.83,338.4
21220,-22.84942286859225,-43.31350882748824,rio de janeiro,24,4986.26,571.14
21221,-22.84606476402831,-43.31053536227519,rio de janeiro,22,2323.43,462.16
21230,-22.82666297562433,-43.3225314634884,rio de janeiro,42,3904.09,917.69
21231,-22.831527268945862,-43.32219671997402,rio de janeiro,7,522.6800000000001,151.79
21235,-22.83791177652518,-43.322271046058205,rio de janeiro,36,5835.97,759.41
21236,-22.8396852659843,-43.33712480023102,rio de janeiro,1,65.99,14.21
21240,-22.8111210300632,-43.32621279907767,rio de janeiro,7,1125.97,136.45
21241,-22.81349696231808,-43.30803677134236,rio de janeiro,4,371.8,89.58
21250,-22.824619091439565,-43.30674667488387,rio de janeiro,22,2381.1600000000003,412.28000000000003
21310,-22.879083342003987,-43.33935560703397,rio de janeiro,18,1737.58,442.76
21311,-22.88918177352332,-43.32763594596467,rio de janeiro,16,2185.06,357.22
21320,-22.892905876006864,-43.347644389533606,rio de janeiro,16,1956.69,469.45
21321,-22.89512617328995,-43.357502145957,rio de janeiro,57,8732.02,1754.27
21330,-22.8828767826158,-43.36417448357049,rio de janeiro,50,7840.18,1496.24
21331,-22.87350715228709,-43.36567754387448,rio de janeiro,25,2274.97,606.4
21340,-22.871018134717986,-43.35684491471535,rio de janeiro,9,1093.15,191.3
21341,-22.88246658426185,-43.34945937530337,rio de janeiro,22,2703.83,699.03
21350,-22.87793235260004,-43.33016620442746,rio de janeiro,12,2597.39,227.72
21351,-22.87044820264357,-43.34296526816304,rio de janeiro,10,989.37,199.57
21360,-22.866945338258187,-43.33478170506691,rio de janeiro,8,1156.7,129.31
21361,-22.85332826176321,-43.32822806263115,rio de janeiro,12,1632.5700000000002,282.73
21370,-22.87000636720115,-43.32004486324283,rio de janeiro,4,407.1,82.9
21371,-22.85106228596877,-43.32617884775252,rio de janeiro,9,1204.34,169.38
21380,-22.88331793518069,-43.31951190668025,rio de janeiro,19,2926.7400000000002,476.49
21381,-22.87907528708003,-43.314672063074205,rio de janeiro,8,2280.59,197.33
21510,-22.84251003329592,-43.35349069066133,rio de janeiro,7,752.49,136.12
21511,-22.84410299270375,-43.35219269222594,rio de janeiro,5,786.59,113.07000000000001
21512,-22.84146868829085,-43.36195292092932,rio de janeiro,5,554.3100000000001,115.27
21515,-22.83902730987094,-43.35587746226516,rio de janeiro,5,583.13,102.4
21520,-22.810998397638027,-43.3618771585306,rio de janeiro,3,293.9,65.73
21530,-22.828811915352887,-43.346307609440586,rio de janeiro,6,795.55,125.32
21532,-22.8130814021041,-43.36036408098235,rio de janeiro,1,27.0,15.11
21535,-22.8194481093076,-43.35408490190018,rio de janeiro,2,92.89,35.27
21540,-22.852143526409453,-43.34281302027885,rio de janeiro,10,2602.46,313.2
21545,-22.8432861377694,-43.34344431819371,rio de janeiro,4,713.58,117.04
21550,-22.86209594045364,-43.35625169565915,rio de janeiro,14,1014.38,375.15999999999997
21555,-22.855135850026095,-43.36350730842812,rio de janeiro,13,1670.67,305.45
21557,-22.85620371453252,-43.37495578967732,rio de janeiro,3,136.89,51.61
21610,-22.867011045510356,-43.371883316604816,rio de janeiro,20,4347.22,592.72
21615,-22.86209078632198,-43.39136925868886,rio de janeiro,17,2248.31,378.71999999999997
21616,-22.85387973916863,-43.39680943222229,rio de janeiro,10,1153.7,199.25
21620,-22.839350559609453,-43.40486056012263,rio de janeiro,12,795.48,174.41
21625,-22.832605349060035,-43.40280856194904,rio de janeiro,11,976.4,200.42
21630,-22.825649495444644,-43.41164984676431,rio de janeiro,5,654.5999999999999,84.78
21635,-22.83290297152516,-43.41230278119793,rio de janeiro,2,146.9,38.61
21640,-22.83463324022867,-43.39275636997285,rio de janeiro,2,155.99,36.83
21645,-22.821385636314904,-43.39760318048674,rio de janeiro,2,129.9,33.32
21650,-22.816850689474528,-43.374314532417216,rio de janeiro,5,475.78,128.24
21655,-22.818616394359942,-43.382598700728,rio de janeiro,2,160.8,50.26
21660,-22.839960552960555,-43.37703910572291,rio de janeiro,7,568.59,186.9
21665,-22.83427156601059,-43.377978641515625,rio de janeiro,1,69.99,19.46
21670,-22.84984365215036,-43.3808702413711,rio de janeiro,5,969.79,110.27000000000001
21675,-22.849034554602184,-43.3744236468128,rio de janeiro,8,1097.58,182.36
21710,-22.876979699775763,-43.42527912676291,rio de janeiro,11,1014.1700000000001,301.73
21715,-22.87947674705333,-43.44026398123803,rio de janeiro,11,2274.79,235.48
21720,-22.865120805735398,-43.4470342137163,rio de janeiro,3,96.8,44.989999999999995
21721,-22.8753558465787,-43.28063646200473,rio de janeiro,2,254.0,49.64
21725,-22.85918299393417,-43.456665616338015,rio de janeiro,6,406.99,98.81
21730,-22.86435505255422,-43.434757144170185,rio de janeiro,7,1069.07,227.05
21735,-22.871537517256936,-43.429726914847,rio de janeiro,6,1271.87,92.56
21740,-22.88433305340309,-43.387504877344114,rio de janeiro,10,2002.6,264.68
21741,-22.88962788350659,-43.395124429249634,rio de janeiro,6,859.59,206.53
21745,-22.879549301241177,-43.41011862496182,rio de janeiro,8,978.35,163.75
21746,-22.885775526693383,-43.4110256032492,rio de janeiro,1,34.99,14.52
21750,-22.87873543265548,-43.415788362287785,rio de janeiro,10,1559.27,348.38
21755,-22.88385334415563,-43.41913635549757,rio de janeiro,4,399.69000000000005,78.00999999999999
21760,-22.89044829208524,-43.42058389455041,rio de janeiro,11,787.1,183.01
21765,-22.890938364362235,-43.43068537741355,rio de janeiro,12,1811.08,279.33
21770,-22.892257517452293,-43.44208696544872,rio de janeiro,7,884.48,139.64
21775,-22.886952911633603,-43.446644127201374,rio de janeiro,9,1185.28,187.86
21810,-22.87922054417216,-43.45931046493799,rio de janeiro,11,1365.35,224.64
21815,-22.88548385187386,-43.45769280672658,rio de janeiro,8,1248.39,155.77
21820,-22.88188843504765,-43.46899760400734,rio de janeiro,11,1195.09,290.14
21825,-22.892248480036507,-43.47086620332721,rio de janeiro,5,818.97,132.29
21830,-22.880118655848957,-43.483604754804006,rio de janeiro,9,2079.25,184.39000000000001
21831,-22.88976260419128,-43.48390785134509,rio de janeiro,7,722.5,129.55
21832,-22.894998640111965,-43.490836960215546,rio de janeiro,9,731.6899999999999,193.47
21833,-22.8814818751053,-43.49448328547964,rio de janeiro,3,455.48,98.36
21840,-22.868363814263653,-43.46923216795061,rio de janeiro,6,679.5,174.69
21842,-22.868421364534367,-43.47985554134832,rio de janeiro,9,852.73,222.63
21843,-22.870893429404216,-43.48330150443216,rio de janeiro,6,467.67,114.46
21850,-22.859425219557973,-43.486817054989416,rio de janeiro,2,434.99,37.879999999999995
21852,-22.86305592280701,-43.4696365930169,rio de janeiro,1,105.9,17.99
21853,-22.85708276487565,-43.486439191165495,rio de janeiro,11,1099.67,234.75
21854,-22.845556518964184,-43.49501645648064,rio de janeiro,1,79.98,30.46
21860,-22.862369101863525,-43.46728646117796,rio de janeiro,5,723.9,98.72
21862,-22.864698795351657,-43.46636013974529,rio de janeiro,6,1145.79,117.63
21863,-22.850951552039938,-43.46693512747451,rio de janeiro,6,1554.46,235.32999999999998
21864,-22.853845962536496,-43.46103565025077,rio de janeiro,3,207.5,71.93
21865,-22.853042262633373,-43.47042497115219,rio de janeiro,2,25.89,30.34
21866,-22.859130493251165,-43.47880605689346,rio de janeiro,8,901.33,181.82
21870,-22.871019283986563,-43.45851442872575,rio de janeiro,7,1212.02,168.09
21875,-22.873409010490445,-43.4537411569272,rio de janeiro,2,864.8,99.44999999999999
21910,-22.79777839220466,-43.18136086251543,rio de janeiro,15,1492.97,478.2
21911,-22.7900819429952,-43.17257319356364,rio de janeiro,9,1442.42,315.54
21920,-22.79811558143935,-43.19569772270941,rio de janeiro,25,2088.07,534.94
21921,-22.8083044291334,-43.18564856697721,rio de janeiro,13,1134.38,262.78
21930,-22.819481062981133,-43.1783585853495,rio de janeiro,12,2009.18,245.03
21931,-22.809517664348768,-43.200203165434935,rio de janeiro,39,6437.62,848.98
21932,-22.80486286271774,-43.22572822631956,rio de janeiro,4,789.78,126.70999999999998
21940,-22.81388871143013,-43.20247749638257,rio de janeiro,30,3367.0,655.43
21941,-22.8338340042933,-43.24885668973881,rio de janeiro,21,6635.849999999999,515.45
22010,-22.96271293881479,-43.1708107829536,rio de janeiro,24,1880.49,495.55
22011,-22.96400610563266,-43.17658358618979,rio de janeiro,30,4796.86,658.1800000000001
22020,-22.965453849156813,-43.17847566804375,rio de janeiro,23,4963.15,533.07
22021,-22.96571567280818,-43.178905752541766,rio de janeiro,22,3326.08,550.08
22030,-22.965586191842657,-43.18405306861811,rio de janeiro,26,3540.4500000000003,674.97
22031,-22.966933621230865,-43.18792165085605,rio de janeiro,22,5414.9,517.7
22040,-22.968389299018032,-43.1849944726417,rio de janeiro,20,3262.77,445.66
22041,-22.96767360462037,-43.19002828343284,rio de janeiro,24,4041.6099999999997,625.9399999999999
22050,-22.972595655601555,-43.18771945633724,rio de janeiro,27,3718.17,672.0
22051,-22.972873846317363,-43.19052130370873,rio de janeiro,21,2999.5099999999998,537.92
22060,-22.97702862454598,-43.19034089760792,rio de janeiro,17,2549.85,319.51
22061,-22.975419252327107,-43.19263365219479,rio de janeiro,21,1757.99,343.52
22070,-22.980688017563597,-43.18955936508214,rio de janeiro,19,2174.79,506.4
22071,-22.980184787318848,-43.19459066773997,rio de janeiro,32,3343.75,703.14
22080,-22.98466377656021,-43.1925284491284,rio de janeiro,21,5249.15,671.56
22081,-22.984441149894824,-43.19341592390328,rio de janeiro,28,5147.6,843.66
22210,-22.931070810893203,-43.176115962189314,rio de janeiro,33,5048.54,808.88
22211,-22.923384297280904,-43.179530436549925,rio de janeiro,4,576.88,85.53
22220,-22.92956446372173,-43.17684636890966,rio de janeiro,27,2317.35,594.02
22221,-22.928999413639037,-43.18145032839962,rio de janeiro,43,5759.8099999999995,1217.5
22230,-22.937297973252814,-43.176889612976375,rio de janeiro,52,7611.8,1254.14
22231,-22.93615390975268,-43.18183226783302,rio de janeiro,45,5551.98,1143.95
22240,-22.935263476239665,-43.18726357297116,rio de janeiro,47,6487.12,945.74
22241,-22.93845834691675,-43.1963680762055,rio de janeiro,15,2430.8199999999997,403.03
22245,-22.941061091973182,-43.191231191173394,rio de janeiro,15,1801.77,281.29
22250,-22.942211644081578,-43.17758693818259,rio de janeiro,55,8478.28,1252.56
22251,-22.945344203574265,-43.185010548945066,rio de janeiro,35,8114.360000000001,858.26
22260,-22.949215828539355,-43.19022765455783,rio de janeiro,49,8913.13,1218.53
22261,-22.95721825808972,-43.20026060905936,rio de janeiro,22,2872.95,559.83
22270,-22.953082188232276,-43.18924536490677,rio de janeiro,45,5801.02,1038.44
22271,-22.95610379641452,-43.19395105535185,rio de janeiro,22,3039.92,542.81
22280,-22.95440868548141,-43.185650031057385,rio de janeiro,29,6348.01,611.01
22281,-22.95685190582306,-43.19364574140023,rio de janeiro,18,1496.13,392.67
22290,-22.954428429403357,-43.17707420858368,rio de janeiro,56,7414.81,1148.29
22291,-22.942311951383264,-43.166780906762526,rio de janeiro,10,1070.37,198.23000000000002
22410,-22.98392343049867,-43.207101465917965,rio de janeiro,38,7201.81,725.68
22411,-22.98194469977677,-43.20241313570824,rio de janeiro,21,1692.33,500.39
22420,-22.985312022606557,-43.20414276378719,rio de janeiro,24,3357.75,534.72
22421,-22.982140216547386,-43.20687525073036,rio de janeiro,8,1112.9,188.58
22430,-22.98210232841188,-43.22013314970181,rio de janeiro,35,9180.71,962.56
22431,-22.98284371340203,-43.22474000720175,rio de janeiro,22,2425.57,521.35
22440,-22.984439128577424,-43.22151271315892,rio de janeiro,25,3987.4900000000002,602.05
22441,-22.98416017609255,-43.22495474880264,rio de janeiro,26,3258.18,576.96
22450,-22.986493696399247,-43.23306806247369,rio de janeiro,39,5424.54,867.01
22451,-22.97841522971715,-43.23772919271784,rio de janeiro,56,9533.01,1393.1499999999999
22452,-22.952645498107493,-43.30267070542142,rio de janeiro,2,145.88,55.7
22460,-22.96483495864169,-43.22490223070295,rio de janeiro,15,3956.09,285.89
22461,-22.96134503409605,-43.21364138805082,rio de janeiro,32,4330.49,793.6
22470,-22.96550432697566,-43.21544841322038,rio de janeiro,35,4948.87,807.56
22471,-22.967625971408516,-43.203212882392485,rio de janeiro,28,3499.38,709.76
22610,-22.99599813649958,-43.261663703422506,rio de janeiro,29,3507.7200000000003,792.05
22611,-23.008068841447862,-43.29861176534447,rio de janeiro,8,977.6400000000001,154.16
22620,-23.00947497991475,-43.33453004891496,rio de janeiro,35,4874.4,855.35
22621,-23.010803499326403,-43.3098866524811,rio de janeiro,27,4191.21,627.3
22630,-23.01013125796049,-43.33867951997416,rio de janeiro,30,5478.08,706.58
22631,-23.00365666838398,-43.34075885321385,rio de janeiro,85,15257.94,2433.6
22640,-23.001267617010637,-43.3355988370672,rio de janeiro,26,4572.5,636.4
22641,-22.986105098852665,-43.31152067063231,rio de janeiro,6,650.19,204.85
22710,-22.934576022997884,-43.37578841332682,rio de janeiro,51,6493.0,1202.51
22711,-22.91373119718309,-43.39089712057767,rio de janeiro,1,39.99,21.19
22713,-22.930174584016687,-43.39608391214564,rio de janeiro,30,3629.28,731.25
22715,-22.923355641776094,-43.383046917508274,rio de janeiro,9,1131.47,192.93
22720,-22.91816741998529,-43.38651552844117,rio de janeiro,25,4559.09,582.98
22723,-22.91689708484027,-43.40278883313536,rio de janeiro,41,5884.78,1120.71
22725,-22.91150171276762,-43.37652610722419,rio de janeiro,21,3100.9900000000002,496.4
22730,-22.920002522357752,-43.3695754073506,rio de janeiro,22,5331.27,505.48999999999995
22733,-22.906015750671408,-43.364980246342064,rio de janeiro,18,3219.84,353.06
22735,-22.920928532759326,-43.3584654815096,rio de janeiro,15,2154.98,507.66
22740,-22.92625659532195,-43.35975777828106,rio de janeiro,22,3718.74,679.08
22743,-22.930174278267923,-43.34644038809006,rio de janeiro,48,5392.98,1090.6200000000001
22745,-22.93505848017408,-43.33359407042855,rio de janeiro,31,4536.76,738.05
22750,-22.94338467090066,-43.33437919544068,rio de janeiro,49,5831.01,1195.26
22753,-22.96619236089961,-43.33073451387544,rio de janeiro,52,9949.93,1302.06
22755,-22.947502549436848,-43.33814210193203,rio de janeiro,19,2335.55,368.73
22760,-22.938856559491374,-43.34583380346626,rio de janeiro,16,2226.35,417.29
22763,-22.949418433889697,-43.38717689639774,rio de janeiro,15,2140.27,326.47
22765,-22.954431333815165,-43.35527342221761,rio de janeiro,25,4579.54,679.97
22770,-22.93691091371265,-43.36097335035081,rio de janeiro,46,5329.96,1030.71
22772,-22.95005017710918,-43.36084751104725,rio de janeiro,1,29.9,19.84
22773,-22.94846910030558,-43.364489898207424,rio de janeiro,9,804.58,177.11
22775,-22.969148201152677,-43.38306523796816,rio de janeiro,103,16328.19,2747.87
22776,-22.99004850815858,-43.35448107201586,rio de janeiro,11,1213.32,196.39
22780,-22.962843790439337,-43.40116578306731,rio de janeiro,48,6361.45,1152.62
22783,-22.984082408782115,-43.44889019919411,rio de janeiro,44,5413.76,990.75
22785,-22.979900329721087,-43.49176475913368,rio de janeiro,15,1410.98,285.8
22790,-23.01298650422646,-43.46551954103294,rio de janeiro,136,21785.21,3014.83
22793,-23.00061899109568,-43.40471828456725,rio de janeiro,116,16054.06,2801.79
22795,-23.020470737334893,-43.46265642068304,rio de janeiro,68,8942.54,1343.94
23010,-22.885872200386764,-43.51372891804045,rio de janeiro,10,2100.65,230.17000000000002
23012,-22.891289709125683,-43.528538034861306,rio de janeiro,5,1666.78,71.36
23013,-22.90125781010044,-43.541434503067336,rio de janeiro,11,1484.74,245.61
23015,-22.908174032805224,-43.53967787825952,rio de janeiro,4,478.58,60.92
23016,-22.912595307197087,-43.53593879115358,rio de janeiro,5,584.29,123.80000000000001
23017,-22.91957476261591,-43.52855570225305,rio de janeiro,16,1662.23,445.83
23020,-23.0049905225767,-43.54784520457546,rio de janeiro,17,2349.81,324.69
23025,-22.99046924798533,-43.61550570181899,rio de janeiro,4,623.88,101.11
23026,-22.99073734829478,-43.63045092144838,rio de janeiro,7,655.34,166.2
23027,-23.00123690831294,-43.64009513690838,rio de janeiro,1,40.0,22.21
23028,-22.98056296317437,-43.65998986714787,rio de janeiro,7,716.6,167.1
23030,-22.96669955681108,-43.6017686687425,rio de janeiro,12,1097.63,274.43
23031,-22.964378631240205,-43.61186736926677,rio de janeiro,6,471.79,80.62
23032,-22.972563998366837,-43.64295047031437,rio de janeiro,11,3148.59,275.8
23033,-22.955943986568656,-43.60659613358818,rio de janeiro,8,2094.38,214.02
23035,-22.945894102935657,-43.594457021538446,rio de janeiro,12,2189.19,354.29
23036,-22.937899966329617,-43.578646142633474,rio de janeiro,10,1326.92,222.66
23040,-22.9331056624521,-43.55411381012552,rio de janeiro,19,1770.08,454.23
23042,-22.92777932523722,-43.554503392883646,rio de janeiro,10,886.46,171.69
23045,-22.916840745702157,-43.56234010712124,rio de janeiro,23,3760.75,557.41
23047,-22.925942886418497,-43.56135750790765,rio de janeiro,6,1366.2300000000002,105.24
23050,-22.906374170614946,-43.566410061329776,rio de janeiro,16,3374.64,352.03
23052,-22.906619343447986,-43.55224985960651,rio de janeiro,18,3617.71,855.81
23055,-22.9099494896574,-43.5764230099429,rio de janeiro,13,1400.19,221.32
23056,-22.91817364118816,-43.6123717550704,rio de janeiro,5,373.78000000000003,85.81
23057,-22.917530927853,-43.52832489679447,rio de janeiro,7,452.59000000000003,193.23000000000002
23058,-22.914787266177115,-43.59078039553711,rio de janeiro,10,1053.19,194.85
23059,-22.913307945677737,-43.59042985137216,rio de janeiro,16,1443.3,256.62
23060,-22.896089584185965,-43.59889671190928,rio de janeiro,24,4553.76,519.86
23061,-22.908445285088447,-43.60810021286953,rio de janeiro,7,631.73,140.51
23062,-22.90265768897671,-43.59917193270753,rio de janeiro,8,615.4300000000001,214.7
23063,-22.897521961702388,-43.591752252623216,rio de janeiro,13,1921.02,345.31
23064,-22.90074270257361,-43.58463842554154,rio de janeiro,8,1336.85,139.71
23065,-22.88293828358117,-43.625086210988606,rio de janeiro,9,843.28,229.3
23066,-22.888192458215805,-43.62473650428692,rio de janeiro,15,1722.0,255.92999999999998
23067,-22.88243614479021,-43.61658346798473,rio de janeiro,2,477.99,166.6
23068,-22.88645864857024,-43.59762968190717,rio de janeiro,8,1058.18,284.94
23070,-22.896407842881192,-43.57751001381104,rio de janeiro,17,3048.47,403.76
23071,-22.888368672611158,-43.58090949448299,rio de janeiro,13,1112.9,252.74
23073,-22.890041427693028,-43.57897537149158,rio de janeiro,11,1612.76,212.03
23075,-22.877775179542617,-43.57771051289783,rio de janeiro,31,3144.32,654.77
23076,-22.88245539011392,-43.57494224901807,rio de janeiro,1,20.3,15.1
23078,-22.87216705136316,-43.58925307377246,rio de janeiro,12,946.09,383.40999999999997
23080,-22.89853933540845,-43.56542140516348,rio de janeiro,15,2280.4700000000003,389.86
23081,-22.89433959920376,-43.56722290454661,rio de janeiro,5,777.6700000000001,83.03999999999999
23082,-22.8942153041908,-43.57129087148408,rio de janeiro,4,621.99,73.9
23085,-22.893920459110284,-43.54642397807567,rio de janeiro,10,814.9599999999999,227.8
23087,-22.886393425025823,-43.558872618395576,rio de janeiro,17,2807.65,336.33
23088,-22.88543771705454,-43.54971957423268,rio de janeiro,13,1481.53,335.76
23090,-22.878043319496523,-43.562917395844295,rio de janeiro,12,1307.95,259.39
23092,-22.87085601200714,-43.54384874896292,rio de janeiro,22,3447.42,542.24
23093,-22.87751529574331,-43.53029348075376,rio de janeiro,11,1735.58,308.77
23094,-22.876209770242788,-43.51981673638026,rio de janeiro,9,1068.99,230.87
23095,-22.86940966621501,-43.55658717782943,rio de janeiro,15,1486.68,407.38
23097,-22.85109676327036,-43.53613869095038,rio de janeiro,8,2435.26,129.27
23098,-22.870188890670534,-43.52187688533317,rio de janeiro,2,478.90999999999997,102.69
23510,-22.91973437055113,-43.67148457968753,rio de janeiro,7,745.28,165.57
23515,-22.92368923724333,-43.68292592394352,rio de janeiro,6,889.86,244.84
23520,-22.936255491866653,-43.661399065747545,rio de janeiro,27,2148.58,500.97
23525,-22.94503552262656,-43.67692431410214,rio de janeiro,5,470.63,61.82
23530,-22.97383432126233,-43.6810761924786,rio de janeiro,8,966.25,156.52
23535,-22.9790211808901,-43.69012245165258,rio de janeiro,14,1817.67,692.35
23540,-22.974468021753417,-43.696539704365605,rio de janeiro,9,815.74,172.04000000000002
23545,-22.967091308000946,-43.700265635554,rio de janeiro,11,1098.27,221.01
23547,-22.93249321644976,-43.62300753113864,rio de janeiro,2,145.89,35.370000000000005
23550,-22.930711174851965,-43.68946380025854,rio de janeiro,16,2308.07,295.82
23555,-22.91750488776345,-43.69308722014739,rio de janeiro,6,1248.11,135.51
23560,-22.898979722466947,-43.69930833968601,rio de janeiro,19,3971.1800000000003,343.15
23565,-22.897761741341185,-43.69665951306267,rio de janeiro,2,76.99000000000001,37.64
23570,-22.909310774242133,-43.67111972773999,rio de janeiro,10,1559.87,223.17
23573,-22.913149027532867,-43.65356967363749,rio de janeiro,5,736.48,99.39
23575,-22.89798974016889,-43.6685591848473,rio de janeiro,18,1646.15,352.12
23580,-22.911119400069488,-43.62264162522756,rio de janeiro,13,1938.17,278.05
23585,-22.924510509727508,-43.63529705731422,rio de janeiro,22,2298.41,401.9
23587,-22.922380751135307,-43.629510536912335,rio de janeiro,18,2743.76,430.51
23595,-22.92668402323646,-43.62933031069839,rio de janeiro,12,1005.36,221.59
23810,-22.87093410934107,-43.76901268302672,itaguai,10,1477.67,210.63
23811,-22.864749343835488,-43.76730098420256,itaguai,5,573.14,105.33
23812,-22.872059666972863,-43.77093362835852,itaguai,5,793.85,136.33
23815,-22.86867015326329,-43.78013952780047,itaguai,4,995.88,106.03
23820,-22.862780471644363,-43.78526762819197,itaguai,4,522.4,106.66
23821,-22.870305329108017,-43.79064137470553,itaguai,1,249.9,36.88
23822,-22.861638585933974,-43.79342663064544,itaguai,1,247.0,19.61
23825,-22.885828313712477,-43.82785584819327,itaguai,4,375.05,52.02
23826,-22.89560484133116,-43.84587026303256,itaguai,4,246.45,77.39
23830,-22.8458671869452,-43.78333380428192,itaguai,2,258.0,126.25
23831,-22.876635031970025,-43.80985126698182,itaguai,3,234.8,52.26
23832,-22.85534509298971,-43.76583456328473,itaguai,1,89.0,15.37
23855,-22.86387076999147,-43.7592342671893,itaguai,2,59.4,35.019999999999996
23890,-22.787688375690134,-43.64890166112607,seropedica,3,218.60000000000002,62.87
23893,-22.71072154468618,-43.69140232860298,seropedica,2,309.9,43.75
23894,-22.74100679492528,-43.6998298199384,seropedica,9,820.27,181.35
23895,-22.746274001626645,-43.708503424610186,seropedica,9,1833.81,411.09000000000003
23897,-22.792366849451536,-43.662640119980665,seropedica,2,144.98,33.01
23898,-22.80791081625367,-43.644304412473865,seropedica,8,1063.59,133.13
24020,-22.893701145563103,-43.12041784927668,niteroi,34,10724.53,794.6
24027,-21.2189719026067,-41.87752350568823,niteroi,1,27.9,15.1
24030,-22.88869745778228,-43.11830702093674,niteroi,33,4484.4,715.05
24040,-22.882735624308985,-43.12349628123474,niteroi,4,439.41999999999996,74.80000000000001
24050,-22.87517503985885,-43.109560284753925,niteroi,2,242.9,50.94
24060,-22.88593419631651,-43.1106543708203,niteroi,9,1055.94,207.37
24070,-22.89348624508981,-43.11089097581806,niteroi,1,56.1,19.58
24110,-22.867915276400392,-43.09960548772942,niteroi,44,4099.18,844.6800000000001
24111,-22.86398451494475,-43.09252306679081,niteroi,2,74.9,35.06
24119,-22.86343492846253,-43.09725737403164,niteroi,1,38.9,15.23
24120,-22.88327023685682,-43.09227400558896,niteroi,36,4472.32,898.24
24130,-22.87922689320265,-43.09157186572144,niteroi,26,3916.8300000000004,574.27
24140,-22.889267493261837,-43.04860885808703,niteroi,6,241.67000000000002,104.78
24141,-22.87816915718994,-43.05564163085743,niteroi,4,373.78999999999996,109.25999999999999
24210,-22.9006237676799,-43.127072924198885,niteroi,69,7669.09,1437.52
24220,-22.90324481661885,-43.107023598220486,niteroi,115,17242.79,2742.25
24230,-22.878636914963277,-43.08609614601055,niteroi,117,17100.69,2802.2
24240,-22.897237232548903,-43.09915756428693,niteroi,59,6874.15,1447.55
24241,-22.904219800443407,-43.09158065028214,niteroi,21,2001.4699999999998,365.37
24310,-22.9110328213164,-43.06742681237905,niteroi,8,427.54,154.54999999999998
24315,-22.901684792085454,-43.06891496088816,niteroi,22,2712.0,439.89
24320,-22.902823180776025,-43.05085812937721,niteroi,21,3476.62,482.55
24322,-22.89632305663318,-43.03845772727727,niteroi,5,543.39,85.97
24325,-22.830563953896416,-43.04519602926143,niteroi,3,294.89,99.1
24330,-22.901199547746405,-42.991174595669065,niteroi,9,775.0,171.04
24340,-22.947654432561997,-43.03365087049761,niteroi,20,2547.8,471.67
24342,-22.937391616620623,-43.022146384113576,niteroi,21,2043.1200000000001,406.06
24344,-22.93685983573083,-43.01491522990823,niteroi,10,2482.99,294.22
24346,-22.94923036239725,-43.02805520804324,niteroi,12,1772.21,432.32
24348,-22.970402738373885,-43.03213294708582,niteroi,5,414.14,88.77
24350,-22.94061686421916,-43.06545401112341,niteroi,36,6386.0599999999995,1229.22
24355,-22.9411555966564,-43.043134176624925,niteroi,11,1544.7,383.65999999999997
24358,-22.954105582144187,-43.0680054361715,niteroi,20,2331.51,483.83
24360,-22.830988719475524,-43.03086077591251,niteroi,31,4068.82,920.78
24365,-22.912243204052235,-43.08150933080395,niteroi,3,386.6,54.69
24370,-22.92466477380604,-43.09986986144608,niteroi,4,2545.9,105.53
24410,-22.859653314312613,-43.08078230203989,sao goncalo,1,179.99,45.72
24411,-22.85753738472352,-43.08169034540716,sao goncalo,1,79.9,16.81
24412,-22.847500221583047,-43.07542461651588,sao goncalo,8,1215.77,175.53
24415,-22.84085769372568,-43.07623548195782,sao goncalo,8,1171.58,267.8
24416,-22.840098124434224,-43.06778333387412,sao goncalo,13,1308.23,266.14
24417,-22.845410939224823,-43.05013967578183,sao goncalo,2,328.8,60.47
24420,-22.835696540771,-43.046659352747774,sao goncalo,2,266.6,78.97999999999999
24421,-22.83065608217072,-43.04204141088677,sao goncalo,8,610.98,144.78
24422,-22.8277265510171,-43.02889904539707,sao goncalo,10,1551.78,191.34
24425,-22.852695605444847,-43.09014618727886,sao goncalo,6,316.68,95.71000000000001
24426,-22.840411171156656,-43.08660279046403,sao goncalo,4,620.3,134.32
24430,-22.830092235510783,-43.0856527985238,sao goncalo,6,456.39,93.28999999999999
24431,-22.828438640757533,-43.08064705902956,sao goncalo,18,2040.35,324.26
24435,-22.827481947170185,-43.0698152344756,sao goncalo,13,2237.93,259.02
24436,-22.82124753376768,-43.066948767903845,sao goncalo,10,1290.28,224.06
24440,-22.827149190613213,-43.0539481412297,sao goncalo,18,2022.21,450.74
24445,-22.81926169355244,-43.03476520349312,sao goncalo,19,2181.47,351.5
24450,-22.82316908005648,-43.02002823624667,sao goncalo,11,1065.59,167.62
24451,-22.829351276710405,-43.01399541493803,sao goncalo,19,2965.75,581.23
24452,-22.819291471555072,-43.00635838364597,sao goncalo,8,479.19,146.93
24455,-22.80878018901832,-43.0258667651288,sao goncalo,7,966.3800000000001,171.54000000000002
24456,-22.80929567410273,-43.016040373940605,sao goncalo,8,1221.32,225.45
24457,-22.806624227141477,-43.012656807667405,sao goncalo,6,1374.19,186.67000000000002
24460,-22.814787634492188,-43.04329935349616,sao goncalo,5,521.59,119.52000000000001
24461,-22.803350481704697,-43.0358182822438,sao goncalo,6,469.08,129.67000000000002
24465,-22.81949144895205,-43.0551638057087,sao goncalo,5,312.4,79.49
24466,-22.811123478295585,-43.06236954792932,sao goncalo,3,228.98000000000002,38.71
24467,-22.805308252046,-43.05264792957123,sao goncalo,2,130.96,35.42
24470,-22.79629033350867,-43.04531393855412,sao goncalo,1,193.8,35.86
24471,-22.785600785156785,-43.04593640228686,sao goncalo,2,99.75,56.94
24472,-22.789315227589743,-43.03850388360695,sao goncalo,2,288.8,39.15
24473,-22.787988229533347,-43.03235624966042,sao goncalo,1,34.98,28.2
24474,-22.794969261024608,-43.02441434660769,sao goncalo,1,99.9,15.46
24475,-22.777267778897787,-43.027446308928425,sao goncalo,1,99.99,16.95
24710,-22.822624306841355,-43.00309374212156,sao goncalo,13,2092.9700000000003,358.44
24711,-22.818906926534805,-42.99751196239111,sao goncalo,7,855.5600000000001,142.63
24715,-22.80276772976624,-42.99028180866455,sao goncalo,6,878.5,113.62
24716,-22.78988059417565,-43.00428047982366,sao goncalo,3,2863.9,102.5
24717,-22.808029904019023,-43.00303400236285,sao goncalo,4,309.69,99.38999999999999
24720,-22.813217838338208,-42.98741033222329,sao goncalo,3,207.69,38.629999999999995
24721,-22.801495702866447,-42.98390861201865,sao goncalo,1,138.0,100.56
24722,-22.796501747075485,-42.97622988470504,sao goncalo,9,1502.59,173.57
24723,-22.81762359087853,-42.94676360586466,sao goncalo,5,736.45,126.85000000000001
24724,-22.805769003517707,-42.95726724972363,sao goncalo,4,538.9,91.85
24725,-22.811456217228336,-42.97220863173352,sao goncalo,4,1169.4,82.64
24726,-22.78851170276054,-42.958565788861314,sao goncalo,1,151.0,15.72
24730,-22.829046912919456,-42.98784246443976,sao goncalo,3,437.99,82.68
24731,-22.822811422053213,-42.98685114650694,sao goncalo,2,320.62,44.27
24732,-22.827064469158785,-42.9738976624395,sao goncalo,3,450.77,48.410000000000004
24734,-22.829471848017025,-42.9607569973706,sao goncalo,1,39.9,15.79
24735,-22.845883873637536,-42.95426308031982,sao goncalo,1,26.7,15.11
24736,-22.820033389763783,-42.969922193443765,sao goncalo,5,783.98,78.11
24737,-22.84162388029282,-42.96231323222136,sao goncalo,1,117.3,22.29
24738,-22.851785749069546,-42.94354284297728,sao goncalo,5,132.06,77.15
24740,-22.832952987571836,-42.99724674575654,sao goncalo,2,168.99,32.5
24742,-22.838766642599392,-43.00379523173135,sao goncalo,4,448.29,56.13
24743,-22.845998417596405,-42.99706758921929,sao goncalo,7,484.85,168.22
24744,-22.84230016004733,-43.01214322773478,sao goncalo,9,1463.37,226.54
24745,-22.85280103675185,-43.00454397099252,sao goncalo,5,328.77,106.41999999999999
24746,-22.83906700788218,-42.98789279135017,sao goncalo,2,121.9,32.730000000000004
24750,-22.854636691924167,-43.02258437303882,sao goncalo,7,802.1700000000001,133.46
24751,-22.86782548778561,-43.002749069555286,sao goncalo,10,1346.01,208.28
24752,-22.882259138501706,-42.98436172867216,sao goncalo,4,846.89,51.86
24753,-22.88628701436756,-42.99166865896655,sao goncalo,2,409.70000000000005,84.69999999999999
24754,-22.872354587681084,-43.027432812835386,sao goncalo,6,423.69,120.64000000000001
24755,-22.85926645726612,-43.015307855881765,sao goncalo,1,20.9,15.1
24756,-22.88593339499682,-43.011983104667294,sao goncalo,10,1781.88,224.75
24800,-22.74248129310771,-42.85721075258665,itaborai,10,1027.89,195.82
24801,-22.7395793666599,-42.84701335677763,itaborai,2,254.98000000000002,41.36
24802,-22.729006918491564,-42.83466835876695,itaborai,1,199.0,21.66
24804,-22.747090526611107,-42.84342210737453,itaborai,3,269.70000000000005,59.760000000000005
24805,-22.73533148939793,-42.83883774259336,itaborai,1,53.9,22.96
24808,-22.75677623430587,-42.855419742696405,itaborai,12,1489.52,289.06
24812,-22.75019628085652,-42.87187716603211,itaborai,6,1169.7,194.99
24813,-22.75411758328793,-42.88883553024611,itaborai,1,260.0,37.42
24830,-22.7113078008679,-42.87331425316652,itaborai,1,45.9,15.56
24846,-22.71538558398837,-42.80638584132024,itaborai,2,153.8,30.58
24855,-22.773459679480904,-42.91565441771825,itaborai,3,485.88,69.33
24856,-22.75807913856637,-42.91063311206234,itaborai,1,145.0,15.76
24858,-22.77209935726771,-42.92264307986124,itaborai,6,512.78,120.95
24859,-22.77340230558587,-42.90984766620826,itaborai,2,57.9,38.849999999999994
24866,-22.73373117887529,-42.93276530734327,itaborai,2,95.9,33.519999999999996
24876,-22.7125342435385,-42.89540473111652,itaborai,3,334.0,39.74
24890,-22.73521870942802,-42.727847609078914,tangua,6,504.88,131.16
24900,-22.919618105516072,-42.83978957558533,marica,14,2316.08,252.07
24901,-22.923608277456783,-42.81985709837894,marica,7,842.17,123.89
24902,-22.92700535031622,-42.8293157127626,marica,2,187.8,26.939999999999998
24903,-22.91166963475216,-42.80609731472158,marica,6,365.96,150.5
24904,-22.910596890425232,-42.81704615497582,marica,3,301.15,46.21
24905,-22.934535219557365,-42.911752855372335,marica,6,430.05,131.91
24910,-22.895953023136546,-42.84243328776303,marica,1,9.9,15.23
24912,-22.911125479829508,-42.83377563947568,marica,6,792.4399999999999,164.97
24913,-22.91455199876777,-42.83508527287743,marica,6,828.97,102.88
24914,-22.92358953634058,-42.85625035741485,marica,7,646.25,171.55
24915,-22.955984494690547,-42.80761537855785,marica,3,326.70000000000005,89.65
24916,-22.94457633335577,-42.82844129113664,marica,2,265.99,43.8
24921,-22.95260981760148,-42.808872638137295,marica,1,95.9,22.99
24922,-22.94856570290517,-42.70343236618995,marica,2,78.9,30.700000000000003
24930,-22.92610775291927,-42.89850356371279,marica,4,387.59000000000003,79.6
24931,-22.93464894999394,-42.88228044187334,marica,9,1258.29,235.18
24933,-22.9565929719624,-42.88349437707549,marica,8,615.57,182.63
24934,-22.946221164792775,-42.88645951724069,marica,3,698.74,73.75999999999999
24935,-22.95097062040013,-42.94683341061871,marica,6,691.6,118.01
24936,-22.954278207609654,-42.96711894755224,marica,16,2305.71,344.86
24937,-22.95115200845083,-42.99376127553226,marica,2,269.98,30.54
24940,-22.92600502136488,-42.940013982950965,marica,2,254.0,69.69
24941,-22.9132211037494,-42.83795907003351,marica,2,179.89000000000001,19.21
24942,-22.93102569180272,-42.92272114486791,marica,5,378.47,78.97999999999999
24943,-22.909483056983007,-42.92582680004856,marica,5,407.86,113.57000000000001
24944,-22.895520218492944,-42.93694066986552,marica,5,280.3,84.59
25010,-22.79046925687479,-43.31481452785819,duque de caxias,3,434.3,129.0
25015,-22.780222493712092,-43.31660541678868,duque de caxias,9,951.1700000000001,212.51
25020,-22.778944166984587,-43.30862350738487,duque de caxias,5,623.55,121.74000000000001
25025,-22.78456265700059,-43.3231360919681,duque de caxias,5,335.63,81.79
25030,-22.7735214191938,-43.311396817507145,duque de caxias,1,89.99,17.88
25035,-22.755338688692213,-43.308531682770784,duque de caxias,14,1404.55,386.23
25036,-22.749595823587462,-43.316204756652816,duque de caxias,4,839.89,67.53999999999999
25040,-22.74090063654044,-43.31546716030017,duque de caxias,9,552.3,144.53
25041,-22.73578083363829,-43.31812761723224,duque de caxias,4,484.63,81.23
25042,-22.73591992474976,-43.3119360459995,duque de caxias,1,299.99,24.97
25045,-22.722818281793867,-43.3139157796674,duque de caxias,6,404.28,111.91
25046,-22.72351123290818,-43.32148642883789,duque de caxias,6,1793.04,201.38
25050,-22.753304486524154,-43.29699642294105,duque de caxias,3,264.8,50.08
25051,-22.761267896992525,-43.29298558604593,duque de caxias,2,88.97,30.57
25055,-22.75739662652191,-43.28166913009442,duque de caxias,4,608.69,91.52000000000001
25060,-22.76405759011258,-43.30041310063685,duque de caxias,12,1637.94,245.94
25065,-22.7574077930847,-43.28687072573676,duque de caxias,9,1005.27,165.84
25070,-22.78016279197431,-43.30430364671711,duque de caxias,15,2836.55,342.06
25071,-22.78540692093292,-43.301837011358415,duque de caxias,2,128.78,110.97999999999999
25075,-22.77412502707916,-43.29092658055662,duque de caxias,3,403.9,27.150000000000002
25080,-22.759685746162333,-43.29297061113347,duque de caxias,3,295.64,63.72
25085,-22.79583417251553,-43.291526151554045,duque de caxias,1,259.0,16.69
25086,-22.754121943948885,-43.28647151207924,duque de caxias,2,139.79,49.489999999999995
25211,-22.67066808633434,-43.26255563331919,duque de caxias,3,649.9,94.62
25212,-22.676473601000435,-43.25702002542332,duque de caxias,9,1436.97,288.01
25213,-22.6749107167218,-43.27620037015547,duque de caxias,8,2626.2599999999998,187.72
25214,-22.689731933072384,-43.26636955304457,duque de caxias,6,748.4300000000001,115.28
25215,-22.682590790490558,-43.27404135699872,duque de caxias,4,199.72,92.26
25220,-22.685430142678285,-43.24665539237965,duque de caxias,4,353.45000000000005,64.16
25223,-22.683322481003053,-43.25395359470418,duque de caxias,2,118.99000000000001,34.24
25225,-22.696323342560508,-43.271184575072574,duque de caxias,3,251.88,74.93
25230,-22.689741624685315,-43.2826886930124,duque de caxias,1,29.9,18.31
25231,-22.683563816603137,-43.29906896652288,duque de caxias,1,227.9,16.48
25233,-22.70350739511343,-43.29957916081139,duque de caxias,4,912.05,112.24000000000001
25235,-22.70286437220505,-43.31600017753463,duque de caxias,3,527.9,63.54
25237,-22.753574853365865,-43.305893071458286,duque de caxias,1,49.9,18.0
25240,-22.645633194906285,-43.28709135535513,duque de caxias,9,854.27,155.09
25241,-22.571208,-43.31268449999998,duque de caxias,1,59.99,16.18
25243,-22.659524930411084,-43.296332311051046,duque de caxias,2,154.9,24.080000000000002
25245,-22.59128608480469,-43.312298090959736,duque de caxias,4,1164.39,183.36
25250,-22.60728606434383,-43.29857473776487,duque de caxias,13,1324.26,320.51
25251,-22.65410603965445,-43.27799273062863,duque de caxias,3,234.85000000000002,48.42
25253,-22.612060153892077,-43.28185276890751,duque de caxias,2,96.0,45.620000000000005
25255,-22.644539050348147,-43.27860193918141,duque de caxias,9,663.6899999999999,140.77
25260,-22.65362737697551,-43.27588967098969,duque de caxias,3,414.8,52.69
25261,-22.64530376193324,-43.26203372616665,duque de caxias,6,316.48,128.69
25264,-22.64520106741496,-43.23736687845677,duque de caxias,4,279.78,73.97
25265,-22.649550626444302,-43.23034128992175,duque de caxias,1,149.99,40.38
25266,-22.63876728053192,-43.2218184372897,duque de caxias,4,668.7,86.51
25267,-22.63517083859032,-43.24735328154284,duque de caxias,2,689.2,58.16
25268,-22.652696249418973,-43.2761256498613,duque de caxias,5,531.85,130.26999999999998
25270,-22.623874594466177,-43.23981472381287,duque de caxias,1,19.0,15.23
25271,-22.63746113941411,-43.22617580587021,duque de caxias,5,422.38,76.13
25272,-22.62425914893622,-43.21652128956865,duque de caxias,1,319.0,16.98
25275,-22.63887775891837,-43.22692540844416,duque de caxias,3,389.8,69.43
25510,-22.790646777654263,-43.375643445446975,sao joao de meriti,14,1946.65,378.12
25515,-22.79765605749528,-43.364274956523175,sao joao de meriti,15,2308.88,333.18
25520,-22.803670156230325,-43.3754619382363,sao joao de meriti,14,2559.58,378.49
25525,-22.79612913604517,-43.38275185182584,sao joao de meriti,9,1097.59,177.07999999999998
25530,-22.80597341277987,-43.3903648173854,sao joao de meriti,2,116.89,38.19
25535,-22.791159022004333,-43.40261092456814,sao joao de meriti,1,179.99,40.59
25540,-22.784015528679777,-43.39703232529075,sao joao de meriti,5,518.6,107.96000000000001
25545,-22.7896529219758,-43.34817211025902,sao joao de meriti,4,584.9,92.12
25550,-22.77519333195786,-43.382929842060825,sao joao de meriti,10,1978.49,254.07
25555,-22.78130043658109,-43.37040843885934,sao joao de meriti,9,945.08,234.62
25560,-22.770034075258486,-43.36986192895572,sao joao de meriti,4,710.94,72.37
25561,-22.768601480710736,-43.37689328166564,sao joao de meriti,4,422.63,200.86
25565,-22.78315358395092,-43.35979003562612,sao joao de meriti,5,598.79,63.94
25570,-22.767755472400367,-43.351648773854414,sao joao de meriti,5,1388.79,107.50999999999999
25571,-22.764428655824528,-43.34634958376359,sao joao de meriti,4,540.89,62.34
25575,-22.770524738786182,-43.34087058368249,sao joao de meriti,2,219.96999999999997,76.73
25576,-22.778287142653923,-43.35224410736812,sao joao de meriti,3,339.5,67.25
25580,-22.78335138297888,-43.34124145850288,sao joao de meriti,3,226.8,51.019999999999996
25581,-22.788457368960326,-43.34709777532829,sao joao de meriti,2,270.7,101.66
25585,-22.79367354642019,-43.33816809639405,sao joao de meriti,9,821.9,167.06
25610,-22.50218363248224,-43.16843451995522,petropolis,4,784.5799999999999,109.35
25615,-22.496114223843747,-43.15620443994322,petropolis,9,2496.53,296.70000000000005
25620,-22.510230788197468,-43.17544387445511,petropolis,14,1920.38,403.78
25625,-22.515824878742336,-43.17136715693798,petropolis,3,193.99,52.06
25630,-22.52424789468128,-43.161617138310994,petropolis,3,239.22000000000003,74.35
25635,-22.529027105018844,-43.17661101657757,petropolis,13,1790.38,316.24
25640,-22.52279907282805,-43.183566224490704,petropolis,7,563.6800000000001,149.13
25645,-22.54079651100627,-43.20123507158808,petropolis,6,586.79,119.15
25650,-22.531038247576937,-43.212309414991445,petropolis,10,1438.08,218.05
25651,-22.524744277401208,-43.21160357990256,petropolis,10,2676.57,201.33
25655,-22.52044984882392,-43.19101234595281,petropolis,20,3301.56,682.1800000000001
25660,-22.512038240121388,-43.20472585759976,petropolis,8,456.75,130.77
25665,-22.509186267903694,-43.219827486060126,petropolis,16,2453.9,373.53000000000003
25670,-22.489507019910214,-43.210414436144696,petropolis,1,103.9,16.32
25675,-22.49698456394848,-43.20060728812907,petropolis,6,1020.77,149.84
25680,-22.48963724197897,-43.18376265001703,petropolis,12,1880.45,494.18
25685,-22.50813163708028,-43.18141468751699,petropolis,9,647.68,192.5
25710,-22.475562635890437,-43.148370152985294,petropolis,16,2736.4,646.96
25715,-22.47150966453406,-43.1620277638875,petropolis,6,572.8,97.59
25720,-22.43222926280023,-43.14086038411682,petropolis,15,1427.66,263.66
25725,-22.427894024726776,-43.20138979903541,petropolis,3,345.89,55.44
25730,-22.408608081087024,-43.13140914649253,petropolis,18,2144.82,552.5
25740,-22.374645351841945,-43.12909370218015,petropolis,4,350.20000000000005,103.3
25745,-22.3915193770552,-43.10829358749547,petropolis,6,538.43,135.37
25750,-22.33852928975817,-43.12899883949998,petropolis,10,1118.48,243.37
25770,-22.26889273967007,-43.07681259121553,petropolis,5,457.79,154.81
25900,-22.651419516496585,-43.06655787630402,mage,18,1902.22,408.59
25901,-22.648338600540264,-43.0583437917855,mage,9,1310.8700000000001,168.63
25902,-22.65954574226225,-43.116827376350194,mage,1,146.0,29.36
25903,-22.641865834980965,-43.07245208309176,mage,3,289.88,49.099999999999994
25904,-22.65181465633809,-43.05361261025339,mage,1,1499.99,21.76
25905,-22.661390928999936,-43.03525083599993,mage,2,204.75000000000003,71.47
25907,-22.63855440197675,-43.16000184562523,mage,1,3.54,14.1
25908,-22.65815606716074,-43.11902674370239,mage,2,327.89,37.349999999999994
25911,-22.55907208815268,-43.044923138517305,mage,4,526.49,131.57
25912,-22.568711297797638,-43.05970114621402,mage,1,64.99,27.51
25914,-22.59381281247852,-43.06930284283151,mage,3,203.8,73.78
25921,-22.6525357703222,-43.12650100805483,mage,1,257.9,16.91
25922,-22.66003863059351,-43.1347885471764,mage,6,602.49,134.8
25925,-22.69368277179141,-43.10979273572445,mage,2,174.99,30.58
25926,-22.70142395223432,-43.15952521180791,mage,9,1116.8,259.76
25928,-22.63601681822644,-43.02534331618508,mage,1,379.8,38.42
25930,-22.68144619055304,-43.16145962640192,mage,1,89.9,16.39
25931,-22.61526861460808,-43.17116864583764,mage,12,1602.95,389.1
25932,-22.606414625881992,-43.16479917404288,mage,1,29.5,19.84
25933,-22.589725437213616,-43.18381309691644,mage,4,745.79,78.25999999999999
25935,-22.61541015511536,-43.180319831473575,mage,15,1657.6200000000001,241.64999999999998
25936,-22.620249948551308,-43.19299423593612,mage,2,102.0,38.980000000000004
25937,-22.64373828349399,-43.182944105487344,mage,2,258.9,41.339999999999996
25938,-22.6545713161462,-43.20333179891331,mage,3,670.2,61.77
25940,-22.617931893774944,-43.00412879602773,guapimirim,4,527.7,116.4
25943,-22.55101493109428,-42.98442049906716,guapimirim,3,129.9,47.22
25945,-22.528934117386,-42.98544280263765,guapimirim,1,124.99,14.62
25946,-22.527718078493137,-42.97826627951071,guapimirim,11,1815.77,266.41
25949,-22.51454665728784,-42.96902750677734,guapimirim,2,368.9,35.08
26010,-22.7551063244127,-43.42858334530357,nova iguacu,13,1374.93,336.53000000000003
26011,-22.748785105742307,-43.43168107136049,nova iguacu,9,1347.6599999999999,238.13
26012,-22.739120145317514,-43.438923776976765,nova iguacu,9,836.7,173.1
26013,-22.745675146224823,-43.44388802788447,nova iguacu,13,1767.75,299.43
26015,-22.74498697417717,-43.43911485622618,nova iguacu,7,453.85,155.03
26020,-22.73307786504663,-43.4496138786291,nova iguacu,14,1474.25,265.17
26021,-22.7265203412345,-43.43963538573774,nova iguacu,5,570.89,157.96
26022,-22.73223237271496,-43.460676715526674,nova iguacu,10,1023.6800000000001,227.58999999999997
26023,-22.71845447873864,-43.45333006616676,nova iguacu,1,129.34,21.4
26030,-22.72927766291159,-43.46322545433846,nova iguacu,9,1362.08,183.65
26031,-22.733144913944965,-43.47564299726109,nova iguacu,4,339.28999999999996,82.65
26032,-22.73116848461293,-43.4796971945155,nova iguacu,5,382.69,84.94
26033,-22.722956089481777,-43.4618987093067,nova iguacu,1,29.0,14.52
26035,-22.72277955303024,-43.46645519648206,nova iguacu,1,98.0,37.26
26040,-22.715476981048564,-43.45497446506072,nova iguacu,5,659.4,115.36
26041,-22.709788663568432,-43.465657949741065,nova iguacu,9,478.73,168.23
26042,-22.708401272321503,-43.47914027612773,nova iguacu,1,179.0,9.2
26050,-22.692333946397017,-43.4678329284204,nova iguacu,4,370.59000000000003,85.26
26051,-22.69370930904985,-43.45569367309577,nova iguacu,6,353.46,166.92
26052,-22.682661738953115,-43.44763426447411,nova iguacu,7,912.53,204.37
26053,-22.676424784708487,-43.46514837118791,nova iguacu,2,271.99,49.42
26060,-22.70596026208645,-43.44426093479684,nova iguacu,6,722.87,123.07000000000001
26062,-22.6632991804878,-43.42190649887993,nova iguacu,1,134.9,23.81
26063,-22.71869874105048,-43.47704074319361,nova iguacu,1,20.89,15.79
26070,-22.712261582859316,-43.43397796646818,nova iguacu,18,3306.44,472.26
26080,-22.72546659818089,-43.5110829974867,nova iguacu,5,558.6800000000001,110.64
26082,-22.73084992306352,-43.501629004388285,nova iguacu,1,69.0,31.13
26083,-22.73962521457062,-43.51130348349012,nova iguacu,6,578.48,127.62
26084,-22.7288301166658,-43.51662859381047,nova iguacu,3,174.99,47.4
26085,-22.7378823853966,-43.540626520424674,nova iguacu,2,176.86,43.989999999999995
26086,-22.727495091333505,-43.52334987524174,nova iguacu,5,398.8,117.61
26087,-22.716288877191023,-43.51530571258531,nova iguacu,14,2048.68,290.33
26088,-22.709994584521123,-43.52081425760519,nova iguacu,5,417.02,159.08999999999997
26110,-22.755672493046596,-43.36930490702333,belford roxo,3,340.98,43.0
26112,-22.748890763540413,-43.40218859295182,belford roxo,6,661.59,105.53999999999999
26113,-22.75249988943649,-43.39489689201624,belford roxo,4,209.9,61.22
26115,-22.74102601762666,-43.39058910287586,belford roxo,7,719.57,141.83
26116,-22.744030405639823,-43.38686162276392,belford roxo,3,303.73,53.18
26120,-22.74095127698239,-43.407375755677286,belford roxo,3,174.59,60.48
26123,-22.73755924382916,-43.40715915370587,belford roxo,3,211.77,56.89
26125,-22.733091514554367,-43.40118902114117,belford roxo,2,949.8,49.769999999999996
26130,-22.76452043290213,-43.40324268558952,belford roxo,13,1363.77,322.62
26135,-22.748837947683032,-43.4110954882984,belford roxo,3,362.49,83.74
26140,-22.738645489116468,-43.41773917384008,belford roxo,6,1361.99,285.13
26143,-22.72777921195433,-43.41907983538552,belford roxo,1,146.99,20.52
26155,-22.72149589575073,-43.40236747175682,belford roxo,2,501.85,75.46
26160,-22.73036490590292,-43.39084713564882,belford roxo,5,1229.78,92.99
26163,-22.71802861019754,-43.38866458565219,belford roxo,1,16.99,15.11
26165,-22.73004862963322,-43.38401397146633,belford roxo,6,543.65,134.29000000000002
26167,-22.73381526820578,-43.37869831571142,belford roxo,3,185.89,41.54
26170,-22.735308724256505,-43.3689986253974,belford roxo,1,12.99,15.23
26172,-22.727797274174065,-43.36988532052452,belford roxo,1,56.99,15.15
26173,-22.7293974724831,-43.35646929692585,belford roxo,3,308.8,81.37
26175,-22.723712605507256,-43.34218222243037,belford roxo,4,318.97,87.96000000000001
26178,-22.71708005610544,-43.37621943740937,belford roxo,4,344.59999999999997,86.10999999999999
26180,-22.709309871783464,-43.340396840703605,belford roxo,1,31.9,14.1
26183,-22.71884157108849,-43.3359503631358,belford roxo,8,635.5600000000001,131.82
26185,-22.71230675457505,-43.3346366040831,belford roxo,3,412.70000000000005,204.06
26187,-22.731683227835816,-43.34902267341827,belford roxo,3,303.44,54.78
26190,-22.738054149192973,-43.33784294353118,belford roxo,1,34.9,17.06
26193,-22.74371498675422,-43.34181565153629,belford roxo,3,289.18,49.6
26196,-22.74788950490292,-43.365239469417695,belford roxo,1,170.0,18.44
26210,-22.75587652233678,-43.45011309119682,nova iguacu,13,1269.0,240.84
26215,-22.749383783452853,-43.44373182064543,nova iguacu,12,1237.46,273.19
26216,-22.751111606071024,-43.46011896476947,nova iguacu,3,104.39,44.68
26220,-22.7584056941374,-43.442957719272016,nova iguacu,12,2165.8,275.35
26221,-22.761895289271685,-43.44132518888005,nova iguacu,6,612.4,188.31
26225,-22.764974904450163,-43.43867207315254,nova iguacu,6,918.48,193.57000000000002
26230,-22.754343447271268,-43.42874379900237,nova iguacu,1,287.70000000000005,60.48
26250,-22.76580597634655,-43.44413388623215,nova iguacu,6,1438.98,209.46
26255,-22.760838936119494,-43.45665101381061,nova iguacu,33,8364.01,1122.8
26256,-22.75641397681851,-43.468057858785166,nova iguacu,1,141.4,22.07
26260,-22.757514514925703,-43.47418414534944,nova iguacu,1,12.99,14.1
26261,-22.75945387444939,-43.48287991446073,nova iguacu,10,1303.87,183.51
26262,-22.75865949445597,-43.46865496838731,nova iguacu,4,274.88,83.89
26263,-22.7511163216362,-43.4803664070067,nova iguacu,9,1057.78,253.44
26265,-22.76240169452735,-43.49189992116156,nova iguacu,8,705.1800000000001,160.91
26266,-22.76149082223366,-43.49983733727016,nova iguacu,1,64.99,14.2
26270,-22.771786935706576,-43.513737001536,nova iguacu,2,153.65,27.71
26271,-22.76538805577464,-43.513740263369385,nova iguacu,3,551.96,46.46
26272,-22.761268184110865,-43.504602353534416,nova iguacu,2,508.9,43.78
26275,-22.758522248481707,-43.5081270171475,nova iguacu,3,84.89,64.13
26276,-22.747655366540023,-43.50045199921573,nova iguacu,8,564.72,234.39999999999998
26277,-22.75365868027963,-43.50568209999401,nova iguacu,7,574.58,146.89
26278,-22.750950306589704,-43.5104936361956,nova iguacu,3,103.89,29.92
26279,-22.746340793942444,-43.51599943467023,nova iguacu,3,704.5,56.72
26280,-22.74345546985677,-43.48205928698698,nova iguacu,5,487.77000000000004,133.49
26281,-22.739051517422563,-43.47469667232987,nova iguacu,4,319.92,179.04000000000002
26282,-22.743267765418626,-43.47080427462203,nova iguacu,2,174.9,32.11
26285,-22.749261034645645,-43.457434797409576,nova iguacu,10,1061.39,249.7
26286,-22.74919369674164,-43.469546131254496,nova iguacu,8,760.5699999999999,232.84
26290,-22.7692389862532,-43.52530849381608,nova iguacu,12,2442.91,211.53
26291,-22.775922205954583,-43.53552518598715,nova iguacu,4,1112.41,89.05
26292,-22.765111723156878,-43.559026201122336,nova iguacu,6,1152.69,121.1
26293,-22.79249083598364,-43.57524682495404,nova iguacu,1,265.0,45.85
26296,-22.80012558975328,-43.59358340822262,nova iguacu,3,1570.8899999999999,98.69
26297,-22.81315246690653,-43.58884053145267,nova iguacu,3,503.8,76.75
26298,-22.821289601573383,-43.58391704635197,nova iguacu,5,1986.8600000000001,132.22
26299,-22.84103615023977,-43.61515804577371,nova iguacu,1,148.9,20.23
26310,-22.71769036507631,-43.56406590011273,queimados,9,950.48,358.38
26311,-22.7230667989856,-43.577531170720725,queimados,2,427.0,57.57
26313,-22.72398694854633,-43.56859220120247,queimados,4,439.98,64.82
26315,-22.726749869469312,-43.58842644869943,queimados,2,114.88999999999999,34.849999999999994
26316,-22.691702991594585,-43.594666387857934,queimados,1,49.8,14.52
26320,-22.70950681506173,-43.580279131181264,queimados,3,211.8,54.3
26321,-22.7081915940706,-43.57351771589113,queimados,2,228.99,31.46
26323,-22.721880392950524,-43.56120106689918,queimados,6,889.7,121.63
26325,-22.720466020617074,-43.55679725976077,queimados,3,363.0,61.58
26330,-22.73569440043516,-43.542197211853576,queimados,2,224.9,42.959999999999994
26380,-22.707476317323948,-43.55071081533383,queimados,1,79.9,19.75
26381,-22.6969098294197,-43.55741624112584,queimados,3,257.68,78.46000000000001
26382,-22.692331349282565,-43.531816681604255,queimados,1,120.0,16.6
26383,-22.707869677714925,-43.561315648938425,queimados,8,819.42,126.87
26385,-22.705743887793957,-43.55656212344719,queimados,6,664.31,122.95
26413,-22.696333434498968,-43.626641384369336,japeri,1,56.99,15.15
26420,-22.68450772983073,-43.61532318330367,japeri,2,216.8,39.86
26423,-22.6809778671,-43.61135654272859,japeri,1,75.0,14.7
26425,-22.68320829858776,-43.6136513869842,japeri,1,809.0,27.59
26430,-22.68817178316981,-43.60645936527142,japeri,3,256.99,47.4
26433,-22.650250797954484,-43.65355119895557,japeri,4,478.89,123.43
26435,-22.648997352455527,-43.65813095170957,japeri,4,352.69,185.08
26440,-22.6438955448154,-43.64300824279504,japeri,4,252.60999999999999,78.17
26443,-22.644806809224903,-43.65794599414254,japeri,2,164.32,47.07
26445,-22.674494004101163,-43.60813218912923,japeri,3,266.98,54.94
26450,-22.663207630218253,-43.610776285393406,japeri,1,229.99,18.86
26453,-22.66951051838989,-43.61452547990683,japeri,3,232.66000000000003,52.92999999999999
26455,-22.67373240752545,-43.59804565833488,japeri,1,109.9,16.53
26460,-22.67164263350668,-43.59088177051566,japeri,2,878.56,471.57000000000005
26470,-22.679545467450534,-43.593041196799824,japeri,1,18.9,15.1
26480,-22.667916878063743,-43.58577332849087,japeri,1,57.99,16.17
26510,-22.81662825484205,-43.41632496803764,nilopolis,21,3009.2,533.19
26515,-22.82027720659127,-43.42270906150816,nilopolis,3,316.9,58.3
26520,-22.81249234447968,-43.42909625891298,nilopolis,17,1366.2,279.3
26521,-22.809500731742084,-43.43250149322672,nilopolis,6,760.79,165.45000000000002
26525,-22.805706631753832,-43.42307905240664,nilopolis,20,2828.57,474.90000000000003
26526,-22.804257068335087,-43.42109060717076,nilopolis,2,279.8,27.67
26530,-22.80164222999227,-43.41601787718497,nilopolis,8,1042.26,129.66
26535,-22.799760130437143,-43.41047447797409,nilopolis,10,1140.67,180.15
26540,-22.80794794860136,-43.40773098670876,nilopolis,7,1044.22,319.59000000000003
26545,-22.81382105979965,-43.40235279737406,nilopolis,9,1338.5700000000002,167.59
26550,-22.77075741016515,-43.4312991356195,mesquita,4,251.79,79.73
26551,-22.781707096310384,-43.42552236371597,mesquita,10,1064.2,220.03
26553,-22.786322478605623,-43.43138510904005,mesquita,6,760.7,149.51
26554,-22.79089221312869,-43.43692215015001,mesquita,4,380.88,66.24
26556,-22.77776602762561,-43.43662348759625,mesquita,4,592.38,127.65
26557,-22.771105803454297,-43.43638870513932,mesquita,2,407.97,53.629999999999995
26560,-22.772872235146963,-43.42497545965702,mesquita,4,702.76,86.19
26562,-22.770064916804248,-43.422339662467735,mesquita,8,1046.37,138.78
26564,-22.77328132742342,-43.41781714536901,mesquita,6,590.59,106.34
26570,-22.77814678640116,-43.4171342747468,mesquita,2,176.99,31.23
26572,-22.7846703338512,-43.41150550604952,mesquita,4,613.7,92.94
26574,-22.77767719983202,-43.4038669735974,mesquita,4,671.2,181.0
26580,-22.78727630139065,-43.42104793086865,mesquita,5,455.78999999999996,129.07
26582,-22.791786349943763,-43.41589366647349,mesquita,5,832.5,116.71000000000001
26584,-22.79705192396206,-43.42658602251409,mesquita,2,135.4,49.83
26585,-22.79835084305232,-43.434750437897016,mesquita,3,338.9,128.06
26587,-22.80462139272945,-43.4357429099578,mesquita,2,109.9,38.36
26600,-22.61483382699214,-43.705683375748585,paracambi,35,6571.96,944.27
28680,-22.470849051492323,-42.657121037845286,cachoeiras de macacu,19,1819.26,363.9
28695,-22.602807,-42.737436,cachoeiras de macacu,1,99.0,22.16
28800,-22.711927870432564,-42.63004113951235,rio bonito,27,4352.11,594.18
