geolocation_zip_code_prefix,geolocation_lat,geolocation_lng,geolocation_city,geolocation_state,source_row_number,status,decision,reason,distance_to_region_km
24027,-21.2189719026067,-41.87752350568823,niteroi,RJ,469021,outside_region,exclude_outside_region,Excluido da media: coordenada confirmadamente externa ao recorte; mais de21km da uniao metropolitana.,144.97422933293967
24210,-22.498541674100217,-44.09147357808608,niteroi,RJ,470951,outside_region,exclude_outside_region,Excluido da media: coordenada confirmadamente externa ao recorte; mais de21km da uniao metropolitana.,30.692508315232303
24210,-22.49853084470412,-44.09163710196716,niteroi,RJ,470977,outside_region,exclude_outside_region,Excluido da media: coordenada confirmadamente externa ao recorte; mais de21km da uniao metropolitana.,30.707288514899105
24230,-21.212636111309536,-41.88908213570565,niteroi,RJ,471689,outside_region,exclude_outside_region,Excluido da media: coordenada confirmadamente externa ao recorte; mais de21km da uniao metropolitana.,145.006369827017
24230,-21.212656146518967,-41.88919624882462,niteroi,RJ,471920,outside_region,exclude_outside_region,Excluido da media: coordenada confirmadamente externa ao recorte; mais de21km da uniao metropolitana.,144.9987259895906
24230,-21.21267848641325,-41.889194908430966,niteroi,RJ,472029,outside_region,exclude_outside_region,Excluido da media: coordenada confirmadamente externa ao recorte; mais de21km da uniao metropolitana.,144.99662157707598
24230,-21.21256712045956,-41.88908627515665,niteroi,RJ,472072,outside_region,exclude_outside_region,Excluido da media: coordenada confirmadamente externa ao recorte; mais de21km da uniao metropolitana.,145.0128685652823
24230,-21.212466257417603,-41.8892076421707,niteroi,RJ,472240,outside_region,exclude_outside_region,Excluido da media: coordenada confirmadamente externa ao recorte; mais de21km da uniao metropolitana.,145.0166139725807
24230,-21.212606543802405,-41.88908390975608,niteroi,RJ,472251,outside_region,exclude_outside_region,Excluido da media: coordenada confirmadamente externa ao recorte; mais de21km da uniao metropolitana.,145.00915498677028
24230,-21.212566786941856,-41.88920161039925,niteroi,RJ,472426,outside_region,exclude_outside_region,Excluido da media: coordenada confirmadamente externa ao recorte; mais de21km da uniao metropolitana.,145.00714375770337
24230,-21.212466257417603,-41.8892076421707,niteroi,RJ,472524,outside_region,exclude_outside_region,Excluido da media: coordenada confirmadamente externa ao recorte; mais de21km da uniao metropolitana.,145.0166139725807
24230,-21.21379335123083,-41.88677182240514,niteroi,RJ,472525,outside_region,exclude_outside_region,Excluido da media: coordenada confirmadamente externa ao recorte; mais de21km da uniao metropolitana.,145.00948655334787
24230,-21.21261146673041,-41.889198929611936,niteroi,RJ,472636,outside_region,exclude_outside_region,Excluido da media: coordenada confirmadamente externa ao recorte; mais de21km da uniao metropolitana.,145.002934850037
24230,-21.212636111309536,-41.88908213570565,niteroi,RJ,472783,outside_region,exclude_outside_region,Excluido da media: coordenada confirmadamente externa ao recorte; mais de21km da uniao metropolitana.,145.006369827017
24230,-21.21247841793816,-41.88909159730793,niteroi,RJ,472980,outside_region,exclude_outside_region,Excluido da media: coordenada confirmadamente externa ao recorte; mais de21km da uniao metropolitana.,145.02122425136065
24230,-21.212566786941856,-41.88920161039925,niteroi,RJ,473685,outside_region,exclude_outside_region,Excluido da media: coordenada confirmadamente externa ao recorte; mais de21km da uniao metropolitana.,145.00714375770337
24230,-21.21256712045956,-41.88908627515665,niteroi,RJ,473740,outside_region,exclude_outside_region,Excluido da media: coordenada confirmadamente externa ao recorte; mais de21km da uniao metropolitana.,145.0128685652823
24230,-21.212636111309536,-41.88908213570565,niteroi,RJ,473967,outside_region,exclude_outside_region,Excluido da media: coordenada confirmadamente externa ao recorte; mais de21km da uniao metropolitana.,145.006369827017
24230,-21.212636111309536,-41.88908213570565,niteroi,RJ,474140,outside_region,exclude_outside_region,Excluido da media: coordenada confirmadamente externa ao recorte; mais de21km da uniao metropolitana.,145.006369827017
24230,-21.212466257417603,-41.8892076421707,niteroi,RJ,474178,outside_region,exclude_outside_region,Excluido da media: coordenada confirmadamente externa ao recorte; mais de21km da uniao metropolitana.,145.0166139725807
24230,-21.212566786941856,-41.88920161039925,niteroi,RJ,474238,outside_region,exclude_outside_region,Excluido da media: coordenada confirmadamente externa ao recorte; mais de21km da uniao metropolitana.,145.00714375770337
24360,-21.21631693106335,-41.89512610698869,niteroi,RJ,474416,outside_region,exclude_outside_region,Excluido da media: coordenada confirmadamente externa ao recorte; mais de21km da uniao metropolitana.,144.34732633554233
24360,-21.216289418912535,-41.89511822495882,niterói,RJ,474440,outside_region,exclude_outside_region,Excluido da media: coordenada confirmadamente externa ao recorte; mais de21km da uniao metropolitana.,144.3503955603492
24360,-21.21631693106335,-41.89512610698869,niteroi,RJ,474724,outside_region,exclude_outside_region,Excluido da media: coordenada confirmadamente externa ao recorte; mais de21km da uniao metropolitana.,144.34732633554233
24360,-21.21631693106335,-41.89512610698869,niteroi,RJ,474758,outside_region,exclude_outside_region,Excluido da media: coordenada confirmadamente externa ao recorte; mais de21km da uniao metropolitana.,144.34732633554233
24325,-22.497114352761272,-44.09474097737896,niteroi,RJ,475079,outside_region,exclude_outside_region,Excluido da media: coordenada confirmadamente externa ao recorte; mais de21km da uniao metropolitana.,31.060607229840556
24360,-21.21631693106335,-41.89512610698869,niteroi,RJ,475101,outside_region,exclude_outside_region,Excluido da media: coordenada confirmadamente externa ao recorte; mais de21km da uniao metropolitana.,144.34732633554233
24360,-21.21631693106335,-41.89512610698869,niteroi,RJ,475110,outside_region,exclude_outside_region,Excluido da media: coordenada confirmadamente externa ao recorte; mais de21km da uniao metropolitana.,144.34732633554233
24360,-21.21631693106335,-41.89512610698869,niteroi,RJ,475306,outside_region,exclude_outside_region,Excluido da media: coordenada confirmadamente externa ao recorte; mais de21km da uniao metropolitana.,144.34732633554233
24325,-21.21563180561561,-41.88980722590923,niteroi,RJ,475664,outside_region,exclude_outside_region,Excluido da media: coordenada confirmadamente externa ao recorte; mais de21km da uniao metropolitana.,144.6790452043067
24325,-22.497659174000283,-44.094893579094105,niteroi,RJ,475693,outside_region,exclude_outside_region,Excluido da media: coordenada confirmadamente externa ao recorte; mais de21km da uniao metropolitana.,31.041208742869177
24360,-21.21631693106335,-41.89512610698869,niterói,RJ,475760,outside_region,exclude_outside_region,Excluido da media: coordenada confirmadamente externa ao recorte; mais de21km da uniao metropolitana.,144.34732633554233
24360,-21.21631693106335,-41.89512610698869,niteroi,RJ,475790,outside_region,exclude_outside_region,Excluido da media: coordenada confirmadamente externa ao recorte; mais de21km da uniao metropolitana.,144.34732633554233
24360,-21.21631693106335,-41.89512610698869,niteroi,RJ,476068,outside_region,exclude_outside_region,Excluido da media: coordenada confirmadamente externa ao recorte; mais de21km da uniao metropolitana.,144.34732633554233
24360,-21.21631693106335,-41.89512610698869,niteroi,RJ,476079,outside_region,exclude_outside_region,Excluido da media: coordenada confirmadamente externa ao recorte; mais de21km da uniao metropolitana.,144.34732633554233
24360,-21.21631693106335,-41.89512610698869,niteroi,RJ,476160,outside_region,exclude_outside_region,Excluido da media: coordenada confirmadamente externa ao recorte; mais de21km da uniao metropolitana.,144.34732633554233
24360,-21.21631693106335,-41.89512610698869,niteroi,RJ,476197,outside_region,exclude_outside_region,Excluido da media: coordenada confirmadamente externa ao recorte; mais de21km da uniao metropolitana.,144.34732633554233
24360,-21.21631693106335,-41.89512610698869,niteroi,RJ,476219,outside_region,exclude_outside_region,Excluido da media: coordenada confirmadamente externa ao recorte; mais de21km da uniao metropolitana.,144.34732633554233
24360,-21.21631693106335,-41.89512610698869,niteroi,RJ,476264,outside_region,exclude_outside_region,Excluido da media: coordenada confirmadamente externa ao recorte; mais de21km da uniao metropolitana.,144.34732633554233
25545,-22.841786171132604,-42.05902371784362,são joão de meriti,RJ,485480,outside_region,exclude_outside_region,Excluido da media: coordenada confirmadamente externa ao recorte; mais de21km da uniao metropolitana.,39.88350430339928
25561,-22.51610858849809,-44.091544274830994,sao joao de meriti,RJ,485639,outside_region,exclude_outside_region,Excluido da media: coordenada confirmadamente externa ao recorte; mais de21km da uniao metropolitana.,29.68837143110762
25545,-22.842106571261947,-42.05835148218451,sao joao de meriti,RJ,485718,outside_region,exclude_outside_region,Excluido da media: coordenada confirmadamente externa ao recorte; mais de21km da uniao metropolitana.,39.95430100521953
28695,-22.519974217544068,-44.00261887335798,papucaia,RJ,517894,outside_region,exclude_outside_region,Excluido da media: coordenada confirmadamente externa ao recorte; mais de21km da uniao metropolitana.,21.92868913842044
