geolocation_zip_code_prefix,geolocation_lat,geolocation_lng,geolocation_city,geolocation_state,source_row_number
21032,-22.85777881320336,-43.25262574493621,"rio de janeiro, rio de janeiro, brasil",RJ,421040
21341,-22.8749873366611,-43.35283898932418,rj,RJ,429227
21550,-22.85786142576025,-43.35261269040332,rio de janeiro,AC,431001
22260,-22.94937255785112,-43.18531223036526,rio janeiro,RJ,444636
23056,-22.91916431103409,-43.61109694482953,rio de janeiro,AC,460408
23073,-22.88500788310081,-43.61612998754906,campo grande,RJ,462708
24914,-22.926682192597426,-42.8525491691742,inoa,RJ,481201
24913,-22.908095225225264,-42.822558497094136,inoa,RJ,481276
24914,-22.91385489821769,-42.92620542957789,inoa,RJ,481281
25930,-22.69890156414833,-43.159940175113015,guia de pacobaiba,RJ,490363
25935,-22.645103206571925,-43.148065977941286,inhomirim,RJ,490817
25936,-22.5982856640529,-43.19273536370275,guia de pacobaiba,RJ,490995
25912,-22.60577981357824,-43.03580838322684,santo aleixo,RJ,491043
25930,-22.70248345535665,-43.14633068633229,guia de pacobaíba,RJ,491058
25931,-22.615257104895107,-43.17537512802392,inhomirim,RJ,491077
25936,-22.662507917103454,-43.16169325863794,inhomirim,RJ,491832
25935,-22.64533909198375,-43.14843350364683,inhomirim,RJ,492242
28695,-22.60154484327625,-42.74475853730089,papucaia,RJ,516885
28695,-22.59867996525893,-42.73467999907527,papucaia,RJ,516912
28695,-22.595706803241445,-42.73191425720166,papucaia,RJ,516946
28695,-22.606687393242424,-42.74335003180147,papucaia,RJ,516981
28695,-22.59092126075609,-42.72686224608981,papucaia,RJ,517089
28695,-22.600696955662134,-42.737676896838174,papucaia,RJ,517094
28695,-22.593842394964643,-42.74665372202371,papucaia,RJ,517095
28695,-22.594023832001824,-42.73952452738511,papucaia,RJ,517165
28695,-22.597095821585015,-42.73491424654864,papucaia,RJ,517266
28695,-22.59108150380272,-42.72671398569912,papucaia,RJ,517297
28695,-22.88414465069204,-42.80123734560817,papucaia,RJ,517333
28695,-22.59867775442005,-42.73467668281695,papucaia,RJ,517347
28695,-22.598689343025065,-42.740311072558335,papucaia,RJ,517431
28695,-22.59385585612781,-42.73975411197952,papucaia,RJ,517439
28695,-22.596261096427863,-42.73602826362014,papucaia,RJ,517462
28695,-22.59108150380272,-42.72671398569912,papucaia,RJ,517466
28695,-22.60452064446504,-42.75000082777549,papucaia,RJ,517486
28695,-22.60468564902316,-42.74488096598576,papucaia,RJ,517524
28695,-22.593854838559093,-42.74665262405949,papucaia,RJ,517557
28695,-22.599983728720748,-42.74085649017272,papucaia,RJ,517624
28695,-22.594169409356866,-42.74662607418973,papucaia,RJ,517715
28695,-22.60030211689337,-42.74257009971432,papucaia,RJ,517724
28695,-22.597213700527355,-42.741787986995,papucaia,RJ,517743
28695,-22.59951081576307,-42.74500001522695,papucaia,RJ,517803
28695,-22.5927405,-42.74668125,papucaia,RJ,517810
28695,-22.59395205414076,-42.74664404621405,papucaia,RJ,517820
28695,-22.60650948928855,-42.7433209025369,papucaia,RJ,517871
28695,-22.59158846087275,-42.73664414696979,papucaia,RJ,517882
28695,-22.599762912977287,-42.7410265101044,papucaia,RJ,517887
28695,-22.599891695774748,-42.73620626609919,papucaia,RJ,517929
28695,-22.602494633959783,-42.74299777482329,papucaia,RJ,517930
28695,-22.604843020356377,-42.74535341802143,papucaia,RJ,517935
28695,-22.598680758695885,-42.73468118923069,papucaia,RJ,517943
28695,-22.600779518190237,-42.74026799765456,papucaia,RJ,517994
28695,-22.60468564902316,-42.74488096598576,papucaia,RJ,518002
28695,-22.600712372251472,-42.739931827052175,papucaia,RJ,518018
28695,-22.598679449139755,-42.734679224896496,papucaia,RJ,518033
28695,-22.593808175079896,-42.746656741425305,papucaia,RJ,518110
28695,-22.594556985780343,-42.74317313759897,papucaia,RJ,518201
28695,-22.602807,-42.737436,papucaia,RJ,518210
28695,-22.601116356302768,-42.74200656586561,papucaia,RJ,518277
28695,-22.607615061135093,-42.74264774823197,papucaia,RJ,518280
28695,-22.59158846087275,-42.73664414696979,papucaia,RJ,518287
28695,-22.607680557004333,-42.74253771414,papucaia,RJ,518303
28695,-22.602796121520964,-42.74095352288134,papucaia,RJ,518341
28695,-22.598677700497152,-42.73467660193259,papucaia,RJ,518384
28695,-22.605750313986857,-42.74444899108153,papucaia,RJ,518443
28695,-22.603537236008165,-42.74133134927197,papucaia,RJ,518444
28695,-22.607680557004333,-42.74253771414,papucaia,RJ,518508
28695,-22.59158846087275,-42.73664414696979,papucaia,RJ,518535
28695,-22.6072816681293,-42.742518521227474,papucaia,RJ,518553
28695,-22.598680958980943,-42.73468148965828,papucaia,RJ,518554
28695,-22.599891695774748,-42.73620626609919,papucaia,RJ,518637
28695,-22.60468564902316,-42.74488096598576,papucaia,RJ,518688
28695,-22.59256696133147,-42.72855297203101,papucaia,RJ,518694
28695,-22.600051893596245,-42.74468962091015,papucaia,RJ,518757
28695,-22.60154160523391,-42.7452426785022,papucaia,RJ,518776
28695,-22.59032426882625,-42.73446285156819,papucaia,RJ,518798
28695,-22.59116254309037,-42.726554797132245,papucaia,RJ,518812
