status,success,message,solver,solver_runtime_s,time_limit_s,requested_mip_rel_gap,primal_objective,dual_bound,mip_gap,mip_node_count,radius_km,mandatory_radius_km,required_orders,total_orders,n_candidates,n_demand_points,optimality_scope,profile_scope,K,covered_orders,outside_orders,coverage_pct,target_met,weighted_avg_distance_km,median_empirical_km,p95_empirical_km,p99_empirical_km,max_distance_km,max_y_integrality_error,max_bounds_error,max_linking_constraint_error,target_constraint_error,mandatory_constraint_error,primal_verified,solver_certified_optimal,integer_bound_matches_K,network_id,candidate_set,provenance,municipalities_zero,municipalities_below80,orders_in_zero_municipalities,orders_in_below80_municipalities,selected_outside_union,npz_sha256,method
0.0,True,Optimization terminated successfully. (HiGHS Status 7: Optimal),HiGHS via scipy.optimize.milp,1.6596161000197753,600.0,0.0,79.0,79.0,0.0,1.0,3.0,4.65,9207.0,9691.0,825.0,828.0,Minimum count in finite J825 with weighted partial coverage and optional maximum; no mean/P99/municipal objective,"Realized profile of one optimum, not a unique or optimized profile",79,9218,473,95.11918274687855,True,1.7314513701494754,1.8254562328199297,2.999282457421771,3.9996204678875062,4.643393943141053,1.1102230246251565e-16,2.220446049250313e-16,3.3306690738754696e-16,0.0,1.1102230246251565e-16,True,True,True,J825_R3_T4p65,J825,new v23 solve of the reviewed finite count model,0,0,0,0,0,9bd4cb1099a001b32e82d316dba8a87a5430f54ac729cf01bffae32c55beff7a,
0.0,True,Optimization terminated successfully. (HiGHS Status 7: Optimal),HiGHS via scipy.optimize.milp,1.2839032000047155,600.0,0.0,46.0,46.0,0.0,1.0,5.0,6.6,9207.0,9691.0,825.0,828.0,Minimum count in finite J825 with weighted partial coverage and optional maximum; no mean/P99/municipal objective,"Realized profile of one optimum, not a unique or optimized profile",46,9286,405,95.82086471984316,True,3.0338539247356433,3.062349663901543,4.942701761038682,5.961775190389993,6.56840927756247,0.0,1.3322676295501878e-15,1.3322676295501878e-15,0.0,0.0,True,True,True,J825_R5_T6p6,J825,new v23 solve of the reviewed finite count model,1,4,35,277,0,df7f91e64fb553df8b29bad11917cf5aac62e453df34cadd08089908f0399d5f,
0.0,True,Optimization terminated successfully. (HiGHS Status 7: Optimal),HiGHS via scipy.optimize.milp,6.402082100044936,600.0,0.0,18.0,18.0,0.0,1.0,10.0,12.59,9207.0,9691.0,825.0,828.0,Minimum count in finite J825 with weighted partial coverage and optional maximum; no mean/P99/municipal objective,"Realized profile of one optimum, not a unique or optimized profile",18,9346,345,96.43999587245898,True,5.842901140166102,6.08118593971167,9.619690550022684,11.77835636294597,12.41718440869317,3.1086244689504383e-15,2.19824158875781e-14,2.19824158875781e-14,0.0,3.1086244689504383e-15,True,True,True,J825_R10_T12p59,J825,new v23 solve of the reviewed finite count model,2,3,41,74,0,a759a5da871f48124090e526feb6ceb1e8dc228329590404d0c0a70373cac6e2,
0.0,True,Optimization terminated successfully. (HiGHS Status 7: Optimal),HiGHS via scipy.optimize.milp,0.20786450000014156,600.0,0.0,61.0,61.0,0.0,1.0,3.0,,9207.0,9691.0,825.0,828.0,Minimum count in finite J825 with weighted partial coverage and optional maximum; no mean/P99/municipal objective,"Realized profile of one optimum, not a unique or optimized profile",61,9208,483,95.01599422144258,True,1.981117511049772,1.9604576104760014,2.999282457421771,9.730211445405722,26.950553178813898,1.7763568394002505e-15,1.9984014443252818e-15,1.7763568394002505e-15,0.0,0.0,True,True,True,J825_R3_Tnone,J825,new v23 solve of the reviewed finite count model,5,9,114,758,0,50017f15daf1f2b902970665b5adb97dde468b6f6f54dcca612b2357b6158749,
0.0,True,Optimization terminated successfully. (HiGHS Status 7: Optimal),HiGHS via scipy.optimize.milp,1.2982075000181794,600.0,0.0,63.0,63.0,0.0,1.0,3.0,15.0,9207.0,9691.0,825.0,828.0,Minimum count in finite J825 with weighted partial coverage and optional maximum; no mean/P99/municipal objective,"Realized profile of one optimum, not a unique or optimized profile",63,9209,482,95.02631307398617,True,1.9048587523726752,1.9462968146704682,2.999282457421771,7.918090060874419,14.686243442503162,0.0,0.0,0.0,0.0,0.0,True,True,True,J825_R3_T15,J825,new v23 solve of the reviewed finite count model,2,5,67,360,0,d2876e502c6044622faa1b7383962c63ce4fbf2ab152c4a17b3652a31972d078,
0.0,True,Optimization terminated successfully. (HiGHS Status 7: Optimal),HiGHS via scipy.optimize.milp,1.114598800020758,600.0,0.0,64.99999999999999,64.99999999999999,0.0,1.0,3.0,10.0,9207.0,9691.0,825.0,828.0,Minimum count in finite J825 with weighted partial coverage and optional maximum; no mean/P99/municipal objective,"Realized profile of one optimum, not a unique or optimized profile",65,9207,484,95.00567536889898,True,1.882370909652686,1.926812370539845,2.999282457421771,7.2019453688523996,9.742452884601027,3.9968028886505635e-15,3.9968028886505635e-15,3.9968028886505635e-15,0.0,0.0,True,True,True,J825_R3_T10,J825,new v23 solve of the reviewed finite count model,1,6,34,610,0,f9d96b65300808b082a3a92498ce905322580bf32e0c0075876ec08f6e64bca0,
0.0,True,Optimization terminated successfully. (HiGHS Status 7: Optimal),HiGHS via scipy.optimize.milp,2.3920125999720767,600.0,0.0,67.0,67.0,0.0,1.0,3.0,8.0,9207.0,9691.0,825.0,828.0,Minimum count in finite J825 with weighted partial coverage and optional maximum; no mean/P99/municipal objective,"Realized profile of one optimum, not a unique or optimized profile",67,9211,480,95.04695077907337,True,1.8615081850744817,1.9604576104760014,2.999282457421771,6.734309657188536,7.958941237349202,2.220446049250313e-16,2.220446049250313e-16,2.220446049250313e-16,0.0,0.0,True,True,True,J825_R3_T8,J825,new v23 solve of the reviewed finite count model,1,5,34,348,0,e4b22654da2c70b6133142304504891e93cea77486746f7cc984e7d1a9500666,
0.0,True,Optimization terminated successfully. (HiGHS Status 7: Optimal),HiGHS via scipy.optimize.milp,1.0711671999888495,600.0,0.0,73.0,73.0,0.0,1.0,3.0,6.0,9207.0,9691.0,825.0,828.0,Minimum count in finite J825 with weighted partial coverage and optional maximum; no mean/P99/municipal objective,"Realized profile of one optimum, not a unique or optimized profile",73,9218,473,95.11918274687855,True,1.8187499588327394,1.9604576104760014,2.999282457421771,4.812282305816808,5.973285871923535,0.0,3.6415315207705135e-14,3.6415315207705135e-14,0.0,0.0,True,True,True,J825_R3_T6,J825,new v23 solve of the reviewed finite count model,0,4,0,521,0,25578e380f5f4c23afa8183596f33fc0c72c3ee5ad24bb0c7a61cbd7ffc71da9,
0.0,True,Optimization terminated successfully. (HiGHS Status 7: Optimal),HiGHS via scipy.optimize.milp,0.8989540999755263,600.0,0.0,76.0,76.0,0.0,1.0,3.0,5.0,9207.0,9691.0,825.0,828.0,Minimum count in finite J825 with weighted partial coverage and optional maximum; no mean/P99/municipal objective,"Realized profile of one optimum, not a unique or optimized profile",76,9215,476,95.08822618924775,True,1.797307348501879,1.9350454391481506,2.999282457421771,4.523320741756038,4.998153004588749,0.0,1.3322676295501878e-15,1.3322676295501878e-15,0.0,0.0,True,True,True,J825_R3_T5,J825,new v23 solve of the reviewed finite count model,0,5,0,577,0,a16753a077ec1c0c4faa121a1d427ae23ed88d375afc8a954626c5e43086b339,
0.0,True,Optimization terminated successfully. (HiGHS Status 7: Optimal),HiGHS via scipy.optimize.milp,0.1414269999950193,600.0,0.0,29.0,29.0,0.0,1.0,5.0,,9207.0,9691.0,825.0,828.0,Minimum count in finite J825 with weighted partial coverage and optional maximum; no mean/P99/municipal objective,"Realized profile of one optimum, not a unique or optimized profile",29,9221,470,95.15013930450934,True,3.461131279386186,3.1212902765810213,4.983905289200704,20.98025185528853,39.469536332057686,0.0,0.0,0.0,0.0,0.0,True,True,True,J825_R5_Tnone,J825,new v23 solve of the reviewed finite count model,7,10,176,618,0,9af1e525ce653fc9e9aaff063288d64e9be2269dfc4d20b607fd1030c8bd2c98,
0.0,True,Optimization terminated successfully. (HiGHS Status 7: Optimal),HiGHS via scipy.optimize.milp,6.035700100008398,600.0,0.0,31.999999999999996,31.999999999999996,0.0,1.0,5.0,15.0,9207.0,9691.0,825.0,828.0,Minimum count in finite J825 with weighted partial coverage and optional maximum; no mean/P99/municipal objective,"Realized profile of one optimum, not a unique or optimized profile",32,9231,460,95.2533278299453,True,3.155655836658974,3.1076185548782234,4.919192756936556,10.381628712023282,14.692513294317518,5.10702591327572e-15,0.0,5.10702591327572e-15,0.0,0.0,True,True,True,J825_R5_T15,J825,new v23 solve of the reviewed finite count model,2,7,60,456,0,a153d3be8ec6d6093d4fdc8d3abd4881787e2ec9961ecb6057e4e63159c19cc9,
0.0,True,Optimization terminated successfully. (HiGHS Status 7: Optimal),HiGHS via scipy.optimize.milp,5.388365499966312,600.0,0.0,37.0,37.0,0.0,1.0,5.0,10.0,9207.0,9691.0,825.0,828.0,Minimum count in finite J825 with weighted partial coverage and optional maximum; no mean/P99/municipal objective,"Realized profile of one optimum, not a unique or optimized profile",37,9232,459,95.26364668248891,True,3.093927796231525,3.1067466359016915,4.963935466929743,7.79635709419785,9.851494006668085,0.0,0.0,0.0,0.0,0.0,True,True,True,J825_R5_T10,J825,new v23 solve of the reviewed finite count model,2,9,41,739,0,bf3c8f8551db50424dba739f26746ee51ac28bc0692fa2ae269cd6d5d4afa9ae,
0.0,True,Optimization terminated successfully. (HiGHS Status 7: Optimal),HiGHS via scipy.optimize.milp,6.453754500020295,600.0,0.0,39.0,39.0,0.0,1.0,5.0,8.0,9207.0,9691.0,825.0,828.0,Minimum count in finite J825 with weighted partial coverage and optional maximum; no mean/P99/municipal objective,"Realized profile of one optimum, not a unique or optimized profile",39,9207,484,95.00567536889898,True,3.1763586754965765,3.287470891788134,4.990955175401151,7.111290430786833,7.924471886252309,1.1102230246251565e-16,0.0,0.0,0.0,0.0,True,True,True,J825_R5_T8,J825,new v23 solve of the reviewed finite count model,1,8,35,749,0,7a08adb2feddf85117a4710a402b49689d9d1ebb0f6ba701e045083cc89be90d,
0.0,True,Optimization terminated successfully. (HiGHS Status 7: Optimal),HiGHS via scipy.optimize.milp,3.401651500025764,600.0,0.0,11.000000000000014,11.0,1.2918958832001804e-15,1.0,10.0,,9207.0,9691.0,825.0,828.0,Minimum count in finite J825 with weighted partial coverage and optional maximum; no mean/P99/municipal objective,"Realized profile of one optimum, not a unique or optimized profile",11,9275,416,95.70735734186358,True,6.204596771765363,5.810546204588812,9.9468575394141,21.721042658849402,51.880329773104854,1.2212453270876722e-14,1.2212453270876722e-14,6.106226635438361e-15,0.0,0.0,True,True,True,J825_R10_Tnone,J825,new v23 solve of the reviewed finite count model,7,10,198,382,0,2db9ba599bb732686b2707ad93fa1078313346e1b669dcf97386016076af62c2,
0.0,True,Optimization terminated successfully. (HiGHS Status 7: Optimal),HiGHS via scipy.optimize.milp,2.7514412999735214,600.0,0.0,13.0,13.0,0.0,1.0,10.0,20.0,9207.0,9691.0,825.0,828.0,Minimum count in finite J825 with weighted partial coverage and optional maximum; no mean/P99/municipal objective,"Realized profile of one optimum, not a unique or optimized profile",13,9283,408,95.78990816221236,True,5.9896875984760385,5.880464961576027,9.9468575394141,18.634708594443733,19.959656237681255,0.0,0.0,0.0,0.0,0.0,True,True,True,J825_R10_T20,J825,new v23 solve of the reviewed finite count model,7,11,224,616,0,fb0bb93b6fe0fc029ea9c986cb8a4063f1c4bda235ae79eded2d0f3ba0bf6eb9,
0.0,True,Optimization terminated successfully. (HiGHS Status 7: Optimal),HiGHS via scipy.optimize.milp,7.325411700003315,600.0,0.0,15.999999999999998,15.999999999999998,0.0,1.0,10.0,15.0,9207.0,9691.0,825.0,828.0,Minimum count in finite J825 with weighted partial coverage and optional maximum; no mean/P99/municipal objective,"Realized profile of one optimum, not a unique or optimized profile",16,9313,378,96.09947373852027,True,5.816144793641113,5.859274489841024,9.9468575394141,12.381821817142125,14.686243442503162,1.5543122344752192e-15,4.218847493575595e-15,4.218847493575595e-15,0.0,1.5543122344752192e-15,True,True,True,J825_R10_T15,J825,new v23 solve of the reviewed finite count model,3,4,95,116,0,e1d598b9fec6eae77b67a471e76667e3cce6eb32966910c1fd530e76af02c0ed,
0.0,True,Optimization terminated successfully. (HiGHS Status 7: Optimal),HiGHS via scipy.optimize.milp,7.6747630999889225,600.0,0.0,18.000000000000007,18.0,3.947459643111666e-16,1.0,10.0,13.0,9207.0,9691.0,825.0,828.0,Minimum count in finite J825 with weighted partial coverage and optional maximum; no mean/P99/municipal objective,"Realized profile of one optimum, not a unique or optimized profile",18,9317,374,96.14074914869467,True,5.681704762569719,5.758253196450327,9.850542675724602,12.028736837362402,12.932869486717559,4.218847493575595e-15,4.218847493575595e-15,0.0,1.8189894035458565e-12,0.0,True,True,True,J825_R10_T13,J825,new v23 solve of the reviewed finite count model,2,5,41,428,0,2d1648992130b6e487c6fb62bf573766db1169308ff305520213cb8f2c1bfb3f,
,,,,,,,,,,,3.0,,,,,,,,82,9263,428,95.58353111134042,True,1.3315743778828413,1.1598275907182487,2.97440048668587,3.8787382667424306,15.264598378487985,,,,,,,False,,main_KMeans-weighted_R3,continuous_centers_of_partition,unchanged frozen v22 main facilities,1,6,6,432,0,,KMeans-weighted
,,,,,,,,,,,5.0,,,,,,,,40,9240,451,95.34619750283768,True,2.187319761580352,1.9037403979437373,4.894576733948815,7.39570894003147,15.264598378487985,,,,,,,False,,main_KMeans-weighted_R5,continuous_centers_of_partition,unchanged frozen v22 main facilities,1,6,6,254,0,,KMeans-weighted
,,,,,,,,,,,10.0,,,,,,,,17,9282,409,95.77958930966876,True,4.184138647479251,3.8134511747182445,9.454689734698537,14.326254166178515,25.166930529399814,,,,,,,False,,main_KMeans-weighted_R10,continuous_centers_of_partition,unchanged frozen v22 main facilities,4,8,143,350,0,,KMeans-weighted
,,,,,,,,,,,3.0,,,,,,,,80,9216,475,95.09854504179135,True,1.6053351384870909,1.49913431325602,2.996582310684295,4.3042546842428155,8.476521242362951,,,,,,,False,,main_Agglomerative-ward_R3,continuous_centers_of_partition,unchanged frozen v22 main facilities,1,2,6,40,0,,Agglomerative-ward
,,,,,,,,,,,5.0,,,,,,,,42,9247,444,95.41842947064286,True,2.3830952621870565,2.106875182452187,4.92407793510625,6.471169644502528,15.264598378487985,,,,,,,False,,main_Agglomerative-ward_R5,continuous_centers_of_partition,unchanged frozen v22 main facilities,1,4,6,129,0,,Agglomerative-ward
,,,,,,,,,,,10.0,,,,,,,,17,9230,461,95.24300897740171,True,4.646861390647391,4.251093514633954,9.873796644510143,12.915441610247418,26.74652534653424,,,,,,,False,,main_Agglomerative-ward_R10,continuous_centers_of_partition,unchanged frozen v22 main facilities,2,6,62,192,0,,Agglomerative-ward
,,,,,,,,,,,3.0,,,,,,,,88,9225,466,95.19141471468373,True,1.5329910452518845,1.4408904186530447,2.950391750983173,3.8201527897651895,5.345896058296031,,,,,,,False,,main_Agglomerative-complete_R3,continuous_centers_of_partition,unchanged frozen v22 main facilities,0,1,0,34,0,,Agglomerative-complete
,,,,,,,,,,,5.0,,,,,,,,46,9216,475,95.09854504179135,True,2.738212046071094,2.681354923438629,4.956326182301563,6.290669316822936,8.6134057781774,,,,,,,False,,main_Agglomerative-complete_R5,continuous_centers_of_partition,unchanged frozen v22 main facilities,0,1,0,124,0,,Agglomerative-complete
,,,,,,,,,,,10.0,,,,,,,,19,9277,414,95.72799504695078,True,4.815446102587167,4.460981898716463,9.760963339148045,12.056220454770822,14.755872469842686,,,,,,,False,,main_Agglomerative-complete_R10,continuous_centers_of_partition,unchanged frozen v22 main facilities,0,6,0,700,0,,Agglomerative-complete
,,,,,,,,,,,3.0,,,,,,,,99,9213,478,95.06758848416057,True,1.5449798967395438,1.4796854338267538,2.998413494359856,3.267474924527258,4.65998641001609,,,,,,,False,,main_Agglomerative-average_R3,continuous_centers_of_partition,unchanged frozen v22 main facilities,0,0,0,0,0,,Agglomerative-average
,,,,,,,,,,,5.0,,,,,,,,53,9320,371,96.17170570632545,True,2.5928137855336555,2.509739394628423,4.827381162382322,6.074588939724234,6.6061157974916425,,,,,,,False,,main_Agglomerative-average_R5,continuous_centers_of_partition,unchanged frozen v22 main facilities,0,1,0,34,0,,Agglomerative-average
,,,,,,,,,,,10.0,,,,,,,,24,9364,327,96.62573521824373,True,4.5615967151069245,4.408823631505559,9.426878849648798,11.472124793185078,12.598147455230972,,,,,,,False,,main_Agglomerative-average_R10,continuous_centers_of_partition,unchanged frozen v22 main facilities,1,3,35,670,0,,Agglomerative-average
,,,,,,,,,,,5.0,,,,,,,,55,9234,457,95.28428438757611,True,1.711482508887356,1.4119980094677078,4.919192756936556,8.587494680742124,16.550308693700245,,,,,,,False,,main_P-Median_R5,J300,unchanged frozen v22 main facilities,3,9,73,773,0,,P-Median
,,,,,,,,,,,10.0,,,,,,,,23,9223,468,95.17077700959653,True,3.2230405932518167,2.443233127282843,9.568198139105785,17.73728270898471,28.687629604511976,,,,,,,False,,main_P-Median_R10,J300,unchanged frozen v22 main facilities,6,11,182,756,0,,P-Median
,,,,,,,,,,,5.0,,,,,,,,40,9225,466,95.19141471468373,True,2.9775175125055124,2.975039579766665,4.93726011141345,10.38162871202316,26.950553178813898,,,,,,,False,,main_MCLP_R5,J300,unchanged frozen v22 main facilities,5,10,114,710,0,,MCLP
,,,,,,,,,,,10.0,,,,,,,,15,9251,440,95.45970488081726,True,6.078534399545703,5.976480406476556,9.810989721000864,22.96627395425885,50.4789120536817,,,,,,,False,,main_MCLP_R10,J300,unchanged frozen v22 main facilities,9,10,336,382,1,,MCLP
,,,,,,,,,,,5.0,,,,,,,,39,9315,376,96.12011144360747,True,2.809945567914094,2.837253540417379,4.8822675965540805,9.206283272614339,16.550308693700245,,,,,,,True,,maximal_J300_R5_K39,J300,"unchanged exported v22 exact facilities, primal re-evaluated",3,8,73,669,0,,
,,,,,,,,,,,10.0,,,,,,,,14,9351,340,96.49159013517696,True,5.978062536343399,6.030380904939012,9.816220999726234,18.411919746517366,36.52617815788724,,,,,,,True,,maximal_J300_R10_K14,J300,"unchanged exported v22 exact facilities, primal re-evaluated",6,9,142,326,0,,
,,,,,,,,,,,3.0,,,,,,,,52,9213,478,95.06758848416057,True,2.2503858279419178,2.012814844139322,2.9981574452767523,12.621257622034726,35.81813515840818,,,,,,,True,,partial_J825_grid500_R3,J825_grid500,"unchanged exported v22 exact facilities, primal re-evaluated",6,11,141,737,0,,
,,,,,,,,,,,5.0,,,,,,,,27,9235,456,95.2946032401197,True,3.714575036559583,3.5018488376350914,4.990955175401151,16.456502384525603,38.441156809621326,,,,,,,True,,partial_J825_grid500_R5,J825_grid500,"unchanged exported v22 exact facilities, primal re-evaluated",6,10,153,658,0,,
,,,,,,,,,,,10.0,,,,,,,,10,9264,427,95.59384996388401,True,7.344256991400145,7.2689596156472325,9.967065372545989,21.047938641450102,50.39938371141701,,,,,,,True,,partial_J825_grid500_R10,J825_grid500,"unchanged exported v22 exact facilities, primal re-evaluated",8,10,244,382,0,,
