reference_id,heuristic_id,radius_km,comparison_scope,same_J300,reference_K,heuristic_K,reference_covered_orders,heuristic_covered_orders,reference_weighted_avg_distance_km,heuristic_weighted_avg_distance_km,reference_p99_empirical_km,heuristic_p99_empirical_km,reference_max_distance_km,heuristic_max_distance_km,reference_municipalities_zero,heuristic_municipalities_zero,reference_municipalities_below80,heuristic_municipalities_below80,not_worse_K,not_worse_weighted_avg_distance_km,not_worse_median_empirical_km,not_worse_p95_empirical_km,not_worse_p99_empirical_km,not_worse_max_distance_km,not_worse_municipalities_zero,not_worse_municipalities_below80,not_worse_covered_orders,dominates_K_max,dominates_K_mean_max,dominates_all_recorded_metrics
J825_R3_T4p65,main_KMeans-weighted_R3,3.0,same cohort/metric/service target; candidate spaces may differ,False,79,82,9218,9263,1.7314513701494754,1.3315743778828413,3.9996204678875062,3.8787382667424306,4.643393943141053,15.264598378487985,0,1,0,6,True,False,False,False,False,True,True,True,False,True,False,False
J825_R3_T4p65,main_Agglomerative-ward_R3,3.0,same cohort/metric/service target; candidate spaces may differ,False,79,80,9218,9216,1.7314513701494754,1.6053351384870909,3.9996204678875062,4.3042546842428155,4.643393943141053,8.476521242362951,0,1,0,2,True,False,False,False,True,True,True,True,True,True,False,False
J825_R3_T4p65,main_Agglomerative-complete_R3,3.0,same cohort/metric/service target; candidate spaces may differ,False,79,88,9218,9225,1.7314513701494754,1.5329910452518845,3.9996204678875062,3.8201527897651895,4.643393943141053,5.345896058296031,0,0,0,1,True,False,False,False,False,True,True,True,False,True,False,False
J825_R3_T4p65,main_Agglomerative-average_R3,3.0,same cohort/metric/service target; candidate spaces may differ,False,79,99,9218,9213,1.7314513701494754,1.5449798967395438,3.9996204678875062,3.267474924527258,4.643393943141053,4.65998641001609,0,0,0,0,True,False,False,False,False,True,True,True,True,True,False,False
J825_R5_T6p6,main_KMeans-weighted_R5,5.0,same cohort/metric/service target; candidate spaces may differ,False,46,40,9286,9240,3.0338539247356433,2.187319761580352,5.961775190389993,7.39570894003147,6.56840927756247,15.264598378487985,1,1,4,6,False,False,False,False,True,True,True,True,True,False,False,False
J825_R5_T6p6,main_Agglomerative-ward_R5,5.0,same cohort/metric/service target; candidate spaces may differ,False,46,42,9286,9247,3.0338539247356433,2.3830952621870565,5.961775190389993,6.471169644502528,6.56840927756247,15.264598378487985,1,1,4,4,False,False,False,False,True,True,True,True,True,False,False,False
J825_R5_T6p6,main_Agglomerative-complete_R5,5.0,same cohort/metric/service target; candidate spaces may differ,False,46,46,9286,9216,3.0338539247356433,2.738212046071094,5.961775190389993,6.290669316822936,6.56840927756247,8.6134057781774,1,0,4,1,True,False,False,True,True,True,False,False,True,True,False,False
J825_R5_T6p6,main_Agglomerative-average_R5,5.0,same cohort/metric/service target; candidate spaces may differ,False,46,53,9286,9320,3.0338539247356433,2.5928137855336555,5.961775190389993,6.074588939724234,6.56840927756247,6.6061157974916425,1,0,4,1,True,False,False,False,True,True,False,False,False,True,False,False
J825_R5_T6p6,main_P-Median_R5,5.0,same cohort/metric/service target; candidate spaces may differ,False,46,55,9286,9234,3.0338539247356433,1.711482508887356,5.961775190389993,8.587494680742124,6.56840927756247,16.550308693700245,1,3,4,9,True,False,False,False,True,True,True,True,True,True,False,False
J825_R5_T6p6,main_MCLP_R5,5.0,same cohort/metric/service target; candidate spaces may differ,False,46,40,9286,9225,3.0338539247356433,2.9775175125055124,5.961775190389993,10.38162871202316,6.56840927756247,26.950553178813898,1,5,4,10,False,False,False,False,True,True,True,True,True,False,False,False
J825_R10_T12p59,main_KMeans-weighted_R10,10.0,same cohort/metric/service target; candidate spaces may differ,False,18,17,9346,9282,5.842901140166102,4.184138647479251,11.77835636294597,14.326254166178515,12.41718440869317,25.166930529399814,2,4,3,8,False,False,False,False,True,True,True,True,True,False,False,False
J825_R10_T12p59,main_Agglomerative-ward_R10,10.0,same cohort/metric/service target; candidate spaces may differ,False,18,17,9346,9230,5.842901140166102,4.646861390647391,11.77835636294597,12.915441610247418,12.41718440869317,26.74652534653424,2,2,3,6,False,False,False,True,True,True,True,True,True,False,False,False
J825_R10_T12p59,main_Agglomerative-complete_R10,10.0,same cohort/metric/service target; candidate spaces may differ,False,18,19,9346,9277,5.842901140166102,4.815446102587167,11.77835636294597,12.056220454770822,12.41718440869317,14.755872469842686,2,0,3,6,True,False,False,True,True,True,False,True,True,True,False,False
J825_R10_T12p59,main_Agglomerative-average_R10,10.0,same cohort/metric/service target; candidate spaces may differ,False,18,24,9346,9364,5.842901140166102,4.5615967151069245,11.77835636294597,11.472124793185078,12.41718440869317,12.598147455230972,2,1,3,3,True,False,False,False,False,True,False,True,False,True,False,False
J825_R10_T12p59,main_P-Median_R10,10.0,same cohort/metric/service target; candidate spaces may differ,False,18,23,9346,9223,5.842901140166102,3.2230405932518167,11.77835636294597,17.73728270898471,12.41718440869317,28.687629604511976,2,6,3,11,True,False,False,False,True,True,True,True,True,True,False,False
J825_R10_T12p59,main_MCLP_R10,10.0,same cohort/metric/service target; candidate spaces may differ,False,18,15,9346,9251,5.842901140166102,6.078534399545703,11.77835636294597,22.96627395425885,12.41718440869317,50.4789120536817,2,9,3,10,False,True,False,True,True,True,True,True,True,False,False,False
J825_R3_Tnone,main_KMeans-weighted_R3,3.0,same cohort/metric/service target; candidate spaces may differ,False,61,82,9208,9263,1.981117511049772,1.3315743778828413,9.730211445405722,3.8787382667424306,26.950553178813898,15.264598378487985,5,1,9,6,True,False,False,False,False,False,False,False,False,False,False,False
J825_R3_Tnone,main_Agglomerative-ward_R3,3.0,same cohort/metric/service target; candidate spaces may differ,False,61,80,9208,9216,1.981117511049772,1.6053351384870909,9.730211445405722,4.3042546842428155,26.950553178813898,8.476521242362951,5,1,9,2,True,False,False,False,False,False,False,False,False,False,False,False
J825_R3_Tnone,main_Agglomerative-complete_R3,3.0,same cohort/metric/service target; candidate spaces may differ,False,61,88,9208,9225,1.981117511049772,1.5329910452518845,9.730211445405722,3.8201527897651895,26.950553178813898,5.345896058296031,5,0,9,1,True,False,False,False,False,False,False,False,False,False,False,False
J825_R3_Tnone,main_Agglomerative-average_R3,3.0,same cohort/metric/service target; candidate spaces may differ,False,61,99,9208,9213,1.981117511049772,1.5449798967395438,9.730211445405722,3.267474924527258,26.950553178813898,4.65998641001609,5,0,9,0,True,False,False,False,False,False,False,False,False,False,False,False
J825_R3_T15,main_KMeans-weighted_R3,3.0,same cohort/metric/service target; candidate spaces may differ,False,63,82,9209,9263,1.9048587523726752,1.3315743778828413,7.918090060874419,3.8787382667424306,14.686243442503162,15.264598378487985,2,1,5,6,True,False,False,False,False,True,False,True,False,True,False,False
J825_R3_T15,main_Agglomerative-ward_R3,3.0,same cohort/metric/service target; candidate spaces may differ,False,63,80,9209,9216,1.9048587523726752,1.6053351384870909,7.918090060874419,4.3042546842428155,14.686243442503162,8.476521242362951,2,1,5,2,True,False,False,False,False,False,False,False,False,False,False,False
J825_R3_T15,main_Agglomerative-complete_R3,3.0,same cohort/metric/service target; candidate spaces may differ,False,63,88,9209,9225,1.9048587523726752,1.5329910452518845,7.918090060874419,3.8201527897651895,14.686243442503162,5.345896058296031,2,0,5,1,True,False,False,False,False,False,False,False,False,False,False,False
J825_R3_T15,main_Agglomerative-average_R3,3.0,same cohort/metric/service target; candidate spaces may differ,False,63,99,9209,9213,1.9048587523726752,1.5449798967395438,7.918090060874419,3.267474924527258,14.686243442503162,4.65998641001609,2,0,5,0,True,False,False,False,False,False,False,False,False,False,False,False
J825_R3_T10,main_KMeans-weighted_R3,3.0,same cohort/metric/service target; candidate spaces may differ,False,65,82,9207,9263,1.882370909652686,1.3315743778828413,7.2019453688523996,3.8787382667424306,9.742452884601027,15.264598378487985,1,1,6,6,True,False,False,False,False,True,True,True,False,True,False,False
J825_R3_T10,main_Agglomerative-ward_R3,3.0,same cohort/metric/service target; candidate spaces may differ,False,65,80,9207,9216,1.882370909652686,1.6053351384870909,7.2019453688523996,4.3042546842428155,9.742452884601027,8.476521242362951,1,1,6,2,True,False,False,False,False,False,True,False,False,False,False,False
J825_R3_T10,main_Agglomerative-complete_R3,3.0,same cohort/metric/service target; candidate spaces may differ,False,65,88,9207,9225,1.882370909652686,1.5329910452518845,7.2019453688523996,3.8201527897651895,9.742452884601027,5.345896058296031,1,0,6,1,True,False,False,False,False,False,False,False,False,False,False,False
J825_R3_T10,main_Agglomerative-average_R3,3.0,same cohort/metric/service target; candidate spaces may differ,False,65,99,9207,9213,1.882370909652686,1.5449798967395438,7.2019453688523996,3.267474924527258,9.742452884601027,4.65998641001609,1,0,6,0,True,False,False,False,False,False,False,False,False,False,False,False
J825_R3_T8,main_KMeans-weighted_R3,3.0,same cohort/metric/service target; candidate spaces may differ,False,67,82,9211,9263,1.8615081850744817,1.3315743778828413,6.734309657188536,3.8787382667424306,7.958941237349202,15.264598378487985,1,1,5,6,True,False,False,False,False,True,True,True,False,True,False,False
J825_R3_T8,main_Agglomerative-ward_R3,3.0,same cohort/metric/service target; candidate spaces may differ,False,67,80,9211,9216,1.8615081850744817,1.6053351384870909,6.734309657188536,4.3042546842428155,7.958941237349202,8.476521242362951,1,1,5,2,True,False,False,False,False,True,True,False,False,True,False,False
J825_R3_T8,main_Agglomerative-complete_R3,3.0,same cohort/metric/service target; candidate spaces may differ,False,67,88,9211,9225,1.8615081850744817,1.5329910452518845,6.734309657188536,3.8201527897651895,7.958941237349202,5.345896058296031,1,0,5,1,True,False,False,False,False,False,False,False,False,False,False,False
J825_R3_T8,main_Agglomerative-average_R3,3.0,same cohort/metric/service target; candidate spaces may differ,False,67,99,9211,9213,1.8615081850744817,1.5449798967395438,6.734309657188536,3.267474924527258,7.958941237349202,4.65998641001609,1,0,5,0,True,False,False,False,False,False,False,False,False,False,False,False
J825_R3_T6,main_KMeans-weighted_R3,3.0,same cohort/metric/service target; candidate spaces may differ,False,73,82,9218,9263,1.8187499588327394,1.3315743778828413,4.812282305816808,3.8787382667424306,5.973285871923535,15.264598378487985,0,1,4,6,True,False,False,False,False,True,True,True,False,True,False,False
J825_R3_T6,main_Agglomerative-ward_R3,3.0,same cohort/metric/service target; candidate spaces may differ,False,73,80,9218,9216,1.8187499588327394,1.6053351384870909,4.812282305816808,4.3042546842428155,5.973285871923535,8.476521242362951,0,1,4,2,True,False,False,False,False,True,True,False,True,True,False,False
J825_R3_T6,main_Agglomerative-complete_R3,3.0,same cohort/metric/service target; candidate spaces may differ,False,73,88,9218,9225,1.8187499588327394,1.5329910452518845,4.812282305816808,3.8201527897651895,5.973285871923535,5.345896058296031,0,0,4,1,True,False,False,False,False,False,True,False,False,False,False,False
J825_R3_T6,main_Agglomerative-average_R3,3.0,same cohort/metric/service target; candidate spaces may differ,False,73,99,9218,9213,1.8187499588327394,1.5449798967395438,4.812282305816808,3.267474924527258,5.973285871923535,4.65998641001609,0,0,4,0,True,False,False,False,False,False,True,False,True,False,False,False
J825_R3_T5,main_KMeans-weighted_R3,3.0,same cohort/metric/service target; candidate spaces may differ,False,76,82,9215,9263,1.797307348501879,1.3315743778828413,4.523320741756038,3.8787382667424306,4.998153004588749,15.264598378487985,0,1,5,6,True,False,False,False,False,True,True,True,False,True,False,False
J825_R3_T5,main_Agglomerative-ward_R3,3.0,same cohort/metric/service target; candidate spaces may differ,False,76,80,9215,9216,1.797307348501879,1.6053351384870909,4.523320741756038,4.3042546842428155,4.998153004588749,8.476521242362951,0,1,5,2,True,False,False,False,False,True,True,False,False,True,False,False
J825_R3_T5,main_Agglomerative-complete_R3,3.0,same cohort/metric/service target; candidate spaces may differ,False,76,88,9215,9225,1.797307348501879,1.5329910452518845,4.523320741756038,3.8201527897651895,4.998153004588749,5.345896058296031,0,0,5,1,True,False,False,False,False,True,True,False,False,True,False,False
J825_R3_T5,main_Agglomerative-average_R3,3.0,same cohort/metric/service target; candidate spaces may differ,False,76,99,9215,9213,1.797307348501879,1.5449798967395438,4.523320741756038,3.267474924527258,4.998153004588749,4.65998641001609,0,0,5,0,True,False,False,False,False,False,True,False,True,False,False,False
J825_R5_Tnone,main_KMeans-weighted_R5,5.0,same cohort/metric/service target; candidate spaces may differ,False,29,40,9221,9240,3.461131279386186,2.187319761580352,20.98025185528853,7.39570894003147,39.469536332057686,15.264598378487985,7,1,10,6,True,False,False,False,False,False,False,False,False,False,False,False
J825_R5_Tnone,main_Agglomerative-ward_R5,5.0,same cohort/metric/service target; candidate spaces may differ,False,29,42,9221,9247,3.461131279386186,2.3830952621870565,20.98025185528853,6.471169644502528,39.469536332057686,15.264598378487985,7,1,10,4,True,False,False,False,False,False,False,False,False,False,False,False
J825_R5_Tnone,main_Agglomerative-complete_R5,5.0,same cohort/metric/service target; candidate spaces may differ,False,29,46,9221,9216,3.461131279386186,2.738212046071094,20.98025185528853,6.290669316822936,39.469536332057686,8.6134057781774,7,0,10,1,True,False,False,False,False,False,False,False,True,False,False,False
J825_R5_Tnone,main_Agglomerative-average_R5,5.0,same cohort/metric/service target; candidate spaces may differ,False,29,53,9221,9320,3.461131279386186,2.5928137855336555,20.98025185528853,6.074588939724234,39.469536332057686,6.6061157974916425,7,0,10,1,True,False,False,False,False,False,False,False,False,False,False,False
J825_R5_Tnone,main_P-Median_R5,5.0,same cohort/metric/service target; candidate spaces may differ,False,29,55,9221,9234,3.461131279386186,1.711482508887356,20.98025185528853,8.587494680742124,39.469536332057686,16.550308693700245,7,3,10,9,True,False,False,False,False,False,False,False,False,False,False,False
J825_R5_Tnone,main_MCLP_R5,5.0,same cohort/metric/service target; candidate spaces may differ,False,29,40,9221,9225,3.461131279386186,2.9775175125055124,20.98025185528853,10.38162871202316,39.469536332057686,26.950553178813898,7,5,10,10,True,False,False,False,False,False,False,True,False,False,False,False
J825_R5_T15,main_KMeans-weighted_R5,5.0,same cohort/metric/service target; candidate spaces may differ,False,32,40,9231,9240,3.155655836658974,2.187319761580352,10.381628712023282,7.39570894003147,14.692513294317518,15.264598378487985,2,1,7,6,True,False,False,False,False,True,False,False,False,True,False,False
J825_R5_T15,main_Agglomerative-ward_R5,5.0,same cohort/metric/service target; candidate spaces may differ,False,32,42,9231,9247,3.155655836658974,2.3830952621870565,10.381628712023282,6.471169644502528,14.692513294317518,15.264598378487985,2,1,7,4,True,False,False,True,False,True,False,False,False,True,False,False
J825_R5_T15,main_Agglomerative-complete_R5,5.0,same cohort/metric/service target; candidate spaces may differ,False,32,46,9231,9216,3.155655836658974,2.738212046071094,10.381628712023282,6.290669316822936,14.692513294317518,8.6134057781774,2,0,7,1,True,False,False,True,False,False,False,False,True,False,False,False
J825_R5_T15,main_Agglomerative-average_R5,5.0,same cohort/metric/service target; candidate spaces may differ,False,32,53,9231,9320,3.155655836658974,2.5928137855336555,10.381628712023282,6.074588939724234,14.692513294317518,6.6061157974916425,2,0,7,1,True,False,False,False,False,False,False,False,False,False,False,False
J825_R5_T15,main_P-Median_R5,5.0,same cohort/metric/service target; candidate spaces may differ,False,32,55,9231,9234,3.155655836658974,1.711482508887356,10.381628712023282,8.587494680742124,14.692513294317518,16.550308693700245,2,3,7,9,True,False,False,True,False,True,True,True,False,True,False,False
J825_R5_T15,main_MCLP_R5,5.0,same cohort/metric/service target; candidate spaces may differ,False,32,40,9231,9225,3.155655836658974,2.9775175125055124,10.381628712023282,10.38162871202316,14.692513294317518,26.950553178813898,2,5,7,10,True,False,False,True,True,True,True,True,True,True,False,False
J825_R5_T10,main_KMeans-weighted_R5,5.0,same cohort/metric/service target; candidate spaces may differ,False,37,40,9232,9240,3.093927796231525,2.187319761580352,7.79635709419785,7.39570894003147,9.851494006668085,15.264598378487985,2,1,9,6,True,False,False,False,False,True,False,False,False,True,False,False
J825_R5_T10,main_Agglomerative-ward_R5,5.0,same cohort/metric/service target; candidate spaces may differ,False,37,42,9232,9247,3.093927796231525,2.3830952621870565,7.79635709419785,6.471169644502528,9.851494006668085,15.264598378487985,2,1,9,4,True,False,False,False,False,True,False,False,False,True,False,False
J825_R5_T10,main_Agglomerative-complete_R5,5.0,same cohort/metric/service target; candidate spaces may differ,False,37,46,9232,9216,3.093927796231525,2.738212046071094,7.79635709419785,6.290669316822936,9.851494006668085,8.6134057781774,2,0,9,1,True,False,False,False,False,False,False,False,True,False,False,False
J825_R5_T10,main_Agglomerative-average_R5,5.0,same cohort/metric/service target; candidate spaces may differ,False,37,53,9232,9320,3.093927796231525,2.5928137855336555,7.79635709419785,6.074588939724234,9.851494006668085,6.6061157974916425,2,0,9,1,True,False,False,False,False,False,False,False,False,False,False,False
J825_R5_T10,main_P-Median_R5,5.0,same cohort/metric/service target; candidate spaces may differ,False,37,55,9232,9234,3.093927796231525,1.711482508887356,7.79635709419785,8.587494680742124,9.851494006668085,16.550308693700245,2,3,9,9,True,False,False,False,True,True,True,True,False,True,False,False
J825_R5_T10,main_MCLP_R5,5.0,same cohort/metric/service target; candidate spaces may differ,False,37,40,9232,9225,3.093927796231525,2.9775175125055124,7.79635709419785,10.38162871202316,9.851494006668085,26.950553178813898,2,5,9,10,True,False,False,False,True,True,True,True,True,True,False,False
J825_R5_T8,main_KMeans-weighted_R5,5.0,same cohort/metric/service target; candidate spaces may differ,False,39,40,9207,9240,3.1763586754965765,2.187319761580352,7.111290430786833,7.39570894003147,7.924471886252309,15.264598378487985,1,1,8,6,True,False,False,False,True,True,True,False,False,True,False,False
J825_R5_T8,main_Agglomerative-ward_R5,5.0,same cohort/metric/service target; candidate spaces may differ,False,39,42,9207,9247,3.1763586754965765,2.3830952621870565,7.111290430786833,6.471169644502528,7.924471886252309,15.264598378487985,1,1,8,4,True,False,False,False,False,True,True,False,False,True,False,False
J825_R5_T8,main_Agglomerative-complete_R5,5.0,same cohort/metric/service target; candidate spaces may differ,False,39,46,9207,9216,3.1763586754965765,2.738212046071094,7.111290430786833,6.290669316822936,7.924471886252309,8.6134057781774,1,0,8,1,True,False,False,False,False,True,False,False,False,True,False,False
J825_R5_T8,main_Agglomerative-average_R5,5.0,same cohort/metric/service target; candidate spaces may differ,False,39,53,9207,9320,3.1763586754965765,2.5928137855336555,7.111290430786833,6.074588939724234,7.924471886252309,6.6061157974916425,1,0,8,1,True,False,False,False,False,False,False,False,False,False,False,False
J825_R5_T8,main_P-Median_R5,5.0,same cohort/metric/service target; candidate spaces may differ,False,39,55,9207,9234,3.1763586754965765,1.711482508887356,7.111290430786833,8.587494680742124,7.924471886252309,16.550308693700245,1,3,8,9,True,False,False,False,True,True,True,True,False,True,False,False
J825_R5_T8,main_MCLP_R5,5.0,same cohort/metric/service target; candidate spaces may differ,False,39,40,9207,9225,3.1763586754965765,2.9775175125055124,7.111290430786833,10.38162871202316,7.924471886252309,26.950553178813898,1,5,8,10,True,False,False,False,True,True,True,True,False,True,False,False
J825_R10_Tnone,main_KMeans-weighted_R10,10.0,same cohort/metric/service target; candidate spaces may differ,False,11,17,9275,9282,6.204596771765363,4.184138647479251,21.721042658849402,14.326254166178515,51.880329773104854,25.166930529399814,7,4,10,8,True,False,False,False,False,False,False,False,False,False,False,False
J825_R10_Tnone,main_Agglomerative-ward_R10,10.0,same cohort/metric/service target; candidate spaces may differ,False,11,17,9275,9230,6.204596771765363,4.646861390647391,21.721042658849402,12.915441610247418,51.880329773104854,26.74652534653424,7,2,10,6,True,False,False,False,False,False,False,False,True,False,False,False
J825_R10_Tnone,main_Agglomerative-complete_R10,10.0,same cohort/metric/service target; candidate spaces may differ,False,11,19,9275,9277,6.204596771765363,4.815446102587167,21.721042658849402,12.056220454770822,51.880329773104854,14.755872469842686,7,0,10,6,True,False,False,False,False,False,False,False,False,False,False,False
J825_R10_Tnone,main_Agglomerative-average_R10,10.0,same cohort/metric/service target; candidate spaces may differ,False,11,24,9275,9364,6.204596771765363,4.5615967151069245,21.721042658849402,11.472124793185078,51.880329773104854,12.598147455230972,7,1,10,3,True,False,False,False,False,False,False,False,False,False,False,False
J825_R10_Tnone,main_P-Median_R10,10.0,same cohort/metric/service target; candidate spaces may differ,False,11,23,9275,9223,6.204596771765363,3.2230405932518167,21.721042658849402,17.73728270898471,51.880329773104854,28.687629604511976,7,6,10,11,True,False,False,False,False,False,False,True,True,False,False,False
J825_R10_Tnone,main_MCLP_R10,10.0,same cohort/metric/service target; candidate spaces may differ,False,11,15,9275,9251,6.204596771765363,6.078534399545703,21.721042658849402,22.96627395425885,51.880329773104854,50.4789120536817,7,9,10,10,True,False,True,False,True,False,True,True,True,False,False,False
J825_R10_T20,main_KMeans-weighted_R10,10.0,same cohort/metric/service target; candidate spaces may differ,False,13,17,9283,9282,5.9896875984760385,4.184138647479251,18.634708594443733,14.326254166178515,19.959656237681255,25.166930529399814,7,4,11,8,True,False,False,False,False,True,False,False,True,True,False,False
J825_R10_T20,main_Agglomerative-ward_R10,10.0,same cohort/metric/service target; candidate spaces may differ,False,13,17,9283,9230,5.9896875984760385,4.646861390647391,18.634708594443733,12.915441610247418,19.959656237681255,26.74652534653424,7,2,11,6,True,False,False,False,False,True,False,False,True,True,False,False
J825_R10_T20,main_Agglomerative-complete_R10,10.0,same cohort/metric/service target; candidate spaces may differ,False,13,19,9283,9277,5.9896875984760385,4.815446102587167,18.634708594443733,12.056220454770822,19.959656237681255,14.755872469842686,7,0,11,6,True,False,False,False,False,False,False,False,True,False,False,False
J825_R10_T20,main_Agglomerative-average_R10,10.0,same cohort/metric/service target; candidate spaces may differ,False,13,24,9283,9364,5.9896875984760385,4.5615967151069245,18.634708594443733,11.472124793185078,19.959656237681255,12.598147455230972,7,1,11,3,True,False,False,False,False,False,False,False,False,False,False,False
J825_R10_T20,main_P-Median_R10,10.0,same cohort/metric/service target; candidate spaces may differ,False,13,23,9283,9223,5.9896875984760385,3.2230405932518167,18.634708594443733,17.73728270898471,19.959656237681255,28.687629604511976,7,6,11,11,True,False,False,False,False,True,False,True,True,True,False,False
J825_R10_T20,main_MCLP_R10,10.0,same cohort/metric/service target; candidate spaces may differ,False,13,15,9283,9251,5.9896875984760385,6.078534399545703,18.634708594443733,22.96627395425885,19.959656237681255,50.4789120536817,7,9,11,10,True,True,True,False,True,True,True,False,True,True,True,False
J825_R10_T15,main_KMeans-weighted_R10,10.0,same cohort/metric/service target; candidate spaces may differ,False,16,17,9313,9282,5.816144793641113,4.184138647479251,12.381821817142125,14.326254166178515,14.686243442503162,25.166930529399814,3,4,4,8,True,False,False,False,True,True,True,True,True,True,False,False
J825_R10_T15,main_Agglomerative-ward_R10,10.0,same cohort/metric/service target; candidate spaces may differ,False,16,17,9313,9230,5.816144793641113,4.646861390647391,12.381821817142125,12.915441610247418,14.686243442503162,26.74652534653424,3,2,4,6,True,False,False,False,True,True,False,True,True,True,False,False
J825_R10_T15,main_Agglomerative-complete_R10,10.0,same cohort/metric/service target; candidate spaces may differ,False,16,19,9313,9277,5.816144793641113,4.815446102587167,12.381821817142125,12.056220454770822,14.686243442503162,14.755872469842686,3,0,4,6,True,False,False,False,False,True,False,True,True,True,False,False
J825_R10_T15,main_Agglomerative-average_R10,10.0,same cohort/metric/service target; candidate spaces may differ,False,16,24,9313,9364,5.816144793641113,4.5615967151069245,12.381821817142125,11.472124793185078,14.686243442503162,12.598147455230972,3,1,4,3,True,False,False,False,False,False,False,False,False,False,False,False
J825_R10_T15,main_P-Median_R10,10.0,same cohort/metric/service target; candidate spaces may differ,False,16,23,9313,9223,5.816144793641113,3.2230405932518167,12.381821817142125,17.73728270898471,14.686243442503162,28.687629604511976,3,6,4,11,True,False,False,False,True,True,True,True,True,True,False,False
J825_R10_T15,main_MCLP_R10,10.0,same cohort/metric/service target; candidate spaces may differ,False,16,15,9313,9251,5.816144793641113,6.078534399545703,12.381821817142125,22.96627395425885,14.686243442503162,50.4789120536817,3,9,4,10,False,True,True,False,True,True,True,True,True,False,False,False
J825_R10_T13,main_KMeans-weighted_R10,10.0,same cohort/metric/service target; candidate spaces may differ,False,18,17,9317,9282,5.681704762569719,4.184138647479251,12.028736837362402,14.326254166178515,12.932869486717559,25.166930529399814,2,4,5,8,False,False,False,False,True,True,True,True,True,False,False,False
J825_R10_T13,main_Agglomerative-ward_R10,10.0,same cohort/metric/service target; candidate spaces may differ,False,18,17,9317,9230,5.681704762569719,4.646861390647391,12.028736837362402,12.915441610247418,12.932869486717559,26.74652534653424,2,2,5,6,False,False,False,True,True,True,True,True,True,False,False,False
J825_R10_T13,main_Agglomerative-complete_R10,10.0,same cohort/metric/service target; candidate spaces may differ,False,18,19,9317,9277,5.681704762569719,4.815446102587167,12.028736837362402,12.056220454770822,12.932869486717559,14.755872469842686,2,0,5,6,True,False,False,False,True,True,False,True,True,True,False,False
J825_R10_T13,main_Agglomerative-average_R10,10.0,same cohort/metric/service target; candidate spaces may differ,False,18,24,9317,9364,5.681704762569719,4.5615967151069245,12.028736837362402,11.472124793185078,12.932869486717559,12.598147455230972,2,1,5,3,True,False,False,False,False,False,False,False,False,False,False,False
J825_R10_T13,main_P-Median_R10,10.0,same cohort/metric/service target; candidate spaces may differ,False,18,23,9317,9223,5.681704762569719,3.2230405932518167,12.028736837362402,17.73728270898471,12.932869486717559,28.687629604511976,2,6,5,11,True,False,False,False,True,True,True,True,True,True,False,False
J825_R10_T13,main_MCLP_R10,10.0,same cohort/metric/service target; candidate spaces may differ,False,18,15,9317,9251,5.681704762569719,6.078534399545703,12.028736837362402,22.96627395425885,12.932869486717559,50.4789120536817,2,9,5,10,False,True,True,False,True,True,True,True,True,False,False,False
maximal_J300_R5_K39,main_KMeans-weighted_R5,5.0,same cohort/metric/service target; candidate spaces may differ,False,39,40,9315,9240,2.809945567914094,2.187319761580352,9.206283272614339,7.39570894003147,16.550308693700245,15.264598378487985,3,1,8,6,True,False,False,True,False,False,False,False,True,False,False,False
maximal_J300_R5_K39,main_Agglomerative-ward_R5,5.0,same cohort/metric/service target; candidate spaces may differ,False,39,42,9315,9247,2.809945567914094,2.3830952621870565,9.206283272614339,6.471169644502528,16.550308693700245,15.264598378487985,3,1,8,4,True,False,False,True,False,False,False,False,True,False,False,False
maximal_J300_R5_K39,main_Agglomerative-complete_R5,5.0,same cohort/metric/service target; candidate spaces may differ,False,39,46,9315,9216,2.809945567914094,2.738212046071094,9.206283272614339,6.290669316822936,16.550308693700245,8.6134057781774,3,0,8,1,True,False,False,True,False,False,False,False,True,False,False,False
maximal_J300_R5_K39,main_Agglomerative-average_R5,5.0,same cohort/metric/service target; candidate spaces may differ,False,39,53,9315,9320,2.809945567914094,2.5928137855336555,9.206283272614339,6.074588939724234,16.550308693700245,6.6061157974916425,3,0,8,1,True,False,False,False,False,False,False,False,False,False,False,False
maximal_J300_R5_K39,main_P-Median_R5,5.0,same cohort/metric/service target; candidate spaces may differ,True,39,55,9315,9234,2.809945567914094,1.711482508887356,9.206283272614339,8.587494680742124,16.550308693700245,16.550308693700245,3,3,8,9,True,False,False,True,False,True,True,True,True,True,False,False
maximal_J300_R5_K39,main_MCLP_R5,5.0,same cohort/metric/service target; candidate spaces may differ,True,39,40,9315,9225,2.809945567914094,2.9775175125055124,9.206283272614339,10.38162871202316,16.550308693700245,26.950553178813898,3,5,8,10,True,True,True,True,True,True,True,True,True,True,True,True
maximal_J300_R10_K14,main_KMeans-weighted_R10,10.0,same cohort/metric/service target; candidate spaces may differ,False,14,17,9351,9282,5.978062536343399,4.184138647479251,18.411919746517366,14.326254166178515,36.52617815788724,25.166930529399814,6,4,9,8,True,False,False,False,False,False,False,False,True,False,False,False
maximal_J300_R10_K14,main_Agglomerative-ward_R10,10.0,same cohort/metric/service target; candidate spaces may differ,False,14,17,9351,9230,5.978062536343399,4.646861390647391,18.411919746517366,12.915441610247418,36.52617815788724,26.74652534653424,6,2,9,6,True,False,False,True,False,False,False,False,True,False,False,False
maximal_J300_R10_K14,main_Agglomerative-complete_R10,10.0,same cohort/metric/service target; candidate spaces may differ,False,14,19,9351,9277,5.978062536343399,4.815446102587167,18.411919746517366,12.056220454770822,36.52617815788724,14.755872469842686,6,0,9,6,True,False,False,False,False,False,False,False,True,False,False,False
maximal_J300_R10_K14,main_Agglomerative-average_R10,10.0,same cohort/metric/service target; candidate spaces may differ,False,14,24,9351,9364,5.978062536343399,4.5615967151069245,18.411919746517366,11.472124793185078,36.52617815788724,12.598147455230972,6,1,9,3,True,False,False,False,False,False,False,False,False,False,False,False
maximal_J300_R10_K14,main_P-Median_R10,10.0,same cohort/metric/service target; candidate spaces may differ,True,14,23,9351,9223,5.978062536343399,3.2230405932518167,18.411919746517366,17.73728270898471,36.52617815788724,28.687629604511976,6,6,9,11,True,False,False,False,False,False,True,True,True,False,False,False
maximal_J300_R10_K14,main_MCLP_R10,10.0,same cohort/metric/service target; candidate spaces may differ,True,14,15,9351,9251,5.978062536343399,6.078534399545703,18.411919746517366,22.96627395425885,36.52617815788724,50.4789120536817,6,9,9,10,True,True,False,False,True,True,True,True,True,True,True,False
