network_id,candidate_index,source_position,customer_zip_code_prefix,lat,lng,city_norm,n_pedidos,valor_total,freight_total,facility_id,nearest_assigned_orders
J825_R3_T4p65,25,25,20241,-22.92200642517056,-43.18565741850953,rio de janeiro,31,4725.8,734.47,0,782
J825_R3_T4p65,41,41,20550,-22.91679214318689,-43.2315503991291,rio de janeiro,71,7851.62,1458.85,1,759
J825_R3_T4p65,50,50,20735,-22.900247004009792,-43.28620954651436,rio de janeiro,36,3917.4,779.96,2,349
J825_R3_T4p65,67,67,20911,-22.89314885311464,-43.242201014642525,rio de janeiro,8,552.91,168.74,3,128
J825_R3_T4p65,103,103,21073,-22.850770856037,-43.27052152360208,rio de janeiro,26,3602.91,547.63,4,224
J825_R3_T4p65,115,115,21250,-22.824619091439565,-43.30674667488387,rio de janeiro,22,2381.1600000000003,412.28,5,246
J825_R3_T4p65,125,125,21351,-22.87044820264357,-43.34296526816304,rio de janeiro,10,989.37,199.57,6,287
J825_R3_T4p65,156,156,21660,-22.839960552960555,-43.37703910572291,rio de janeiro,7,568.59,186.9,7,131
J825_R3_T4p65,172,172,21755,-22.88385334415563,-43.41913635549757,rio de janeiro,4,399.69000000000005,78.00999999999999,8,103
J825_R3_T4p65,185,185,21840,-22.868363814263653,-43.46923216795061,rio de janeiro,6,679.5,174.69,9,147
J825_R3_T4p65,203,203,21921,-22.8083044291334,-43.18564856697721,rio de janeiro,13,1134.38,262.78,10,147
J825_R3_T4p65,219,220,22061,-22.975419252327107,-43.19263365219479,rio de janeiro,21,1757.99,343.52,11,804
J825_R3_T4p65,251,253,22451,-22.97841522971715,-43.23772919271784,rio de janeiro,56,9533.01,1393.15,12,255
J825_R3_T4p65,263,265,22640,-23.001267617010637,-43.3355988370672,rio de janeiro,26,4572.5,636.4,13,228
J825_R3_T4p65,271,273,22725,-22.91150171276762,-43.37652610722419,rio de janeiro,21,3100.99,496.4,14,241
J825_R3_T4p65,280,282,22755,-22.947502549436848,-43.33814210193203,rio de janeiro,19,2335.55,368.73,15,289
J825_R3_T4p65,282,284,22763,-22.949418433889697,-43.38717689639774,rio de janeiro,15,2140.27,326.47,16,256
J825_R3_T4p65,292,294,22790,-23.01298650422646,-43.46551954103294,rio de janeiro,136,21785.21,3014.83,17,263
J825_R3_T4p65,293,295,22793,-23.00061899109568,-43.40471828456725,rio de janeiro,116,16054.06,2801.79,18,116
J825_R3_T4p65,301,303,23020,-23.0049905225767,-43.54784520457546,rio de janeiro,17,2349.81,324.69,19,17
J825_R3_T4p65,302,304,23025,-22.99046924798533,-43.61550570181899,rio de janeiro,4,623.88,101.11,20,49
J825_R3_T4p65,313,315,23042,-22.92777932523722,-43.554503392883646,rio de janeiro,10,886.46,171.69,21,130
J825_R3_T4p65,334,336,23073,-22.88998422832266,-43.57939758303769,rio de janeiro,11,1612.76,212.03,22,254
J825_R3_T4p65,346,348,23093,-22.87751529574331,-43.53029348075376,rio de janeiro,11,1735.58,308.77,23,116
J825_R3_T4p65,351,353,23510,-22.91973437055113,-43.67148457968753,rio de janeiro,7,745.28,165.57,24,121
J825_R3_T4p65,355,357,23530,-22.97383432126233,-43.6810761924786,rio de janeiro,8,966.25,156.52,25,49
J825_R3_T4p65,367,369,23580,-22.911119400069488,-43.62264162522756,rio de janeiro,13,1938.17,278.05,26,105
J825_R3_T4p65,375,377,23820,-22.862780471644363,-43.78526762819197,itaguai,4,522.4,106.66,27,35
J825_R3_T4p65,378,380,23825,-22.885828313712477,-43.82785584819327,itaguai,4,375.05,52.02,28,11
J825_R3_T4p65,387,389,23895,-22.746274001626645,-43.708503424610186,seropedica,9,1833.81,411.09,29,20
J825_R3_T4p65,389,391,23898,-22.80791081625367,-43.644304412473865,seropedica,8,1063.59,133.13,30,13
J825_R3_T4p65,394,396,24060,-22.88593419631651,-43.1106543708203,niteroi,9,1055.94,207.37,31,552
J825_R3_T4p65,409,411,24315,-22.901684792085454,-43.06891496088816,niteroi,22,2712.0,439.89,32,125
J825_R3_T4p65,420,422,24355,-22.9411555966564,-43.043134176624925,niteroi,11,1544.7,383.66,33,135
J825_R3_T4p65,428,431,24416,-22.840098124434224,-43.06778333387412,sao goncalo,13,1308.23,266.14,34,126
J825_R3_T4p65,444,447,24455,-22.80878018901832,-43.0258667651288,sao goncalo,7,966.38,171.54000000000002,35,129
J825_R3_T4p65,475,478,24736,-22.820033389763783,-42.969922193443765,sao goncalo,5,783.98,78.11,36,65
J825_R3_T4p65,485,488,24751,-22.86782548778561,-43.002749069555286,sao goncalo,10,1346.01,208.28,37,77
J825_R3_T4p65,495,498,24805,-22.73533148939793,-42.83883774259336,itaborai,1,53.9,22.96,38,37
J825_R3_T4p65,499,502,24830,-22.7113078008679,-42.87331425316652,itaborai,1,45.9,15.56,39,4
J825_R3_T4p65,502,505,24856,-22.75807913856637,-42.91063311206234,itaborai,1,145.0,15.76,40,15
J825_R3_T4p65,507,510,24890,-22.73521870942802,-42.727847609078914,tangua,6,504.88,131.16,41,6
J825_R3_T4p65,510,513,24902,-22.92700535031622,-42.8293157127626,marica,2,187.8,26.94,42,60
J825_R3_T4p65,521,524,24922,-22.94856570290517,-42.70343236618995,marica,2,78.9,30.700000000000003,43,2
J825_R3_T4p65,525,528,24934,-22.946221164792775,-42.88645951724069,marica,3,698.74,73.75999999999999,44,30
J825_R3_T4p65,527,530,24936,-22.954278207609654,-42.96711894755224,marica,16,2305.71,344.86,45,24
J825_R3_T4p65,532,535,24943,-22.909483056983007,-42.92582680004856,marica,5,407.86,113.57,46,17
J825_R3_T4p65,539,542,25035,-22.755338688692213,-43.308531682770784,duque de caxias,14,1404.55,386.23,47,108
J825_R3_T4p65,557,560,25211,-22.67066808633434,-43.26255563331919,duque de caxias,3,649.9,94.62,48,78
J825_R3_T4p65,574,577,25250,-22.60728606434383,-43.29857473776487,duque de caxias,13,1324.26,320.51,49,20
J825_R3_T4p65,588,591,25275,-22.63887775891837,-43.22692540844416,duque de caxias,3,389.8,69.43,50,24
J825_R3_T4p65,601,604,25565,-22.78315358395092,-43.35979003562612,sao joao de meriti,5,598.79,63.94,51,123
J825_R3_T4p65,610,613,25615,-22.496114223843747,-43.15620443994322,petropolis,9,2496.53,296.70000000000005,52,47
J825_R3_T4p65,619,622,25655,-22.52044984882392,-43.19101234595281,petropolis,20,3301.56,682.1800000000001,53,126
J825_R3_T4p65,629,632,25725,-22.427894024726776,-43.20138979903541,petropolis,3,345.89,55.44,54,3
J825_R3_T4p65,630,633,25730,-22.408608081087024,-43.13140914649253,petropolis,18,2144.82,552.5,55,43
J825_R3_T4p65,633,636,25750,-22.33852928975817,-43.12899883949998,petropolis,10,1118.48,243.37,56,10
J825_R3_T4p65,634,637,25770,-22.26889273967007,-43.07681259121553,petropolis,5,457.79,154.81,57,5
J825_R3_T4p65,639,642,25904,-22.65181465633809,-43.05361261025339,mage,1,1499.99,21.76,58,33
J825_R3_T4p65,644,647,25912,-22.57019403842886,-43.058745435694526,mage,1,64.99,27.51,59,8
J825_R3_T4p65,647,650,25922,-22.66003863059351,-43.1347885471764,mage,6,602.49,134.8,60,12
J825_R3_T4p65,650,653,25928,-22.63601681822644,-43.02534331618508,mage,1,379.8,38.42,61,5
J825_R3_T4p65,651,654,25930,-22.68358467046409,-43.160534715770886,mage,1,89.9,16.39,62,10
J825_R3_T4p65,655,658,25935,-22.615933155012947,-43.17975719830376,mage,15,1657.62,241.65,63,37
J825_R3_T4p65,662,665,25946,-22.527718078493137,-42.97826627951071,guapimirim,11,1815.77,266.41,64,17
J825_R3_T4p65,683,686,26052,-22.682661738953115,-43.44763426447411,nova iguacu,7,912.53,204.37,65,59
J825_R3_T4p65,698,701,26112,-22.748890763540413,-43.40218859295182,belford roxo,6,661.59,105.54,66,84
J825_R3_T4p65,720,723,26183,-22.71884157108849,-43.3359503631358,belford roxo,8,635.5600000000001,131.82,67,50
J825_R3_T4p65,728,731,26216,-22.751111606071024,-43.46011896476947,nova iguacu,3,104.39,44.68,68,234
J825_R3_T4p65,743,746,26271,-22.76538805577464,-43.513740263369385,nova iguacu,3,551.96,46.46,69,77
J825_R3_T4p65,760,763,26297,-22.81315246690653,-43.58884053145267,nova iguacu,3,503.8,76.75,70,13
J825_R3_T4p65,771,774,26325,-22.720466020617074,-43.55679725976077,queimados,3,363.0,61.58,71,78
J825_R3_T4p65,780,783,26423,-22.6809778671,-43.61135654272859,japeri,1,75.0,14.7,72,21
J825_R3_T4p65,785,788,26440,-22.6438955448154,-43.64300824279504,japeri,4,252.61,78.17,73,14
J825_R3_T4p65,817,820,26582,-22.791786349943763,-43.41589366647349,mesquita,5,832.5,116.71,74,191
J825_R3_T4p65,821,824,26600,-22.61483382699214,-43.705683375748585,paracambi,35,6571.96,944.27,75,35
J825_R3_T4p65,822,825,28680,-22.470849051492323,-42.657121037845286,cachoeiras de macacu,19,1819.26,363.9,76,19
J825_R3_T4p65,823,826,28695,-22.60367916043864,-42.74073968432629,cachoeiras de macacu,1,99.0,22.16,77,1
J825_R3_T4p65,824,827,28800,-22.711927870432564,-42.63004113951235,rio bonito,27,4352.11,594.18,78,27
J825_R5_T6p6,10,10,20060,-22.90742646003482,-43.22111290328188,rio de janeiro,2,90.0,33.870000000000005,0,1264
J825_R5_T6p6,57,57,20760,-22.879177245162506,-43.28592690942743,rio de janeiro,4,259.89,63.09,1,684
J825_R5_T6p6,113,113,21240,-22.8111210300632,-43.32621279907767,rio de janeiro,7,1125.97,136.45,2,369
J825_R5_T6p6,167,167,21740,-22.88433305340309,-43.387504877344114,rio de janeiro,10,2002.6,264.68,3,518
J825_R5_T6p6,186,186,21842,-22.868421364534367,-43.47985554134832,rio de janeiro,9,852.73,222.63,4,202
J825_R5_T6p6,206,206,21932,-22.80486286271774,-43.22572822631956,rio de janeiro,4,789.78,126.70999999999998,5,168
J825_R5_T6p6,236,237,22261,-22.95721825808972,-43.20026060905936,rio de janeiro,22,2872.95,559.83,6,1403
J825_R5_T6p6,258,260,22611,-23.008068841447862,-43.29861176534447,rio de janeiro,8,977.64,154.16,7,256
J825_R5_T6p6,286,288,22773,-22.94846910030558,-43.364489898207424,rio de janeiro,9,804.58,177.11,8,622
J825_R5_T6p6,290,292,22783,-22.984082408782115,-43.44889019919411,rio de janeiro,44,5413.76,990.75,9,379
J825_R5_T6p6,301,303,23020,-23.0049905225767,-43.54784520457546,rio de janeiro,17,2349.81,324.69,10,17
J825_R5_T6p6,308,310,23032,-22.972563998366837,-43.64295047031437,rio de janeiro,11,3148.59,275.8,11,110
J825_R5_T6p6,339,341,23081,-22.89433959920376,-43.56722290454661,rio de janeiro,5,777.6700000000001,83.03999999999999,12,474
J825_R5_T6p6,365,367,23573,-22.913149027532867,-43.65356967363749,rio de janeiro,5,736.48,99.39,13,219
J825_R5_T6p6,381,383,23831,-22.876635031970025,-43.80985126698182,itaguai,3,234.8,52.26,14,46
J825_R5_T6p6,387,389,23895,-22.746274001626645,-43.708503424610186,seropedica,9,1833.81,411.09,15,20
J825_R5_T6p6,389,391,23898,-22.80791081625367,-43.644304412473865,seropedica,8,1063.59,133.13,16,25
J825_R5_T6p6,399,401,24120,-22.88327023685682,-43.09227400558896,niteroi,36,4472.32,898.24,17,628
J825_R5_T6p6,419,421,24350,-22.94061686421916,-43.06545401112341,niteroi,36,6386.06,1229.22,18,204
J825_R5_T6p6,447,450,24460,-22.814787634492188,-43.04329935349616,sao goncalo,5,521.59,119.52,19,191
J825_R5_T6p6,483,486,24746,-22.83906700788218,-42.98789279135017,sao goncalo,2,121.9,32.730000000000004,20,176
J825_R5_T6p6,492,495,24801,-22.7395793666599,-42.84701335677763,itaborai,2,254.98,41.36,21,41
J825_R5_T6p6,501,504,24855,-22.773459679480904,-42.91565441771825,itaborai,3,485.88,69.33,22,16
J825_R5_T6p6,507,510,24890,-22.73521870942802,-42.727847609078914,tangua,6,504.88,131.16,23,6
J825_R5_T6p6,517,520,24914,-22.92345398569025,-42.85760247749489,marica,7,646.25,171.55,24,84
J825_R5_T6p6,521,524,24922,-22.94856570290517,-42.70343236618995,marica,2,78.9,30.700000000000003,25,2
J825_R5_T6p6,529,532,24940,-22.92600502136488,-42.940013982950965,marica,2,254.0,69.69,26,56
J825_R5_T6p6,542,545,25041,-22.73578083363829,-43.31812761723224,duque de caxias,4,484.63,81.23,27,140
J825_R5_T6p6,574,577,25250,-22.60728606434383,-43.29857473776487,duque de caxias,13,1324.26,320.51,28,40
J825_R5_T6p6,581,584,25265,-22.649550626444302,-43.23034128992175,duque de caxias,1,149.99,40.38,29,96
J825_R5_T6p6,616,619,25645,-22.54079651100627,-43.20123507158808,petropolis,6,586.79,119.15,30,123
J825_R5_T6p6,627,630,25715,-22.47150966453406,-43.1620277638875,petropolis,6,572.8,97.59,31,72
J825_R5_T6p6,631,634,25740,-22.374645351841945,-43.12909370218015,petropolis,4,350.20000000000005,103.3,32,38
J825_R5_T6p6,634,637,25770,-22.26889273967007,-43.07681259121553,petropolis,5,457.79,154.81,33,5
J825_R5_T6p6,645,648,25914,-22.59381281247852,-43.06930284283151,mage,3,203.8,73.78,34,8
J825_R5_T6p6,646,649,25921,-22.6525357703222,-43.12650100805483,mage,1,257.9,16.91,35,36
J825_R5_T6p6,650,653,25928,-22.63601681822644,-43.02534331618508,mage,1,379.8,38.42,36,38
J825_R5_T6p6,660,663,25943,-22.55101493109428,-42.98442049906716,guapimirim,3,129.9,47.22,37,17
J825_R5_T6p6,685,688,26060,-22.70596026208645,-43.44426093479684,nova iguacu,6,722.87,123.07,38,137
J825_R5_T6p6,755,758,26290,-22.7692389862532,-43.52530849381608,nova iguacu,12,2442.91,211.53,39,95
J825_R5_T6p6,773,776,26380,-22.707476317323948,-43.55071081533383,queimados,1,79.9,19.75,40,95
J825_R5_T6p6,786,789,26443,-22.644806809224903,-43.65794599414254,japeri,2,164.32,47.07,41,61
J825_R5_T6p6,812,815,26564,-22.77328132742342,-43.41781714536901,mesquita,6,590.59,106.34,42,463
J825_R5_T6p6,822,825,28680,-22.470849051492323,-42.657121037845286,cachoeiras de macacu,19,1819.26,363.9,43,19
J825_R5_T6p6,823,826,28695,-22.60367916043864,-42.74073968432629,cachoeiras de macacu,1,99.0,22.16,44,1
J825_R5_T6p6,824,827,28800,-22.711927870432564,-42.63004113951235,rio bonito,27,4352.11,594.18,45,27
J825_R10_T12p59,36,36,20530,-22.93768625306417,-43.24886943417944,rio de janeiro,32,4483.42,763.49,0,3139
J825_R10_T12p59,146,146,21615,-22.86209078632198,-43.39136925868886,rio de janeiro,17,2248.31,378.72,1,831
J825_R10_T12p59,289,291,22780,-22.962843790439337,-43.40116578306731,rio de janeiro,48,6361.45,1152.62,2,1244
J825_R10_T12p59,324,326,23061,-22.908445285088447,-43.60810021286953,rio de janeiro,7,631.73,140.51,3,837
J825_R10_T12p59,383,385,23855,-22.86387076999147,-43.7592342671893,itaguai,2,59.4,35.02,4,67
J825_R10_T12p59,411,413,24322,-22.89632305663318,-43.03845772727727,niteroi,5,543.39,85.97,5,1181
J825_R10_T12p59,504,507,24859,-22.77340230558587,-42.90984766620826,itaborai,2,57.9,38.85,6,115
J825_R10_T12p59,509,512,24901,-22.923608277456783,-42.81985709837894,marica,7,842.17,123.89,7,102
J825_R10_T12p59,555,558,25085,-22.79583417251553,-43.291526151554045,duque de caxias,1,259.0,16.69,8,800
J825_R10_T12p59,617,620,25650,-22.531038247576937,-43.212309414991445,petropolis,10,1438.08,218.05,9,185
J825_R10_T12p59,633,636,25750,-22.33852928975817,-43.12899883949998,petropolis,10,1118.48,243.37,10,58
J825_R10_T12p59,644,647,25912,-22.57019403842886,-43.058745435694526,mage,1,64.99,27.51,11,63
J825_R10_T12p59,658,661,25938,-22.6545713161462,-43.20333179891331,mage,3,670.2,61.77,12,172
J825_R10_T12p59,733,736,26250,-22.76580597634655,-43.44413388623215,nova iguacu,6,1438.98,209.46,13,685
J825_R10_T12p59,778,781,26413,-22.696333434498968,-43.626641384369336,japeri,1,56.99,15.15,14,159
J825_R10_T12p59,822,825,28680,-22.470849051492323,-42.657121037845286,cachoeiras de macacu,19,1819.26,363.9,15,19
J825_R10_T12p59,823,826,28695,-22.60367916043864,-42.74073968432629,cachoeiras de macacu,1,99.0,22.16,16,1
J825_R10_T12p59,824,827,28800,-22.711927870432564,-42.63004113951235,rio bonito,27,4352.11,594.18,17,33
J825_R3_Tnone,19,19,20211,-22.91148503866567,-43.19844247973102,rio de janeiro,19,2948.47,443.15,0,667
J825_R3_Tnone,43,43,20560,-22.91863600041784,-43.25724486396328,rio de janeiro,46,5146.81,931.39,1,616
J825_R3_Tnone,55,55,20755,-22.888719129958837,-43.29710870135924,rio de janeiro,8,500.8,141.18,2,325
J825_R3_Tnone,67,67,20911,-22.89314885311464,-43.242201014642525,rio de janeiro,8,552.91,168.74,3,112
J825_R3_Tnone,103,103,21073,-22.850770856037,-43.27052152360208,rio de janeiro,26,3602.91,547.63,4,215
J825_R3_Tnone,115,115,21250,-22.824619091439565,-43.30674667488387,rio de janeiro,22,2381.1600000000003,412.28,5,246
J825_R3_Tnone,125,125,21351,-22.87044820264357,-43.34296526816304,rio de janeiro,10,989.37,199.57,6,273
J825_R3_Tnone,157,157,21665,-22.83427156601059,-43.377978641515625,rio de janeiro,1,69.99,19.46,7,105
J825_R3_Tnone,169,169,21745,-22.879549301241177,-43.41011862496182,rio de janeiro,8,978.35,163.75,8,96
J825_R3_Tnone,184,184,21833,-22.8814818751053,-43.49448328547964,rio de janeiro,3,455.48,98.36,9,67
J825_R3_Tnone,198,198,21870,-22.871019283986563,-43.45851442872575,rio de janeiro,7,1212.02,168.09,10,124
J825_R3_Tnone,203,203,21921,-22.8083044291334,-43.18564856697721,rio de janeiro,13,1134.38,262.78,11,147
J825_R3_Tnone,239,240,22280,-22.95440868548141,-43.185650031057385,rio de janeiro,29,6348.01,611.01,12,899
J825_R3_Tnone,246,248,22430,-22.98210232841188,-43.22013314970181,rio de janeiro,35,9180.71,962.56,13,457
J825_R3_Tnone,257,259,22610,-22.99599813649958,-43.261663703422506,rio de janeiro,29,3507.7200000000003,792.05,14,37
J825_R3_Tnone,263,265,22640,-23.001267617010637,-43.3355988370672,rio de janeiro,26,4572.5,636.4,15,228
J825_R3_Tnone,271,273,22725,-22.91150171276762,-43.37652610722419,rio de janeiro,21,3100.99,496.4,16,231
J825_R3_Tnone,280,282,22755,-22.947502549436848,-43.33814210193203,rio de janeiro,19,2335.55,368.73,17,289
J825_R3_Tnone,282,284,22763,-22.949418433889697,-43.38717689639774,rio de janeiro,15,2140.27,326.47,18,256
J825_R3_Tnone,290,292,22783,-22.984082408782115,-43.44889019919411,rio de janeiro,44,5413.76,990.75,19,59
J825_R3_Tnone,293,295,22793,-23.00061899109568,-43.40471828456725,rio de janeiro,116,16054.06,2801.79,20,116
J825_R3_Tnone,294,296,22795,-23.020470737334893,-43.46265642068304,rio de janeiro,68,8942.54,1343.94,21,204
J825_R3_Tnone,310,312,23035,-22.945894102935657,-43.594457021538446,rio de janeiro,12,2189.19,354.29,22,71
J825_R3_Tnone,317,319,23052,-22.906619343447986,-43.55224985960651,rio de janeiro,18,3617.71,855.81,23,182
J825_R3_Tnone,323,325,23060,-22.896089584185965,-43.59889671190928,rio de janeiro,24,4553.76,519.86,24,232
J825_R3_Tnone,345,347,23092,-22.87085601200714,-43.54384874896292,rio de janeiro,22,3447.42,542.24,25,122
J825_R3_Tnone,355,357,23530,-22.97383432126233,-43.6810761924786,rio de janeiro,8,966.25,156.52,26,73
J825_R3_Tnone,361,363,23555,-22.91750488776345,-43.69308722014739,rio de janeiro,6,1248.11,135.51,27,49
J825_R3_Tnone,365,367,23573,-22.913149027532867,-43.65356967363749,rio de janeiro,5,736.48,99.39,28,119
J825_R3_Tnone,375,377,23820,-22.862780471644363,-43.78526762819197,itaguai,4,522.4,106.66,29,46
J825_R3_Tnone,394,396,24060,-22.88593419631651,-43.1106543708203,niteroi,9,1055.94,207.37,30,552
J825_R3_Tnone,409,411,24315,-22.901684792085454,-43.06891496088816,niteroi,22,2712.0,439.89,31,120
J825_R3_Tnone,420,422,24355,-22.9411555966564,-43.043134176624925,niteroi,11,1544.7,383.66,32,135
J825_R3_Tnone,428,431,24416,-22.840098124434224,-43.06778333387412,sao goncalo,13,1308.23,266.14,33,123
J825_R3_Tnone,442,445,24451,-22.829351276710405,-43.01399541493803,sao goncalo,19,2965.75,581.23,34,141
J825_R3_Tnone,452,455,24470,-22.79629033350867,-43.04531393855412,sao goncalo,1,193.8,35.86,35,31
J825_R3_Tnone,468,471,24725,-22.811456217228336,-42.97220863173352,sao goncalo,4,1169.4,82.64,36,66
J825_R3_Tnone,490,493,24756,-22.88593339499682,-43.011983104667294,sao goncalo,10,1781.88,224.75,37,50
J825_R3_Tnone,494,497,24804,-22.747090526611107,-42.84342210737453,itaborai,3,269.70000000000005,59.760000000000005,38,47
J825_R3_Tnone,510,513,24902,-22.92700535031622,-42.8293157127626,marica,2,187.8,26.94,39,62
J825_R3_Tnone,525,528,24934,-22.946221164792775,-42.88645951724069,marica,3,698.74,73.75999999999999,40,40
J825_R3_Tnone,527,530,24936,-22.954278207609654,-42.96711894755224,marica,16,2305.71,344.86,41,31
J825_R3_Tnone,539,542,25035,-22.755338688692213,-43.308531682770784,duque de caxias,14,1404.55,386.23,42,108
J825_R3_Tnone,561,564,25215,-22.682590790490558,-43.27404135699872,duque de caxias,4,199.72,92.26,43,47
J825_R3_Tnone,579,582,25261,-22.64530376193324,-43.26203372616665,duque de caxias,6,316.48,128.69,44,75
J825_R3_Tnone,601,604,25565,-22.78315358395092,-43.35979003562612,sao joao de meriti,5,598.79,63.94,45,112
J825_R3_Tnone,610,613,25615,-22.496114223843747,-43.15620443994322,petropolis,9,2496.53,296.70000000000005,46,47
J825_R3_Tnone,619,622,25655,-22.52044984882392,-43.19101234595281,petropolis,20,3301.56,682.1800000000001,47,126
J825_R3_Tnone,630,633,25730,-22.408608081087024,-43.13140914649253,petropolis,18,2144.82,552.5,48,61
J825_R3_Tnone,639,642,25904,-22.65181465633809,-43.05361261025339,mage,1,1499.99,21.76,49,68
J825_R3_Tnone,655,658,25935,-22.615933155012947,-43.17975719830376,mage,15,1657.62,241.65,50,58
J825_R3_Tnone,664,667,26010,-22.7551063244127,-43.42858334530357,nova iguacu,13,1374.93,336.53000000000003,51,203
J825_R3_Tnone,674,677,26031,-22.733144913944965,-43.47564299726109,nova iguacu,4,339.29,82.65,52,93
J825_R3_Tnone,685,688,26060,-22.70596026208645,-43.44426093479684,nova iguacu,6,722.87,123.07,53,64
J825_R3_Tnone,713,716,26167,-22.73381526820578,-43.37869831571142,belford roxo,3,185.89,41.54,54,46
J825_R3_Tnone,720,723,26183,-22.71884157108849,-43.3359503631358,belford roxo,8,635.5600000000001,131.82,55,38
J825_R3_Tnone,748,751,26278,-22.750950306589704,-43.5104936361956,nova iguacu,3,103.89,29.92,56,100
J825_R3_Tnone,770,773,26323,-22.721880392950524,-43.56120106689918,queimados,6,889.7,121.63,57,95
J825_R3_Tnone,801,804,26535,-22.799760130437143,-43.41047447797409,nilopolis,10,1140.67,180.15,58,167
J825_R3_Tnone,821,824,26600,-22.61483382699214,-43.705683375748585,paracambi,35,6571.96,944.27,59,69
J825_R3_Tnone,824,827,28800,-22.711927870432564,-42.63004113951235,rio bonito,27,4352.11,594.18,60,53
J825_R3_T15,19,19,20211,-22.91148503866567,-43.19844247973102,rio de janeiro,19,2948.47,443.15,0,667
J825_R3_T15,43,43,20560,-22.91863600041784,-43.25724486396328,rio de janeiro,46,5146.81,931.39,1,616
J825_R3_T15,55,55,20755,-22.888719129958837,-43.29710870135924,rio de janeiro,8,500.8,141.18,2,325
J825_R3_T15,67,67,20911,-22.89314885311464,-43.242201014642525,rio de janeiro,8,552.91,168.74,3,112
J825_R3_T15,103,103,21073,-22.850770856037,-43.27052152360208,rio de janeiro,26,3602.91,547.63,4,215
J825_R3_T15,115,115,21250,-22.824619091439565,-43.30674667488387,rio de janeiro,22,2381.1600000000003,412.28,5,246
J825_R3_T15,125,125,21351,-22.87044820264357,-43.34296526816304,rio de janeiro,10,989.37,199.57,6,273
J825_R3_T15,157,157,21665,-22.83427156601059,-43.377978641515625,rio de janeiro,1,69.99,19.46,7,105
J825_R3_T15,169,169,21745,-22.879549301241177,-43.41011862496182,rio de janeiro,8,978.35,163.75,8,96
J825_R3_T15,184,184,21833,-22.8814818751053,-43.49448328547964,rio de janeiro,3,455.48,98.36,9,67
J825_R3_T15,198,198,21870,-22.871019283986563,-43.45851442872575,rio de janeiro,7,1212.02,168.09,10,124
J825_R3_T15,203,203,21921,-22.8083044291334,-43.18564856697721,rio de janeiro,13,1134.38,262.78,11,147
J825_R3_T15,239,240,22280,-22.95440868548141,-43.185650031057385,rio de janeiro,29,6348.01,611.01,12,899
J825_R3_T15,246,248,22430,-22.98210232841188,-43.22013314970181,rio de janeiro,35,9180.71,962.56,13,457
J825_R3_T15,257,259,22610,-22.99599813649958,-43.261663703422506,rio de janeiro,29,3507.7200000000003,792.05,14,37
J825_R3_T15,263,265,22640,-23.001267617010637,-43.3355988370672,rio de janeiro,26,4572.5,636.4,15,228
J825_R3_T15,271,273,22725,-22.91150171276762,-43.37652610722419,rio de janeiro,21,3100.99,496.4,16,231
J825_R3_T15,278,280,22750,-22.94338467090066,-43.33437919544068,rio de janeiro,49,5831.01,1195.26,17,288
J825_R3_T15,282,284,22763,-22.949418433889697,-43.38717689639774,rio de janeiro,15,2140.27,326.47,18,257
J825_R3_T15,290,292,22783,-22.984082408782115,-43.44889019919411,rio de janeiro,44,5413.76,990.75,19,59
J825_R3_T15,292,294,22790,-23.01298650422646,-43.46551954103294,rio de janeiro,136,21785.21,3014.83,20,204
J825_R3_T15,293,295,22793,-23.00061899109568,-43.40471828456725,rio de janeiro,116,16054.06,2801.79,21,116
J825_R3_T15,310,312,23035,-22.945894102935657,-43.594457021538446,rio de janeiro,12,2189.19,354.29,22,71
J825_R3_T15,317,319,23052,-22.906619343447986,-43.55224985960651,rio de janeiro,18,3617.71,855.81,23,182
J825_R3_T15,323,325,23060,-22.896089584185965,-43.59889671190928,rio de janeiro,24,4553.76,519.86,24,232
J825_R3_T15,345,347,23092,-22.87085601200714,-43.54384874896292,rio de janeiro,22,3447.42,542.24,25,122
J825_R3_T15,355,357,23530,-22.97383432126233,-43.6810761924786,rio de janeiro,8,966.25,156.52,26,73
J825_R3_T15,361,363,23555,-22.91750488776345,-43.69308722014739,rio de janeiro,6,1248.11,135.51,27,49
J825_R3_T15,365,367,23573,-22.913149027532867,-43.65356967363749,rio de janeiro,5,736.48,99.39,28,119
J825_R3_T15,375,377,23820,-22.862780471644363,-43.78526762819197,itaguai,4,522.4,106.66,29,46
J825_R3_T15,394,396,24060,-22.88593419631651,-43.1106543708203,niteroi,9,1055.94,207.37,30,552
J825_R3_T15,409,411,24315,-22.901684792085454,-43.06891496088816,niteroi,22,2712.0,439.89,31,120
J825_R3_T15,420,422,24355,-22.9411555966564,-43.043134176624925,niteroi,11,1544.7,383.66,32,153
J825_R3_T15,428,431,24416,-22.840098124434224,-43.06778333387412,sao goncalo,13,1308.23,266.14,33,128
J825_R3_T15,442,445,24451,-22.829351276710405,-43.01399541493803,sao goncalo,19,2965.75,581.23,34,167
J825_R3_T15,468,471,24725,-22.811456217228336,-42.97220863173352,sao goncalo,4,1169.4,82.64,35,63
J825_R3_T15,490,493,24756,-22.88593339499682,-43.011983104667294,sao goncalo,10,1781.88,224.75,36,50
J825_R3_T15,491,494,24800,-22.74248129310771,-42.85721075258665,itaborai,10,1027.89,195.82,37,50
J825_R3_T15,507,510,24890,-22.73521870942802,-42.727847609078914,tangua,6,504.88,131.16,38,7
J825_R3_T15,510,513,24902,-22.92700535031622,-42.8293157127626,marica,2,187.8,26.94,39,62
J825_R3_T15,525,528,24934,-22.946221164792775,-42.88645951724069,marica,3,698.74,73.75999999999999,40,53
J825_R3_T15,539,542,25035,-22.755338688692213,-43.308531682770784,duque de caxias,14,1404.55,386.23,41,106
J825_R3_T15,544,547,25045,-22.722818281793867,-43.3139157796674,duque de caxias,6,404.28,111.91,42,41
J825_R3_T15,561,564,25215,-22.682590790490558,-43.27404135699872,duque de caxias,4,199.72,92.26,43,43
J825_R3_T15,579,582,25261,-22.64530376193324,-43.26203372616665,duque de caxias,6,316.48,128.69,44,75
J825_R3_T15,601,604,25565,-22.78315358395092,-43.35979003562612,sao joao de meriti,5,598.79,63.94,45,112
J825_R3_T15,610,613,25615,-22.496114223843747,-43.15620443994322,petropolis,9,2496.53,296.70000000000005,46,47
J825_R3_T15,619,622,25655,-22.52044984882392,-43.19101234595281,petropolis,20,3301.56,682.1800000000001,47,126
J825_R3_T15,628,631,25720,-22.43222926280023,-43.14086038411682,petropolis,15,1427.66,263.66,48,36
J825_R3_T15,632,635,25745,-22.3915193770552,-43.10829358749547,petropolis,6,538.43,135.37,49,25
J825_R3_T15,639,642,25904,-22.65181465633809,-43.05361261025339,mage,1,1499.99,21.76,50,47
J825_R3_T15,655,658,25935,-22.615933155012947,-43.17975719830376,mage,15,1657.62,241.65,51,58
J825_R3_T15,662,665,25946,-22.527718078493137,-42.97826627951071,guapimirim,11,1815.77,266.41,52,21
J825_R3_T15,664,667,26010,-22.7551063244127,-43.42858334530357,nova iguacu,13,1374.93,336.53000000000003,53,203
J825_R3_T15,674,677,26031,-22.733144913944965,-43.47564299726109,nova iguacu,4,339.29,82.65,54,93
J825_R3_T15,685,688,26060,-22.70596026208645,-43.44426093479684,nova iguacu,6,722.87,123.07,55,64
J825_R3_T15,713,716,26167,-22.73381526820578,-43.37869831571142,belford roxo,3,185.89,41.54,56,49
J825_R3_T15,748,751,26278,-22.750950306589704,-43.5104936361956,nova iguacu,3,103.89,29.92,57,100
J825_R3_T15,770,773,26323,-22.721880392950524,-43.56120106689918,queimados,6,889.7,121.63,58,95
J825_R3_T15,801,804,26535,-22.799760130437143,-43.41047447797409,nilopolis,10,1140.67,180.15,59,167
J825_R3_T15,821,824,26600,-22.61483382699214,-43.705683375748585,paracambi,35,6571.96,944.27,60,69
J825_R3_T15,822,825,28680,-22.470849051492323,-42.657121037845286,cachoeiras de macacu,19,1819.26,363.9,61,19
J825_R3_T15,824,827,28800,-22.711927870432564,-42.63004113951235,rio bonito,27,4352.11,594.18,62,27
J825_R3_T10,18,18,20210,-22.90869650356516,-43.201016378284464,rio de janeiro,7,594.0,175.75,0,624
J825_R3_T10,43,43,20560,-22.91863600041784,-43.25724486396328,rio de janeiro,46,5146.81,931.39,1,616
J825_R3_T10,55,55,20755,-22.888719129958837,-43.29710870135924,rio de janeiro,8,500.8,141.18,2,325
J825_R3_T10,67,67,20911,-22.89314885311464,-43.242201014642525,rio de janeiro,8,552.91,168.74,3,112
J825_R3_T10,103,103,21073,-22.850770856037,-43.27052152360208,rio de janeiro,26,3602.91,547.63,4,215
J825_R3_T10,115,115,21250,-22.824619091439565,-43.30674667488387,rio de janeiro,22,2381.1600000000003,412.28,5,246
J825_R3_T10,125,125,21351,-22.87044820264357,-43.34296526816304,rio de janeiro,10,989.37,199.57,6,273
J825_R3_T10,157,157,21665,-22.83427156601059,-43.377978641515625,rio de janeiro,1,69.99,19.46,7,110
J825_R3_T10,169,169,21745,-22.879549301241177,-43.41011862496182,rio de janeiro,8,978.35,163.75,8,96
J825_R3_T10,184,184,21833,-22.8814818751053,-43.49448328547964,rio de janeiro,3,455.48,98.36,9,80
J825_R3_T10,199,199,21875,-22.873409010490445,-43.4537411569272,rio de janeiro,2,864.8,99.45,10,111
J825_R3_T10,202,202,21920,-22.79811558143935,-43.19569772270941,rio de janeiro,25,2088.07,534.94,11,147
J825_R3_T10,239,240,22280,-22.95440868548141,-43.185650031057385,rio de janeiro,29,6348.01,611.01,12,942
J825_R3_T10,246,248,22430,-22.98210232841188,-43.22013314970181,rio de janeiro,35,9180.71,962.56,13,457
J825_R3_T10,257,259,22610,-22.99599813649958,-43.261663703422506,rio de janeiro,29,3507.7200000000003,792.05,14,37
J825_R3_T10,263,265,22640,-23.001267617010637,-43.3355988370672,rio de janeiro,26,4572.5,636.4,15,228
J825_R3_T10,271,273,22725,-22.91150171276762,-43.37652610722419,rio de janeiro,21,3100.99,496.4,16,231
J825_R3_T10,280,282,22755,-22.947502549436848,-43.33814210193203,rio de janeiro,19,2335.55,368.73,17,289
J825_R3_T10,282,284,22763,-22.949418433889697,-43.38717689639774,rio de janeiro,15,2140.27,326.47,18,256
J825_R3_T10,290,292,22783,-22.984082408782115,-43.44889019919411,rio de janeiro,44,5413.76,990.75,19,59
J825_R3_T10,293,295,22793,-23.00061899109568,-43.40471828456725,rio de janeiro,116,16054.06,2801.79,20,116
J825_R3_T10,294,296,22795,-23.020470737334893,-43.46265642068304,rio de janeiro,68,8942.54,1343.94,21,204
J825_R3_T10,310,312,23035,-22.945894102935657,-43.594457021538446,rio de janeiro,12,2189.19,354.29,22,71
J825_R3_T10,317,319,23052,-22.906619343447986,-43.55224985960651,rio de janeiro,18,3617.71,855.81,23,182
J825_R3_T10,323,325,23060,-22.896089584185965,-43.59889671190928,rio de janeiro,24,4553.76,519.86,24,224
J825_R3_T10,345,347,23092,-22.87085601200714,-43.54384874896292,rio de janeiro,22,3447.42,542.24,25,122
J825_R3_T10,355,357,23530,-22.97383432126233,-43.6810761924786,rio de janeiro,8,966.25,156.52,26,73
J825_R3_T10,361,363,23555,-22.91750488776345,-43.69308722014739,rio de janeiro,6,1248.11,135.51,27,49
J825_R3_T10,365,367,23573,-22.913149027532867,-43.65356967363749,rio de janeiro,5,736.48,99.39,28,119
J825_R3_T10,375,377,23820,-22.862780471644363,-43.78526762819197,itaguai,4,522.4,106.66,29,46
J825_R3_T10,386,388,23894,-22.74100679492528,-43.6998298199384,seropedica,9,820.27,181.35,30,33
J825_R3_T10,394,396,24060,-22.88593419631651,-43.1106543708203,niteroi,9,1055.94,207.37,31,552
J825_R3_T10,409,411,24315,-22.901684792085454,-43.06891496088816,niteroi,22,2712.0,439.89,32,120
J825_R3_T10,420,422,24355,-22.9411555966564,-43.043134176624925,niteroi,11,1544.7,383.66,33,153
J825_R3_T10,428,431,24416,-22.840098124434224,-43.06778333387412,sao goncalo,13,1308.23,266.14,34,128
J825_R3_T10,442,445,24451,-22.829351276710405,-43.01399541493803,sao goncalo,19,2965.75,581.23,35,167
J825_R3_T10,468,471,24725,-22.811456217228336,-42.97220863173352,sao goncalo,4,1169.4,82.64,36,66
J825_R3_T10,490,493,24756,-22.88593339499682,-43.011983104667294,sao goncalo,10,1781.88,224.75,37,50
J825_R3_T10,494,497,24804,-22.747090526611107,-42.84342210737453,itaborai,3,269.70000000000005,59.760000000000005,38,47
J825_R3_T10,507,510,24890,-22.73521870942802,-42.727847609078914,tangua,6,504.88,131.16,39,6
J825_R3_T10,510,513,24902,-22.92700535031622,-42.8293157127626,marica,2,187.8,26.94,40,60
J825_R3_T10,521,524,24922,-22.94856570290517,-42.70343236618995,marica,2,78.9,30.700000000000003,41,2
J825_R3_T10,525,528,24934,-22.946221164792775,-42.88645951724069,marica,3,698.74,73.75999999999999,42,53
J825_R3_T10,539,542,25035,-22.755338688692213,-43.308531682770784,duque de caxias,14,1404.55,386.23,43,108
J825_R3_T10,561,564,25215,-22.682590790490558,-43.27404135699872,duque de caxias,4,199.72,92.26,44,47
J825_R3_T10,579,582,25261,-22.64530376193324,-43.26203372616665,duque de caxias,6,316.48,128.69,45,75
J825_R3_T10,601,604,25565,-22.78315358395092,-43.35979003562612,sao joao de meriti,5,598.79,63.94,46,119
J825_R3_T10,610,613,25615,-22.496114223843747,-43.15620443994322,petropolis,9,2496.53,296.70000000000005,47,47
J825_R3_T10,619,622,25655,-22.52044984882392,-43.19101234595281,petropolis,20,3301.56,682.1800000000001,48,126
J825_R3_T10,630,633,25730,-22.408608081087024,-43.13140914649253,petropolis,18,2144.82,552.5,49,46
J825_R3_T10,633,636,25750,-22.33852928975817,-43.12899883949998,petropolis,10,1118.48,243.37,50,15
J825_R3_T10,639,642,25904,-22.65181465633809,-43.05361261025339,mage,1,1499.99,21.76,51,47
J825_R3_T10,655,658,25935,-22.615933155012947,-43.17975719830376,mage,15,1657.62,241.65,52,58
J825_R3_T10,662,665,25946,-22.527718078493137,-42.97826627951071,guapimirim,11,1815.77,266.41,53,21
J825_R3_T10,685,688,26060,-22.70596026208645,-43.44426093479684,nova iguacu,6,722.87,123.07,54,68
J825_R3_T10,698,701,26112,-22.748890763540413,-43.40218859295182,belford roxo,6,661.59,105.54,55,84
J825_R3_T10,720,723,26183,-22.71884157108849,-43.3359503631358,belford roxo,8,635.5600000000001,131.82,56,46
J825_R3_T10,728,731,26216,-22.751111606071024,-43.46011896476947,nova iguacu,3,104.39,44.68,57,225
J825_R3_T10,748,751,26278,-22.750950306589704,-43.5104936361956,nova iguacu,3,103.89,29.92,58,90
J825_R3_T10,770,773,26323,-22.721880392950524,-43.56120106689918,queimados,6,889.7,121.63,59,90
J825_R3_T10,817,820,26582,-22.791786349943763,-43.41589366647349,mesquita,5,832.5,116.71,60,186
J825_R3_T10,821,824,26600,-22.61483382699214,-43.705683375748585,paracambi,35,6571.96,944.27,61,49
J825_R3_T10,822,825,28680,-22.470849051492323,-42.657121037845286,cachoeiras de macacu,19,1819.26,363.9,62,19
J825_R3_T10,823,826,28695,-22.60367916043864,-42.74073968432629,cachoeiras de macacu,1,99.0,22.16,63,1
J825_R3_T10,824,827,28800,-22.711927870432564,-42.63004113951235,rio bonito,27,4352.11,594.18,64,27
J825_R3_T8,18,18,20210,-22.90869650356516,-43.201016378284464,rio de janeiro,7,594.0,175.75,0,624
J825_R3_T8,43,43,20560,-22.91863600041784,-43.25724486396328,rio de janeiro,46,5146.81,931.39,1,616
J825_R3_T8,55,55,20755,-22.888719129958837,-43.29710870135924,rio de janeiro,8,500.8,141.18,2,330
J825_R3_T8,67,67,20911,-22.89314885311464,-43.242201014642525,rio de janeiro,8,552.91,168.74,3,112
J825_R3_T8,88,88,21030,-22.850002554499312,-43.263354020176415,rio de janeiro,3,1057.95,259.59,4,210
J825_R3_T8,115,115,21250,-22.824619091439565,-43.30674667488387,rio de janeiro,22,2381.1600000000003,412.28,5,246
J825_R3_T8,125,125,21351,-22.87044820264357,-43.34296526816304,rio de janeiro,10,989.37,199.57,6,273
J825_R3_T8,157,157,21665,-22.83427156601059,-43.377978641515625,rio de janeiro,1,69.99,19.46,7,110
J825_R3_T8,169,169,21745,-22.879549301241177,-43.41011862496182,rio de janeiro,8,978.35,163.75,8,96
J825_R3_T8,184,184,21833,-22.8814818751053,-43.49448328547964,rio de janeiro,3,455.48,98.36,9,91
J825_R3_T8,199,199,21875,-22.873409010490445,-43.4537411569272,rio de janeiro,2,864.8,99.45,10,111
J825_R3_T8,203,203,21921,-22.8083044291334,-43.18564856697721,rio de janeiro,13,1134.38,262.78,11,147
J825_R3_T8,239,240,22280,-22.95440868548141,-43.185650031057385,rio de janeiro,29,6348.01,611.01,12,942
J825_R3_T8,246,248,22430,-22.98210232841188,-43.22013314970181,rio de janeiro,35,9180.71,962.56,13,457
J825_R3_T8,257,259,22610,-22.99599813649958,-43.261663703422506,rio de janeiro,29,3507.7200000000003,792.05,14,37
J825_R3_T8,263,265,22640,-23.001267617010637,-43.3355988370672,rio de janeiro,26,4572.5,636.4,15,228
J825_R3_T8,271,273,22725,-22.91150171276762,-43.37652610722419,rio de janeiro,21,3100.99,496.4,16,231
J825_R3_T8,278,280,22750,-22.94338467090066,-43.33437919544068,rio de janeiro,49,5831.01,1195.26,17,288
J825_R3_T8,282,284,22763,-22.949418433889697,-43.38717689639774,rio de janeiro,15,2140.27,326.47,18,257
J825_R3_T8,290,292,22783,-22.984082408782115,-43.44889019919411,rio de janeiro,44,5413.76,990.75,19,59
J825_R3_T8,293,295,22793,-23.00061899109568,-43.40471828456725,rio de janeiro,116,16054.06,2801.79,20,116
J825_R3_T8,294,296,22795,-23.020470737334893,-43.46265642068304,rio de janeiro,68,8942.54,1343.94,21,204
J825_R3_T8,307,309,23031,-22.964378631240205,-43.61186736926677,rio de janeiro,6,471.79,80.62,22,80
J825_R3_T8,313,315,23042,-22.92777932523722,-43.554503392883646,rio de janeiro,10,886.46,171.69,23,134
J825_R3_T8,323,325,23060,-22.896089584185965,-43.59889671190928,rio de janeiro,24,4553.76,519.86,24,236
J825_R3_T8,343,345,23088,-22.88543771705454,-43.54971957423268,rio de janeiro,13,1481.53,335.76,25,149
J825_R3_T8,355,357,23530,-22.97383432126233,-43.6810761924786,rio de janeiro,8,966.25,156.52,26,54
J825_R3_T8,361,363,23555,-22.91750488776345,-43.69308722014739,rio de janeiro,6,1248.11,135.51,27,49
J825_R3_T8,365,367,23573,-22.913149027532867,-43.65356967363749,rio de janeiro,5,736.48,99.39,28,119
J825_R3_T8,375,377,23820,-22.862780471644363,-43.78526762819197,itaguai,4,522.4,106.66,29,46
J825_R3_T8,384,386,23890,-22.787688375690134,-43.64890166112607,seropedica,3,218.6,62.87,30,25
J825_R3_T8,387,389,23895,-22.746274001626645,-43.708503424610186,seropedica,9,1833.81,411.09,31,20
J825_R3_T8,394,396,24060,-22.88593419631651,-43.1106543708203,niteroi,9,1055.94,207.37,32,552
J825_R3_T8,409,411,24315,-22.901684792085454,-43.06891496088816,niteroi,22,2712.0,439.89,33,120
J825_R3_T8,420,422,24355,-22.9411555966564,-43.043134176624925,niteroi,11,1544.7,383.66,34,153
J825_R3_T8,428,431,24416,-22.840098124434224,-43.06778333387412,sao goncalo,13,1308.23,266.14,35,128
J825_R3_T8,442,445,24451,-22.829351276710405,-43.01399541493803,sao goncalo,19,2965.75,581.23,36,168
J825_R3_T8,475,478,24736,-22.820033389763783,-42.969922193443765,sao goncalo,5,783.98,78.11,37,62
J825_R3_T8,490,493,24756,-22.88593339499682,-43.011983104667294,sao goncalo,10,1781.88,224.75,38,50
J825_R3_T8,491,494,24800,-22.74248129310771,-42.85721075258665,itaborai,10,1027.89,195.82,39,50
J825_R3_T8,507,510,24890,-22.73521870942802,-42.727847609078914,tangua,6,504.88,131.16,40,6
J825_R3_T8,510,513,24902,-22.92700535031622,-42.8293157127626,marica,2,187.8,26.94,41,60
J825_R3_T8,521,524,24922,-22.94856570290517,-42.70343236618995,marica,2,78.9,30.700000000000003,42,2
J825_R3_T8,525,528,24934,-22.946221164792775,-42.88645951724069,marica,3,698.74,73.75999999999999,43,53
J825_R3_T8,539,542,25035,-22.755338688692213,-43.308531682770784,duque de caxias,14,1404.55,386.23,44,108
J825_R3_T8,557,560,25211,-22.67066808633434,-43.26255563331919,duque de caxias,3,649.9,94.62,45,80
J825_R3_T8,574,577,25250,-22.60728606434383,-43.29857473776487,duque de caxias,13,1324.26,320.51,46,20
J825_R3_T8,601,604,25565,-22.78315358395092,-43.35979003562612,sao joao de meriti,5,598.79,63.94,47,119
J825_R3_T8,610,613,25615,-22.496114223843747,-43.15620443994322,petropolis,9,2496.53,296.70000000000005,48,47
J825_R3_T8,619,622,25655,-22.52044984882392,-43.19101234595281,petropolis,20,3301.56,682.1800000000001,49,126
J825_R3_T8,630,633,25730,-22.408608081087024,-43.13140914649253,petropolis,18,2144.82,552.5,50,56
J825_R3_T8,634,637,25770,-22.26889273967007,-43.07681259121553,petropolis,5,457.79,154.81,51,5
J825_R3_T8,636,639,25901,-22.648338600540264,-43.0583437917855,mage,9,1310.87,168.63,52,46
J825_R3_T8,655,658,25935,-22.615933155012947,-43.17975719830376,mage,15,1657.62,241.65,53,42
J825_R3_T8,658,661,25938,-22.6545713161462,-43.20333179891331,mage,3,670.2,61.77,54,34
J825_R3_T8,660,663,25943,-22.55101493109428,-42.98442049906716,guapimirim,3,129.9,47.22,55,22
J825_R3_T8,685,688,26060,-22.70596026208645,-43.44426093479684,nova iguacu,6,722.87,123.07,56,68
J825_R3_T8,698,701,26112,-22.748890763540413,-43.40218859295182,belford roxo,6,661.59,105.54,57,84
J825_R3_T8,720,723,26183,-22.71884157108849,-43.3359503631358,belford roxo,8,635.5600000000001,131.82,58,50
J825_R3_T8,728,731,26216,-22.751111606071024,-43.46011896476947,nova iguacu,3,104.39,44.68,59,225
J825_R3_T8,748,751,26278,-22.750950306589704,-43.5104936361956,nova iguacu,3,103.89,29.92,60,105
J825_R3_T8,769,772,26321,-22.7081915940706,-43.57351771589113,queimados,2,228.99,31.46,61,71
J825_R3_T8,817,820,26582,-22.791786349943763,-43.41589366647349,mesquita,5,832.5,116.71,62,186
J825_R3_T8,821,824,26600,-22.61483382699214,-43.705683375748585,paracambi,35,6571.96,944.27,63,49
J825_R3_T8,822,825,28680,-22.470849051492323,-42.657121037845286,cachoeiras de macacu,19,1819.26,363.9,64,19
J825_R3_T8,823,826,28695,-22.60367916043864,-42.74073968432629,cachoeiras de macacu,1,99.0,22.16,65,1
J825_R3_T8,824,827,28800,-22.711927870432564,-42.63004113951235,rio bonito,27,4352.11,594.18,66,27
J825_R3_T6,18,18,20210,-22.90869650356516,-43.201016378284464,rio de janeiro,7,594.0,175.75,0,624
J825_R3_T6,43,43,20560,-22.91863600041784,-43.25724486396328,rio de janeiro,46,5146.81,931.39,1,624
J825_R3_T6,55,55,20755,-22.888719129958837,-43.29710870135924,rio de janeiro,8,500.8,141.18,2,330
J825_R3_T6,67,67,20911,-22.89314885311464,-43.242201014642525,rio de janeiro,8,552.91,168.74,3,112
J825_R3_T6,83,83,21010,-22.82383918425472,-43.3063018523626,rio de janeiro,7,766.58,146.57,4,246
J825_R3_T6,88,88,21030,-22.850002554499312,-43.263354020176415,rio de janeiro,3,1057.95,259.59,5,210
J825_R3_T6,125,125,21351,-22.87044820264357,-43.34296526816304,rio de janeiro,10,989.37,199.57,6,260
J825_R3_T6,156,156,21660,-22.839960552960555,-43.37703910572291,rio de janeiro,7,568.59,186.9,7,131
J825_R3_T6,172,172,21755,-22.88385334415563,-43.41913635549757,rio de janeiro,4,399.69000000000005,78.00999999999999,8,103
J825_R3_T6,185,185,21840,-22.868363814263653,-43.46923216795061,rio de janeiro,6,679.5,174.69,9,147
J825_R3_T6,203,203,21921,-22.8083044291334,-43.18564856697721,rio de janeiro,13,1134.38,262.78,10,147
J825_R3_T6,239,240,22280,-22.95440868548141,-43.185650031057385,rio de janeiro,29,6348.01,611.01,11,942
J825_R3_T6,246,248,22430,-22.98210232841188,-43.22013314970181,rio de janeiro,35,9180.71,962.56,12,486
J825_R3_T6,263,265,22640,-23.001267617010637,-43.3355988370672,rio de janeiro,26,4572.5,636.4,13,228
J825_R3_T6,271,273,22725,-22.91150171276762,-43.37652610722419,rio de janeiro,21,3100.99,496.4,14,241
J825_R3_T6,280,282,22755,-22.947502549436848,-43.33814210193203,rio de janeiro,19,2335.55,368.73,15,289
J825_R3_T6,282,284,22763,-22.949418433889697,-43.38717689639774,rio de janeiro,15,2140.27,326.47,16,256
J825_R3_T6,290,292,22783,-22.984082408782115,-43.44889019919411,rio de janeiro,44,5413.76,990.75,17,59
J825_R3_T6,293,295,22793,-23.00061899109568,-43.40471828456725,rio de janeiro,116,16054.06,2801.79,18,116
J825_R3_T6,294,296,22795,-23.020470737334893,-43.46265642068304,rio de janeiro,68,8942.54,1343.94,19,204
J825_R3_T6,301,303,23020,-23.0049905225767,-43.54784520457546,rio de janeiro,17,2349.81,324.69,20,17
J825_R3_T6,310,312,23035,-22.945894102935657,-43.594457021538446,rio de janeiro,12,2189.19,354.29,21,54
J825_R3_T6,317,319,23052,-22.906619343447986,-43.55224985960651,rio de janeiro,18,3617.71,855.81,22,182
J825_R3_T6,323,325,23060,-22.896089584185965,-43.59889671190928,rio de janeiro,24,4553.76,519.86,23,223
J825_R3_T6,345,347,23092,-22.87085601200714,-43.54384874896292,rio de janeiro,22,3447.42,542.24,24,124
J825_R3_T6,355,357,23530,-22.97383432126233,-43.6810761924786,rio de janeiro,8,966.25,156.52,25,73
J825_R3_T6,361,363,23555,-22.91750488776345,-43.69308722014739,rio de janeiro,6,1248.11,135.51,26,49
J825_R3_T6,365,367,23573,-22.913149027532867,-43.65356967363749,rio de janeiro,5,736.48,99.39,27,119
J825_R3_T6,375,377,23820,-22.862780471644363,-43.78526762819197,itaguai,4,522.4,106.66,28,35
J825_R3_T6,381,383,23831,-22.876635031970025,-43.80985126698182,itaguai,3,234.8,52.26,29,11
J825_R3_T6,387,389,23895,-22.746274001626645,-43.708503424610186,seropedica,9,1833.81,411.09,30,20
J825_R3_T6,389,391,23898,-22.80791081625367,-43.644304412473865,seropedica,8,1063.59,133.13,31,14
J825_R3_T6,394,396,24060,-22.88593419631651,-43.1106543708203,niteroi,9,1055.94,207.37,32,552
J825_R3_T6,409,411,24315,-22.901684792085454,-43.06891496088816,niteroi,22,2712.0,439.89,33,120
J825_R3_T6,420,422,24355,-22.9411555966564,-43.043134176624925,niteroi,11,1544.7,383.66,34,137
J825_R3_T6,428,431,24416,-22.840098124434224,-43.06778333387412,sao goncalo,13,1308.23,266.14,35,128
J825_R3_T6,442,445,24451,-22.829351276710405,-43.01399541493803,sao goncalo,19,2965.75,581.23,36,168
J825_R3_T6,475,478,24736,-22.820033389763783,-42.969922193443765,sao goncalo,5,783.98,78.11,37,56
J825_R3_T6,490,493,24756,-22.88593339499682,-43.011983104667294,sao goncalo,10,1781.88,224.75,38,50
J825_R3_T6,492,495,24801,-22.7395793666599,-42.84701335677763,itaborai,2,254.98,41.36,39,38
J825_R3_T6,502,505,24856,-22.75807913856637,-42.91063311206234,itaborai,1,145.0,15.76,40,18
J825_R3_T6,507,510,24890,-22.73521870942802,-42.727847609078914,tangua,6,504.88,131.16,41,6
J825_R3_T6,510,513,24902,-22.92700535031622,-42.8293157127626,marica,2,187.8,26.94,42,60
J825_R3_T6,521,524,24922,-22.94856570290517,-42.70343236618995,marica,2,78.9,30.700000000000003,43,2
J825_R3_T6,531,534,24942,-22.93102569180272,-42.92272114486791,marica,5,378.47,78.97999999999999,44,69
J825_R3_T6,539,542,25035,-22.755338688692213,-43.308531682770784,duque de caxias,14,1404.55,386.23,45,108
J825_R3_T6,557,560,25211,-22.67066808633434,-43.26255563331919,duque de caxias,3,649.9,94.62,46,94
J825_R3_T6,574,577,25250,-22.60728606434383,-43.29857473776487,duque de caxias,13,1324.26,320.51,47,20
J825_R3_T6,601,604,25565,-22.78315358395092,-43.35979003562612,sao joao de meriti,5,598.79,63.94,48,123
J825_R3_T6,610,613,25615,-22.496114223843747,-43.15620443994322,petropolis,9,2496.53,296.70000000000005,49,47
J825_R3_T6,619,622,25655,-22.52044984882392,-43.19101234595281,petropolis,20,3301.56,682.1800000000001,50,126
J825_R3_T6,629,632,25725,-22.427894024726776,-43.20138979903541,petropolis,3,345.89,55.44,51,3
J825_R3_T6,630,633,25730,-22.408608081087024,-43.13140914649253,petropolis,18,2144.82,552.5,52,33
J825_R3_T6,631,634,25740,-22.374645351841945,-43.12909370218015,petropolis,4,350.20000000000005,103.3,53,20
J825_R3_T6,634,637,25770,-22.26889273967007,-43.07681259121553,petropolis,5,457.79,154.81,54,5
J825_R3_T6,640,643,25905,-22.661390928999936,-43.03525083599993,mage,2,204.75000000000003,71.47,55,38
J825_R3_T6,644,647,25912,-22.57019403842886,-43.058745435694526,mage,1,64.99,27.51,56,8
J825_R3_T6,647,650,25922,-22.66003863059351,-43.1347885471764,mage,6,602.49,134.8,57,22
J825_R3_T6,655,658,25935,-22.615933155012947,-43.17975719830376,mage,15,1657.62,241.65,58,45
J825_R3_T6,662,665,25946,-22.527718078493137,-42.97826627951071,guapimirim,11,1815.77,266.41,59,17
J825_R3_T6,685,688,26060,-22.70596026208645,-43.44426093479684,nova iguacu,6,722.87,123.07,60,68
J825_R3_T6,698,701,26112,-22.748890763540413,-43.40218859295182,belford roxo,6,661.59,105.54,61,84
J825_R3_T6,720,723,26183,-22.71884157108849,-43.3359503631358,belford roxo,8,635.5600000000001,131.82,62,50
J825_R3_T6,728,731,26216,-22.751111606071024,-43.46011896476947,nova iguacu,3,104.39,44.68,63,225
J825_R3_T6,748,751,26278,-22.750950306589704,-43.5104936361956,nova iguacu,3,103.89,29.92,64,90
J825_R3_T6,759,762,26296,-22.80012558975328,-43.59358340822262,nova iguacu,3,1570.89,98.69,65,12
J825_R3_T6,770,773,26323,-22.721880392950524,-43.56120106689918,queimados,6,889.7,121.63,66,65
J825_R3_T6,780,783,26423,-22.6809778671,-43.61135654272859,japeri,1,75.0,14.7,67,33
J825_R3_T6,817,820,26582,-22.791786349943763,-43.41589366647349,mesquita,5,832.5,116.71,68,191
J825_R3_T6,821,824,26600,-22.61483382699214,-43.705683375748585,paracambi,35,6571.96,944.27,69,37
J825_R3_T6,822,825,28680,-22.470849051492323,-42.657121037845286,cachoeiras de macacu,19,1819.26,363.9,70,19
J825_R3_T6,823,826,28695,-22.60367916043864,-42.74073968432629,cachoeiras de macacu,1,99.0,22.16,71,1
J825_R3_T6,824,827,28800,-22.711927870432564,-42.63004113951235,rio bonito,27,4352.11,594.18,72,27
J825_R3_T5,18,18,20210,-22.90869650356516,-43.201016378284464,rio de janeiro,7,594.0,175.75,0,624
J825_R3_T5,43,43,20560,-22.91863600041784,-43.25724486396328,rio de janeiro,46,5146.81,931.39,1,624
J825_R3_T5,55,55,20755,-22.888719129958837,-43.29710870135924,rio de janeiro,8,500.8,141.18,2,325
J825_R3_T5,67,67,20911,-22.89314885311464,-43.242201014642525,rio de janeiro,8,552.91,168.74,3,112
J825_R3_T5,83,83,21010,-22.82383918425472,-43.3063018523626,rio de janeiro,7,766.58,146.57,4,246
J825_R3_T5,103,103,21073,-22.850770856037,-43.27052152360208,rio de janeiro,26,3602.91,547.63,5,215
J825_R3_T5,125,125,21351,-22.87044820264357,-43.34296526816304,rio de janeiro,10,989.37,199.57,6,260
J825_R3_T5,156,156,21660,-22.839960552960555,-43.37703910572291,rio de janeiro,7,568.59,186.9,7,131
J825_R3_T5,172,172,21755,-22.88385334415563,-43.41913635549757,rio de janeiro,4,399.69000000000005,78.00999999999999,8,103
J825_R3_T5,185,185,21840,-22.868363814263653,-43.46923216795061,rio de janeiro,6,679.5,174.69,9,147
J825_R3_T5,203,203,21921,-22.8083044291334,-43.18564856697721,rio de janeiro,13,1134.38,262.78,10,147
J825_R3_T5,239,240,22280,-22.95440868548141,-43.185650031057385,rio de janeiro,29,6348.01,611.01,11,942
J825_R3_T5,246,248,22430,-22.98210232841188,-43.22013314970181,rio de janeiro,35,9180.71,962.56,12,486
J825_R3_T5,263,265,22640,-23.001267617010637,-43.3355988370672,rio de janeiro,26,4572.5,636.4,13,228
J825_R3_T5,271,273,22725,-22.91150171276762,-43.37652610722419,rio de janeiro,21,3100.99,496.4,14,241
J825_R3_T5,280,282,22755,-22.947502549436848,-43.33814210193203,rio de janeiro,19,2335.55,368.73,15,289
J825_R3_T5,282,284,22763,-22.949418433889697,-43.38717689639774,rio de janeiro,15,2140.27,326.47,16,256
J825_R3_T5,290,292,22783,-22.984082408782115,-43.44889019919411,rio de janeiro,44,5413.76,990.75,17,59
J825_R3_T5,292,294,22790,-23.01298650422646,-43.46551954103294,rio de janeiro,136,21785.21,3014.83,18,204
J825_R3_T5,293,295,22793,-23.00061899109568,-43.40471828456725,rio de janeiro,116,16054.06,2801.79,19,116
J825_R3_T5,301,303,23020,-23.0049905225767,-43.54784520457546,rio de janeiro,17,2349.81,324.69,20,17
J825_R3_T5,302,304,23025,-22.99046924798533,-43.61550570181899,rio de janeiro,4,623.88,101.11,21,49
J825_R3_T5,313,315,23042,-22.92777932523722,-43.554503392883646,rio de janeiro,10,886.46,171.69,22,130
J825_R3_T5,334,336,23073,-22.88998422832266,-43.57939758303769,rio de janeiro,11,1612.76,212.03,23,254
J825_R3_T5,346,348,23093,-22.87751529574331,-43.53029348075376,rio de janeiro,11,1735.58,308.77,24,116
J825_R3_T5,351,353,23510,-22.91973437055113,-43.67148457968753,rio de janeiro,7,745.28,165.57,25,121
J825_R3_T5,355,357,23530,-22.97383432126233,-43.6810761924786,rio de janeiro,8,966.25,156.52,26,49
J825_R3_T5,367,369,23580,-22.911119400069488,-43.62264162522756,rio de janeiro,13,1938.17,278.05,27,105
J825_R3_T5,375,377,23820,-22.862780471644363,-43.78526762819197,itaguai,4,522.4,106.66,28,35
J825_R3_T5,378,380,23825,-22.885828313712477,-43.82785584819327,itaguai,4,375.05,52.02,29,11
J825_R3_T5,387,389,23895,-22.746274001626645,-43.708503424610186,seropedica,9,1833.81,411.09,30,20
J825_R3_T5,389,391,23898,-22.80791081625367,-43.644304412473865,seropedica,8,1063.59,133.13,31,13
J825_R3_T5,394,396,24060,-22.88593419631651,-43.1106543708203,niteroi,9,1055.94,207.37,32,552
J825_R3_T5,409,411,24315,-22.901684792085454,-43.06891496088816,niteroi,22,2712.0,439.89,33,125
J825_R3_T5,420,422,24355,-22.9411555966564,-43.043134176624925,niteroi,11,1544.7,383.66,34,135
J825_R3_T5,428,431,24416,-22.840098124434224,-43.06778333387412,sao goncalo,13,1308.23,266.14,35,126
J825_R3_T5,444,447,24455,-22.80878018901832,-43.0258667651288,sao goncalo,7,966.38,171.54000000000002,36,129
J825_R3_T5,475,478,24736,-22.820033389763783,-42.969922193443765,sao goncalo,5,783.98,78.11,37,65
J825_R3_T5,485,488,24751,-22.86782548778561,-43.002749069555286,sao goncalo,10,1346.01,208.28,38,77
J825_R3_T5,492,495,24801,-22.7395793666599,-42.84701335677763,itaborai,2,254.98,41.36,39,39
J825_R3_T5,505,508,24866,-22.73373117887529,-42.93276530734327,itaborai,2,95.9,33.52,40,17
J825_R3_T5,507,510,24890,-22.73521870942802,-42.727847609078914,tangua,6,504.88,131.16,41,6
J825_R3_T5,510,513,24902,-22.92700535031622,-42.8293157127626,marica,2,187.8,26.94,42,60
J825_R3_T5,521,524,24922,-22.94856570290517,-42.70343236618995,marica,2,78.9,30.700000000000003,43,2
J825_R3_T5,527,530,24936,-22.954278207609654,-42.96711894755224,marica,16,2305.71,344.86,44,24
J825_R3_T5,531,534,24942,-22.93102569180272,-42.92272114486791,marica,5,378.47,78.97999999999999,45,47
J825_R3_T5,539,542,25035,-22.755338688692213,-43.308531682770784,duque de caxias,14,1404.55,386.23,46,108
J825_R3_T5,557,560,25211,-22.67066808633434,-43.26255563331919,duque de caxias,3,649.9,94.62,47,85
J825_R3_T5,574,577,25250,-22.60728606434383,-43.29857473776487,duque de caxias,13,1324.26,320.51,48,20
J825_R3_T5,601,604,25565,-22.78315358395092,-43.35979003562612,sao joao de meriti,5,598.79,63.94,49,123
J825_R3_T5,610,613,25615,-22.496114223843747,-43.15620443994322,petropolis,9,2496.53,296.70000000000005,50,47
J825_R3_T5,619,622,25655,-22.52044984882392,-43.19101234595281,petropolis,20,3301.56,682.1800000000001,51,126
J825_R3_T5,629,632,25725,-22.427894024726776,-43.20138979903541,petropolis,3,345.89,55.44,52,3
J825_R3_T5,630,633,25730,-22.408608081087024,-43.13140914649253,petropolis,18,2144.82,552.5,53,43
J825_R3_T5,633,636,25750,-22.33852928975817,-43.12899883949998,petropolis,10,1118.48,243.37,54,10
J825_R3_T5,634,637,25770,-22.26889273967007,-43.07681259121553,petropolis,5,457.79,154.81,55,5
J825_R3_T5,644,647,25912,-22.57019403842886,-43.058745435694526,mage,1,64.99,27.51,56,8
J825_R3_T5,647,650,25922,-22.66003863059351,-43.1347885471764,mage,6,602.49,134.8,57,13
J825_R3_T5,650,653,25928,-22.63601681822644,-43.02534331618508,mage,1,379.8,38.42,58,38
J825_R3_T5,651,654,25930,-22.68358467046409,-43.160534715770886,mage,1,89.9,16.39,59,10
J825_R3_T5,656,659,25936,-22.62086490867415,-43.19203787685941,mage,2,102.0,38.98,60,53
J825_R3_T5,662,665,25946,-22.527718078493137,-42.97826627951071,guapimirim,11,1815.77,266.41,61,17
J825_R3_T5,682,685,26051,-22.69370930904985,-43.45569367309577,nova iguacu,6,353.46,166.92,62,61
J825_R3_T5,692,695,26084,-22.7288301166658,-43.51662859381047,nova iguacu,3,174.99,47.4,63,47
J825_R3_T5,698,701,26112,-22.748890763540413,-43.40218859295182,belford roxo,6,661.59,105.54,64,84
J825_R3_T5,720,723,26183,-22.71884157108849,-43.3359503631358,belford roxo,8,635.5600000000001,131.82,65,50
J825_R3_T5,728,731,26216,-22.751111606071024,-43.46011896476947,nova iguacu,3,104.39,44.68,66,232
J825_R3_T5,743,746,26271,-22.76538805577464,-43.513740263369385,nova iguacu,3,551.96,46.46,67,59
J825_R3_T5,760,763,26297,-22.81315246690653,-43.58884053145267,nova iguacu,3,503.8,76.75,68,13
J825_R3_T5,768,771,26320,-22.70950681506173,-43.580279131181264,queimados,3,211.8,54.3,69,66
J825_R3_T5,785,788,26440,-22.6438955448154,-43.64300824279504,japeri,4,252.61,78.17,70,18
J825_R3_T5,817,820,26582,-22.791786349943763,-43.41589366647349,mesquita,5,832.5,116.71,71,191
J825_R3_T5,821,824,26600,-22.61483382699214,-43.705683375748585,paracambi,35,6571.96,944.27,72,35
J825_R3_T5,822,825,28680,-22.470849051492323,-42.657121037845286,cachoeiras de macacu,19,1819.26,363.9,73,19
J825_R3_T5,823,826,28695,-22.60367916043864,-42.74073968432629,cachoeiras de macacu,1,99.0,22.16,74,1
J825_R3_T5,824,827,28800,-22.711927870432564,-42.63004113951235,rio bonito,27,4352.11,594.18,75,27
J825_R5_Tnone,78,78,20961,-22.89892108854126,-43.26048783057711,rio de janeiro,3,432.6,49.49,0,1113
J825_R5_Tnone,84,84,21011,-22.827727546600816,-43.2864223207302,rio de janeiro,16,1599.55,367.77,1,412
J825_R5_Tnone,125,125,21351,-22.87044820264357,-43.34296526816304,rio de janeiro,10,989.37,199.57,2,461
J825_R5_Tnone,165,165,21730,-22.86435505255422,-43.434757144170185,rio de janeiro,7,1069.07,227.05,3,243
J825_R5_Tnone,207,207,21940,-22.81388871143013,-43.20247749638257,rio de janeiro,30,3367.0,655.43,4,147
J825_R5_Tnone,232,233,22245,-22.941061091973182,-43.191231191173394,rio de janeiro,15,1801.77,281.29,5,1522
J825_R5_Tnone,250,252,22450,-22.986493696399247,-43.23306806247369,rio de janeiro,39,5424.54,867.01,6,462
J825_R5_Tnone,264,266,22641,-22.986105098852665,-43.31152067063231,rio de janeiro,6,650.19,204.85,7,282
J825_R5_Tnone,265,267,22710,-22.934576022997884,-43.37578841332682,rio de janeiro,51,6493.0,1202.51,8,665
J825_R5_Tnone,290,292,22783,-22.984082408782115,-43.44889019919411,rio de janeiro,44,5413.76,990.75,9,379
J825_R5_Tnone,295,297,23010,-22.885872200386764,-43.51372891804045,rio de janeiro,10,2100.65,230.17,10,215
J825_R5_Tnone,308,310,23032,-22.972563998366837,-43.64295047031437,rio de janeiro,11,3148.59,275.8,11,95
J825_R5_Tnone,321,323,23058,-22.914787266177115,-43.59078039553711,rio de janeiro,10,1053.19,194.85,12,466
J825_R5_Tnone,360,362,23550,-22.930711174851965,-43.68946380025854,rio de janeiro,16,2308.07,295.82,13,141
J825_R5_Tnone,381,383,23831,-22.876635031970025,-43.80985126698182,itaguai,3,234.8,52.26,14,46
J825_R5_Tnone,399,401,24120,-22.88327023685682,-43.09227400558896,niteroi,36,4472.32,898.24,15,685
J825_R5_Tnone,418,420,24348,-22.970402738373885,-43.03213294708582,niteroi,5,414.14,88.77,16,137
J825_R5_Tnone,431,434,24421,-22.83065608217072,-43.04204141088677,sao goncalo,8,610.98,144.78,17,235
J825_R5_Tnone,483,486,24746,-22.83906700788218,-42.98789279135017,sao goncalo,2,121.9,32.730000000000004,18,145
J825_R5_Tnone,498,501,24813,-22.75411758328793,-42.88883553024611,itaborai,1,260.0,37.42,19,113
J825_R5_Tnone,517,520,24914,-22.92345398569025,-42.85760247749489,marica,7,646.25,171.55,20,86
J825_R5_Tnone,529,532,24940,-22.92600502136488,-42.940013982950965,marica,2,254.0,69.69,21,54
J825_R5_Tnone,541,544,25040,-22.74090063654044,-43.31546716030017,duque de caxias,9,552.3,144.53,22,172
J825_R5_Tnone,584,587,25268,-22.652696249418973,-43.2761256498613,duque de caxias,5,531.85,130.26999999999998,23,106
J825_R5_Tnone,595,598,25540,-22.784015528679777,-43.39703232529075,sao joao de meriti,5,518.6,107.96,24,381
J825_R5_Tnone,625,628,25685,-22.50813163708028,-43.18141468751699,petropolis,9,647.68,192.5,25,256
J825_R5_Tnone,656,659,25936,-22.62086490867415,-43.19203787685941,mage,2,102.0,38.98,26,112
J825_R5_Tnone,673,676,26030,-22.72927766291159,-43.46322545433846,nova iguacu,9,1362.08,183.65,27,321
J825_R5_Tnone,772,775,26330,-22.73569440043516,-43.542197211853576,queimados,2,224.9,42.96,28,239
J825_R5_T15,78,78,20961,-22.89892108854126,-43.26048783057711,rio de janeiro,3,432.6,49.49,0,1113
J825_R5_T15,106,106,21215,-22.833788776762518,-43.29604433389999,rio de janeiro,18,2058.83,338.4,1,408
J825_R5_T15,125,125,21351,-22.87044820264357,-43.34296526816304,rio de janeiro,10,989.37,199.57,2,460
J825_R5_T15,165,165,21730,-22.86435505255422,-43.434757144170185,rio de janeiro,7,1069.07,227.05,3,243
J825_R5_T15,207,207,21940,-22.81388871143013,-43.20247749638257,rio de janeiro,30,3367.0,655.43,4,147
J825_R5_T15,232,233,22245,-22.941061091973182,-43.191231191173394,rio de janeiro,15,1801.77,281.29,5,1522
J825_R5_T15,251,253,22451,-22.97841522971715,-43.23772919271784,rio de janeiro,56,9533.01,1393.15,6,462
J825_R5_T15,264,266,22641,-22.986105098852665,-43.31152067063231,rio de janeiro,6,650.19,204.85,7,282
J825_R5_T15,265,267,22710,-22.934576022997884,-43.37578841332682,rio de janeiro,51,6493.0,1202.51,8,665
J825_R5_T15,290,292,22783,-22.984082408782115,-43.44889019919411,rio de janeiro,44,5413.76,990.75,9,379
J825_R5_T15,295,297,23010,-22.885872200386764,-43.51372891804045,rio de janeiro,10,2100.65,230.17,10,215
J825_R5_T15,308,310,23032,-22.972563998366837,-43.64295047031437,rio de janeiro,11,3148.59,275.8,11,95
J825_R5_T15,322,324,23059,-22.913307945677737,-43.59042985137216,rio de janeiro,16,1443.3,256.62,12,469
J825_R5_T15,360,362,23550,-22.930711174851965,-43.68946380025854,rio de janeiro,16,2308.07,295.82,13,141
J825_R5_T15,381,383,23831,-22.876635031970025,-43.80985126698182,itaguai,3,234.8,52.26,14,46
J825_R5_T15,399,401,24120,-22.88327023685682,-43.09227400558896,niteroi,36,4472.32,898.24,15,697
J825_R5_T15,417,419,24346,-22.94923036239725,-43.02805520804324,niteroi,12,1772.21,432.32,16,170
J825_R5_T15,447,450,24460,-22.814787634492188,-43.04329935349616,sao goncalo,5,521.59,119.52,17,191
J825_R5_T15,483,486,24746,-22.83906700788218,-42.98789279135017,sao goncalo,2,121.9,32.730000000000004,18,182
J825_R5_T15,498,501,24813,-22.75411758328793,-42.88883553024611,itaborai,1,260.0,37.42,19,54
J825_R5_T15,507,510,24890,-22.73521870942802,-42.727847609078914,tangua,6,504.88,131.16,20,36
J825_R5_T15,508,511,24900,-22.919618105516072,-42.83978957558533,marica,14,2316.08,252.07,21,102
J825_R5_T15,540,543,25036,-22.749595823587462,-43.316204756652816,duque de caxias,4,839.89,67.53999999999999,22,186
J825_R5_T15,579,582,25261,-22.64530376193324,-43.26203372616665,duque de caxias,6,316.48,128.69,23,164
J825_R5_T15,595,598,25540,-22.784015528679777,-43.39703232529075,sao joao de meriti,5,518.6,107.96,24,387
J825_R5_T15,611,614,25620,-22.510230788197468,-43.17544387445511,petropolis,14,1920.38,403.78,25,178
J825_R5_T15,631,634,25740,-22.374645351841945,-43.12909370218015,petropolis,4,350.20000000000005,103.3,26,61
J825_R5_T15,650,653,25928,-22.63601681822644,-43.02534331618508,mage,1,379.8,38.42,27,75
J825_R5_T15,674,677,26031,-22.733144913944965,-43.47564299726109,nova iguacu,4,339.29,82.65,28,387
J825_R5_T15,767,770,26316,-22.691702991594585,-43.594666387857934,queimados,1,49.8,14.52,29,106
J825_R5_T15,821,824,26600,-22.61483382699214,-43.705683375748585,paracambi,35,6571.96,944.27,30,49
J825_R5_T15,822,825,28680,-22.470849051492323,-42.657121037845286,cachoeiras de macacu,19,1819.26,363.9,31,19
J825_R5_T10,78,78,20961,-22.89892108854126,-43.26048783057711,rio de janeiro,3,432.6,49.49,0,951
J825_R5_T10,84,84,21011,-22.827727546600816,-43.2864223207302,rio de janeiro,16,1599.55,367.77,1,412
J825_R5_T10,125,125,21351,-22.87044820264357,-43.34296526816304,rio de janeiro,10,989.37,199.57,2,461
J825_R5_T10,165,165,21730,-22.86435505255422,-43.434757144170185,rio de janeiro,7,1069.07,227.05,3,248
J825_R5_T10,202,202,21920,-22.79811558143935,-43.19569772270941,rio de janeiro,25,2088.07,534.94,4,147
J825_R5_T10,231,232,22241,-22.93845834691675,-43.1963680762055,rio de janeiro,15,2430.82,403.03,5,1665
J825_R5_T10,250,252,22450,-22.986493696399247,-43.23306806247369,rio de janeiro,39,5424.54,867.01,6,481
J825_R5_T10,264,266,22641,-22.986105098852665,-43.31152067063231,rio de janeiro,6,650.19,204.85,7,282
J825_R5_T10,265,267,22710,-22.934576022997884,-43.37578841332682,rio de janeiro,51,6493.0,1202.51,8,665
J825_R5_T10,290,292,22783,-22.984082408782115,-43.44889019919411,rio de janeiro,44,5413.76,990.75,9,379
J825_R5_T10,302,304,23025,-22.99046924798533,-43.61550570181899,rio de janeiro,4,623.88,101.11,10,73
J825_R5_T10,321,323,23058,-22.914787266177115,-43.59078039553711,rio de janeiro,10,1053.19,194.85,11,429
J825_R5_T10,347,349,23094,-22.876209770242788,-43.51981673638026,rio de janeiro,9,1068.99,230.87,12,239
J825_R5_T10,360,362,23550,-22.930711174851965,-43.68946380025854,rio de janeiro,16,2308.07,295.82,13,163
J825_R5_T10,381,383,23831,-22.876635031970025,-43.80985126698182,itaguai,3,234.8,52.26,14,46
J825_R5_T10,386,388,23894,-22.74100679492528,-43.6998298199384,seropedica,9,820.27,181.35,15,33
J825_R5_T10,399,401,24120,-22.88327023685682,-43.09227400558896,niteroi,36,4472.32,898.24,16,685
J825_R5_T10,414,416,24340,-22.947654432561997,-43.03365087049761,niteroi,20,2547.8,471.67,17,168
J825_R5_T10,431,434,24421,-22.83065608217072,-43.04204141088677,sao goncalo,8,610.98,144.78,18,323
J825_R5_T10,469,472,24726,-22.78851170276054,-42.958565788861314,sao goncalo,1,151.0,15.72,19,72
J825_R5_T10,500,503,24846,-22.71538558398837,-42.80638584132024,itaborai,2,153.8,30.58,20,47
J825_R5_T10,517,520,24914,-22.92345398569025,-42.85760247749489,marica,7,646.25,171.55,21,107
J825_R5_T10,521,524,24922,-22.94856570290517,-42.70343236618995,marica,2,78.9,30.700000000000003,22,2
J825_R5_T10,541,544,25040,-22.74090063654044,-43.31546716030017,duque de caxias,9,552.3,144.53,23,172
J825_R5_T10,579,582,25261,-22.64530376193324,-43.26203372616665,duque de caxias,6,316.48,128.69,24,119
J825_R5_T10,595,598,25540,-22.784015528679777,-43.39703232529075,sao joao de meriti,5,518.6,107.96,25,368
J825_R5_T10,625,628,25685,-22.50813163708028,-43.18141468751699,petropolis,9,647.68,192.5,26,191
J825_R5_T10,633,636,25750,-22.33852928975817,-43.12899883949998,petropolis,10,1118.48,243.37,27,43
J825_R5_T10,637,640,25902,-22.65954574226225,-43.116827376350194,mage,1,146.0,29.36,28,58
J825_R5_T10,641,644,25907,-22.63855440197675,-43.16000184562523,mage,1,3.54,14.1,29,41
J825_R5_T10,660,663,25943,-22.55101493109428,-42.98442049906716,guapimirim,3,129.9,47.22,30,26
J825_R5_T10,671,674,26022,-22.73223237271496,-43.460676715526674,nova iguacu,10,1023.68,227.59,31,333
J825_R5_T10,772,775,26330,-22.73569440043516,-43.542197211853576,queimados,2,224.9,42.96,32,145
J825_R5_T10,785,788,26440,-22.6438955448154,-43.64300824279504,japeri,4,252.61,78.17,33,70
J825_R5_T10,822,825,28680,-22.470849051492323,-42.657121037845286,cachoeiras de macacu,19,1819.26,363.9,34,19
J825_R5_T10,823,826,28695,-22.60367916043864,-42.74073968432629,cachoeiras de macacu,1,99.0,22.16,35,1
J825_R5_T10,824,827,28800,-22.711927870432564,-42.63004113951235,rio bonito,27,4352.11,594.18,36,27
J825_R5_T8,29,29,20261,-22.92401542829238,-43.213547671608914,rio de janeiro,41,5153.0,968.56,0,1294
J825_R5_T8,57,57,20760,-22.879177245162506,-43.28592690942743,rio de janeiro,4,259.89,63.09,1,683
J825_R5_T8,141,141,21545,-22.8432861377694,-43.34344431819371,rio de janeiro,4,713.58,117.04,2,530
J825_R5_T8,165,165,21730,-22.86435505255422,-43.434757144170185,rio de janeiro,7,1069.07,227.05,3,259
J825_R5_T8,206,206,21932,-22.80486286271774,-43.22572822631956,rio de janeiro,4,789.78,126.70999999999998,4,168
J825_R5_T8,236,237,22261,-22.95721825808972,-43.20026060905936,rio de janeiro,22,2872.95,559.83,5,1329
J825_R5_T8,258,260,22611,-23.008068841447862,-43.29861176534447,rio de janeiro,8,977.64,154.16,6,64
J825_R5_T8,264,266,22641,-22.986105098852665,-43.31152067063231,rio de janeiro,6,650.19,204.85,7,255
J825_R5_T8,265,267,22710,-22.934576022997884,-43.37578841332682,rio de janeiro,51,6493.0,1202.51,8,738
J825_R5_T8,290,292,22783,-22.984082408782115,-43.44889019919411,rio de janeiro,44,5413.76,990.75,9,379
J825_R5_T8,295,297,23010,-22.885872200386764,-43.51372891804045,rio de janeiro,10,2100.65,230.17,10,210
J825_R5_T8,302,304,23025,-22.99046924798533,-43.61550570181899,rio de janeiro,4,623.88,101.11,11,73
J825_R5_T8,322,324,23059,-22.913307945677737,-43.59042985137216,rio de janeiro,16,1443.3,256.62,12,457
J825_R5_T8,360,362,23550,-22.930711174851965,-43.68946380025854,rio de janeiro,16,2308.07,295.82,13,163
J825_R5_T8,381,383,23831,-22.876635031970025,-43.80985126698182,itaguai,3,234.8,52.26,14,46
J825_R5_T8,384,386,23890,-22.787688375690134,-43.64890166112607,seropedica,3,218.6,62.87,15,43
J825_R5_T8,396,398,24110,-22.867915276400392,-43.09960548772942,niteroi,44,4099.18,844.6800000000001,16,648
J825_R5_T8,413,415,24330,-22.901199547746405,-42.991174595669065,niteroi,9,775.0,171.04,17,100
J825_R5_T8,419,421,24350,-22.94061686421916,-43.06545401112341,niteroi,36,6386.06,1229.22,18,214
J825_R5_T8,441,444,24450,-22.82316908005648,-43.02002823624667,sao goncalo,11,1065.59,167.62,19,283
J825_R5_T8,497,500,24812,-22.75019628085652,-42.87187716603211,itaborai,6,1169.7,194.99,20,56
J825_R5_T8,507,510,24890,-22.73521870942802,-42.727847609078914,tangua,6,504.88,131.16,21,6
J825_R5_T8,517,520,24914,-22.92345398569025,-42.85760247749489,marica,7,646.25,171.55,22,95
J825_R5_T8,521,524,24922,-22.94856570290517,-42.70343236618995,marica,2,78.9,30.700000000000003,23,2
J825_R5_T8,540,543,25036,-22.749595823587462,-43.316204756652816,duque de caxias,4,839.89,67.53999999999999,24,197
J825_R5_T8,576,579,25253,-22.612060153892077,-43.28185276890751,duque de caxias,2,96.0,45.620000000000005,25,72
J825_R5_T8,625,628,25685,-22.50813163708028,-43.18141468751699,petropolis,9,647.68,192.5,26,173
J825_R5_T8,630,633,25730,-22.408608081087024,-43.13140914649253,petropolis,18,2144.82,552.5,27,56
J825_R5_T8,634,637,25770,-22.26889273967007,-43.07681259121553,petropolis,5,457.79,154.81,28,5
J825_R5_T8,638,641,25903,-22.641865834980965,-43.07245208309176,mage,3,289.88,49.1,29,53
J825_R5_T8,658,661,25938,-22.6545713161462,-43.20333179891331,mage,3,670.2,61.77,30,92
J825_R5_T8,660,663,25943,-22.55101493109428,-42.98442049906716,guapimirim,3,129.9,47.22,31,22
J825_R5_T8,676,679,26033,-22.722956089481777,-43.4618987093067,nova iguacu,1,29.0,14.52,32,287
J825_R5_T8,772,775,26330,-22.73569440043516,-43.542197211853576,queimados,2,224.9,42.96,33,148
J825_R5_T8,783,786,26433,-22.650250797954484,-43.65355119895557,japeri,4,478.89,123.43,34,71
J825_R5_T8,815,818,26574,-22.77767719983202,-43.4038669735974,mesquita,4,671.2,181.0,35,373
J825_R5_T8,822,825,28680,-22.470849051492323,-42.657121037845286,cachoeiras de macacu,19,1819.26,363.9,36,19
J825_R5_T8,823,826,28695,-22.60367916043864,-42.74073968432629,cachoeiras de macacu,1,99.0,22.16,37,1
J825_R5_T8,824,827,28800,-22.711927870432564,-42.63004113951235,rio bonito,27,4352.11,594.18,38,27
J825_R10_Tnone,71,71,20931,-22.880476502680093,-43.21772315263865,rio de janeiro,11,1466.49,213.49,0,1501
J825_R10_Tnone,154,154,21650,-22.816850689474528,-43.374314532417216,rio de janeiro,5,475.78,128.24,1,1282
J825_R10_Tnone,234,235,22251,-22.945344203574265,-43.185010548945066,rio de janeiro,35,8114.360000000001,858.26,2,2091
J825_R10_Tnone,287,289,22775,-22.969148201152677,-43.38306523796816,rio de janeiro,103,16328.19,2747.87,3,1380
J825_R10_Tnone,300,302,23017,-22.91957476261591,-43.52855570225305,rio de janeiro,16,1662.23,445.83,4,733
J825_R10_Tnone,363,365,23565,-22.897761741341185,-43.69665951306267,rio de janeiro,2,76.99000000000001,37.64,5,360
J825_R10_Tnone,488,491,24754,-22.872354587681084,-43.027432812835386,sao goncalo,6,423.69,120.64,6,1085
J825_R10_Tnone,522,525,24930,-22.92610775291927,-42.89850356371279,marica,4,387.59,79.6,7,203
J825_R10_Tnone,563,566,25223,-22.683322481003053,-43.25395359470418,duque de caxias,2,118.99,34.24,8,287
J825_R10_Tnone,627,630,25715,-22.47150966453406,-43.1620277638875,petropolis,6,572.8,97.59,9,283
J825_R10_Tnone,696,699,26088,-22.709994584521123,-43.52081425760519,nova iguacu,5,417.02,159.08999999999995,10,486
J825_R10_T20,26,26,20250,-22.919337655136697,-43.21247470976231,rio de janeiro,10,1227.65,328.29,0,2867
J825_R10_T20,87,87,21021,-22.84207289300327,-43.265065434319375,rio de janeiro,25,3897.81,520.55,1,1145
J825_R10_T20,287,289,22775,-22.969148201152677,-43.38306523796816,rio de janeiro,103,16328.19,2747.87,2,1478
J825_R10_T20,320,322,23057,-22.917530927853,-43.52832489679447,rio de janeiro,7,452.59,193.23,3,616
J825_R10_T20,365,367,23573,-22.913149027532867,-43.65356967363749,rio de janeiro,5,736.48,99.39,4,464
J825_R10_T20,412,414,24325,-22.882411375017146,-43.023744808929656,niteroi,3,294.89,99.1,5,1134
J825_R10_T20,517,520,24914,-22.92345398569025,-42.85760247749489,marica,7,646.25,171.55,6,134
J825_R10_T20,563,566,25223,-22.683322481003053,-43.25395359470418,duque de caxias,2,118.99,34.24,7,215
J825_R10_T20,594,597,25535,-22.791159022004333,-43.40261092456814,sao joao de meriti,1,179.99,40.59,8,872
J825_R10_T20,628,631,25720,-22.43222926280023,-43.14086038411682,petropolis,15,1427.66,263.66,9,179
J825_R10_T20,653,656,25932,-22.606414625881992,-43.16479917404288,mage,1,29.5,19.84,10,169
J825_R10_T20,775,778,26382,-22.692331349282565,-43.531816681604255,queimados,1,120.0,16.6,11,342
J825_R10_T20,823,826,28695,-22.60367916043864,-42.74073968432629,cachoeiras de macacu,1,99.0,22.16,12,76
J825_R10_T15,26,26,20250,-22.919337655136697,-43.21247470976231,rio de janeiro,10,1227.65,328.29,0,3024
J825_R10_T15,84,84,21011,-22.827727546600816,-43.2864223207302,rio de janeiro,16,1599.55,367.77,1,1135
J825_R10_T15,287,289,22775,-22.969148201152677,-43.38306523796816,rio de janeiro,103,16328.19,2747.87,2,1489
J825_R10_T15,324,326,23061,-22.908445285088447,-43.60810021286953,rio de janeiro,7,631.73,140.51,3,846
J825_R10_T15,383,385,23855,-22.86387076999147,-43.7592342671893,itaguai,2,59.4,35.02,4,69
J825_R10_T15,412,414,24325,-22.882411375017146,-43.023744808929656,niteroi,3,294.89,99.1,5,1093
J825_R10_T15,501,504,24855,-22.773459679480904,-42.91565441771825,itaborai,3,485.88,69.33,6,94
J825_R10_T15,507,510,24890,-22.73521870942802,-42.727847609078914,tangua,6,504.88,131.16,7,36
J825_R10_T15,530,533,24941,-22.9132211037494,-42.83795907003351,marica,2,179.89,19.21,8,102
J825_R10_T15,566,569,25231,-22.683563816603137,-43.29906896652288,duque de caxias,1,227.9,16.48,9,220
J825_R10_T15,616,619,25645,-22.54079651100627,-43.20123507158808,petropolis,6,586.79,119.15,10,211
J825_R10_T15,631,634,25740,-22.374645351841945,-43.12909370218015,petropolis,4,350.20000000000005,103.3,11,61
J825_R10_T15,645,648,25914,-22.59381281247852,-43.06930284283151,mage,3,203.8,73.78,12,77
J825_R10_T15,767,770,26316,-22.691702991594585,-43.594666387857934,queimados,1,49.8,14.52,13,200
J825_R10_T15,819,822,26585,-22.79835084305232,-43.434750437897016,mesquita,3,338.9,128.06,14,1015
J825_R10_T15,822,825,28680,-22.470849051492323,-42.657121037845286,cachoeiras de macacu,19,1819.26,363.9,15,19
J825_R10_T13,26,26,20250,-22.919337655136697,-43.21247470976231,rio de janeiro,10,1227.65,328.29,0,3026
J825_R10_T13,84,84,21011,-22.827727546600816,-43.2864223207302,rio de janeiro,16,1599.55,367.77,1,1196
J825_R10_T13,180,180,21825,-22.892248480036507,-43.47086620332721,rio de janeiro,5,818.97,132.29,2,361
J825_R10_T13,289,291,22780,-22.962843790439337,-43.40116578306731,rio de janeiro,48,6361.45,1152.62,3,1447
J825_R10_T13,324,326,23061,-22.908445285088447,-43.60810021286953,rio de janeiro,7,631.73,140.51,4,764
J825_R10_T13,383,385,23855,-22.86387076999147,-43.7592342671893,itaguai,2,59.4,35.02,5,67
J825_R10_T13,412,414,24325,-22.882411375017146,-43.023744808929656,niteroi,3,294.89,99.1,6,1098
J825_R10_T13,501,504,24855,-22.773459679480904,-42.91565441771825,itaborai,3,485.88,69.33,7,96
J825_R10_T13,519,522,24916,-22.94457633335577,-42.82844129113664,marica,2,265.99,43.8,8,97
J825_R10_T13,616,619,25645,-22.54079651100627,-43.20123507158808,petropolis,6,586.79,119.15,9,182
J825_R10_T13,631,634,25740,-22.374645351841945,-43.12909370218015,petropolis,4,350.20000000000005,103.3,10,61
J825_R10_T13,644,647,25912,-22.57019403842886,-43.058745435694526,mage,1,64.99,27.51,11,63
J825_R10_T13,658,661,25938,-22.6545713161462,-43.20333179891331,mage,3,670.2,61.77,12,179
J825_R10_T13,778,781,26413,-22.696333434498968,-43.626641384369336,japeri,1,56.99,15.15,13,164
J825_R10_T13,808,811,26556,-22.77776602762561,-43.43662348759625,mesquita,4,592.38,127.65,14,837
J825_R10_T13,822,825,28680,-22.470849051492323,-42.657121037845286,cachoeiras de macacu,19,1819.26,363.9,15,19
J825_R10_T13,823,826,28695,-22.60367916043864,-42.74073968432629,cachoeiras de macacu,1,99.0,22.16,16,1
J825_R10_T13,824,827,28800,-22.711927870432564,-42.63004113951235,rio bonito,27,4352.11,594.18,17,33
