job_id,candidate_set,analysis_scope,candidate_outside_union,demand_sha256,problem,solver,status,success,message,primal_objective,dual_bound,mip_gap,mip_node_count,solver_runtime_s,setup_runtime_s,time_limit_s,requested_mip_rel_gap,has_primal_solution,primal_verified,solver_certified_optimal,certified_infeasible,certificate_type,candidate_ceiling_orders,n_demand_points,n_candidates,total_orders,required_orders,radius_km,budget_K,mandatory_radius_km,n_facilities,finite_candidate_space_only,K,selected_outside_union,max_y_integrality_error,independent_primal_objective,covered_orders,outside_orders,coverage_pct,target_met,weighted_avg_distance_km,median_empirical_km,p95_empirical_km,p99_empirical_km,max_distance_km,integer_bound_matches_K,municipalities_zero,orders_in_zero_municipalities,municipalities_below80,orders_in_below80_municipalities,Rio_outside_orders,Rio_share_of_outside_pct,covered_orders_upper_bound,greedy_selected_K_reference
partial_J300_R3,J300,finite_exact_reference,2,c17045e618581238b6eb56c6617cbd1179219948f8e1a68855f7b0767a02b161,partial_cover,structural candidate coverage bound,2,False,Candidate set cannot meet required coverage/proximity,,,,,0.0,0.0007300999714061618,300.0,0.0,False,False,False,True,candidate_coverage_ceiling,9079.0,828,300,9691,9207,3,,,0,True,,,,,,,,,,,,,,,,,,,,,,
partial_J300_R5,J300,finite_exact_reference,2,c17045e618581238b6eb56c6617cbd1179219948f8e1a68855f7b0767a02b161,partial_cover,HiGHS via scipy.optimize.milp,0,True,Optimization terminated successfully. (HiGHS Status 7: Optimal),35.0,35.0,0.0,1.0,0.6913342999760062,0.002632400020956993,300.0,0.0,True,True,True,False,,9344.0,828,300,9691,9207,5,,,35,True,35.0,0.0,0.0,35.0,9228.0,463.0,95.22237127231452,True,3.0216081549860854,2.9202114421056438,4.93726011141345,13.291079712245425,36.52617815788724,True,6.0,141.0,11.0,737.0,19.0,4.103671706263499,,
partial_J300_R10,J300,finite_exact_reference,2,c17045e618581238b6eb56c6617cbd1179219948f8e1a68855f7b0767a02b161,partial_cover,HiGHS via scipy.optimize.milp,0,True,Optimization terminated successfully. (HiGHS Status 7: Optimal),12.0,12.0,0.0,1.0,1.218590900010895,0.0024892000365071,300.0,0.0,True,True,True,False,,9636.0,828,300,9691,9207,10,,,12,True,12.0,0.0,0.0,12.0,9212.0,479.0,95.05726963161696,True,6.003501522088642,5.651251723106653,9.9468575394141,22.55773476316851,50.4789120536817,True,9.0,348.0,10.0,382.0,9.0,1.8789144050104385,,
partial_J300_reverse_R3,J300_reverse,finite_exact_reference,2,c17045e618581238b6eb56c6617cbd1179219948f8e1a68855f7b0767a02b161,partial_cover,structural candidate coverage bound,2,False,Candidate set cannot meet required coverage/proximity,,,,,0.0,0.0004588000010699034,300.0,0.0,False,False,False,True,candidate_coverage_ceiling,9125.0,828,300,9691,9207,3,,,0,True,,,,,,,,,,,,,,,,,,,,,,
partial_J300_reverse_R5,J300_reverse,finite_exact_reference,2,c17045e618581238b6eb56c6617cbd1179219948f8e1a68855f7b0767a02b161,partial_cover,HiGHS via scipy.optimize.milp,0,True,Optimization terminated successfully. (HiGHS Status 7: Optimal),35.0,35.0,0.0,1.0,0.45681050000712276,0.0018649999983608723,300.0,0.0,True,True,True,False,,9354.0,828,300,9691,9207,5,,,35,True,35.0,0.0,0.0,35.0,9208.0,483.0,95.01599422144258,True,3.0490233721583397,2.939375805442713,4.989007203569308,13.291079712245425,36.52617815788724,True,6.0,141.0,11.0,737.0,32.0,6.625258799171843,,
partial_J300_reverse_R10,J300_reverse,finite_exact_reference,2,c17045e618581238b6eb56c6617cbd1179219948f8e1a68855f7b0767a02b161,partial_cover,HiGHS via scipy.optimize.milp,0,True,Optimization terminated successfully. (HiGHS Status 7: Optimal),12.0,12.0,0.0,1.0,1.0407864000299014,0.0026205999893136322,300.0,0.0,True,True,True,False,,9641.0,828,300,9691,9207,10,,,12,True,12.0,0.0,0.0,12.0,9240.0,451.0,95.34619750283768,True,6.074276174770492,5.8158168062066675,9.9468575394141,22.55773476316851,50.4789120536817,True,8.0,244.0,10.0,382.0,41.0,9.090909090909092,,
partial_J828_R3,J828,finite_exact_reference,3,c17045e618581238b6eb56c6617cbd1179219948f8e1a68855f7b0767a02b161,partial_cover,HiGHS via scipy.optimize.milp,0,True,Optimization terminated successfully. (HiGHS Status 7: Optimal),61.0,61.0,0.0,1.0,0.23679940000874922,0.004827099968679249,300.0,0.0,True,True,True,False,,9691.0,828,828,9691,9207,3,,,61,True,61.0,0.0,1.7763568394002505e-15,61.0,9208.0,483.0,95.01599422144258,True,1.981117511049772,1.9604576104760014,2.999282457421771,9.730211445405722,26.950553178813898,True,5.0,114.0,9.0,758.0,110.0,22.77432712215321,,
partial_J828_R5,J828,finite_exact_reference,3,c17045e618581238b6eb56c6617cbd1179219948f8e1a68855f7b0767a02b161,partial_cover,HiGHS via scipy.optimize.milp,0,True,Optimization terminated successfully. (HiGHS Status 7: Optimal),29.0,29.0,0.0,1.0,0.15987590001896024,0.004811100021470338,300.0,0.0,True,True,True,False,,9691.0,828,828,9691,9207,5,,,29,True,29.0,0.0,0.0,29.0,9221.0,470.0,95.15013930450934,True,3.452332461033845,3.112060794677386,4.963935466929743,20.98025185528853,39.469536332057686,True,7.0,176.0,10.0,618.0,22.0,4.680851063829787,,
partial_J828_R10,J828,finite_exact_reference,3,c17045e618581238b6eb56c6617cbd1179219948f8e1a68855f7b0767a02b161,partial_cover,HiGHS via scipy.optimize.milp,0,True,Optimization terminated successfully. (HiGHS Status 7: Optimal),11.0,11.0,0.0,1.0,1.9868208999978378,0.005057100031990558,300.0,0.0,True,True,True,False,,9691.0,828,828,9691,9207,10,,,11,True,11.0,0.0,0.0,11.0,9250.0,441.0,95.44938602827365,True,6.5270541905287125,6.326726363381027,9.970570200379477,21.721042658849402,51.880329773104854,True,7.0,198.0,12.0,736.0,21.0,4.761904761904762,,
partial_J825_R3,J825,finite_exact_reference,0,c17045e618581238b6eb56c6617cbd1179219948f8e1a68855f7b0767a02b161,partial_cover,HiGHS via scipy.optimize.milp,0,True,Optimization terminated successfully. (HiGHS Status 7: Optimal),61.0,61.0,0.0,1.0,0.23378270003013313,0.006063400011043996,300.0,0.0,True,True,True,False,,9691.0,828,825,9691,9207,3,,,61,True,61.0,0.0,1.7763568394002505e-15,61.0,9208.0,483.0,95.01599422144258,True,1.981117511049772,1.9604576104760014,2.999282457421771,9.730211445405722,26.950553178813898,True,5.0,114.0,9.0,758.0,110.0,22.77432712215321,,
partial_J825_R5,J825,finite_exact_reference,0,c17045e618581238b6eb56c6617cbd1179219948f8e1a68855f7b0767a02b161,partial_cover,HiGHS via scipy.optimize.milp,0,True,Optimization terminated successfully. (HiGHS Status 7: Optimal),29.0,29.0,0.0,1.0,0.1630641000228934,0.003778299957048148,300.0,0.0,True,True,True,False,,9691.0,828,825,9691,9207,5,,,29,True,29.0,0.0,0.0,29.0,9221.0,470.0,95.15013930450934,True,3.461131279386186,3.1212902765810213,4.983905289200704,20.98025185528853,39.469536332057686,True,7.0,176.0,10.0,618.0,22.0,4.680851063829787,,
partial_J825_R10,J825,finite_exact_reference,0,c17045e618581238b6eb56c6617cbd1179219948f8e1a68855f7b0767a02b161,partial_cover,HiGHS via scipy.optimize.milp,0,True,Optimization terminated successfully. (HiGHS Status 7: Optimal),11.000000000000014,11.0,1.2918958832001804e-15,1.0,3.254497200017795,0.0060400000074878335,300.0,0.0,True,True,True,False,,9691.0,828,825,9691,9207,10,,,11,True,11.0,0.0,1.2212453270876722e-14,11.0,9275.0,416.0,95.70735734186358,True,6.204596771765363,5.810546204588812,9.9468575394141,21.721042658849402,51.880329773104854,True,7.0,198.0,10.0,382.0,21.0,5.048076923076923,,
partial_J828_grid1000_R3,J828_grid1000,finite_exact_reference,3,c17045e618581238b6eb56c6617cbd1179219948f8e1a68855f7b0767a02b161,partial_cover,HiGHS via scipy.optimize.milp,0,True,Optimization terminated successfully. (HiGHS Status 7: Optimal),54.99999999999908,54.99999999999908,0.0,1.0,8.286082399950828,0.039424600021447986,300.0,0.0,True,True,True,False,,9691.0,828,7974,9691,9207,3,,,55,True,55.0,0.0,8.097966741615892e-13,55.0,9218.0,473.0,95.11918274687855,True,2.205487164195891,1.960468892940092,2.9953604792776756,12.891355309296642,36.115359549337896,True,6.0,141.0,11.0,737.0,44.0,9.30232558139535,,
partial_J828_grid1000_R5,J828_grid1000,finite_exact_reference,3,c17045e618581238b6eb56c6617cbd1179219948f8e1a68855f7b0767a02b161,partial_cover,HiGHS via scipy.optimize.milp,0,True,Optimization terminated successfully. (HiGHS Status 7: Optimal),27.00000000000007,27.0,2.6316397620744383e-15,1.0,3.220694099960383,0.036274800018873066,300.0,0.0,True,True,True,False,,9691.0,828,7974,9691,9207,5,,,27,True,27.0,0.0,2.255973186038318e-13,27.0,9207.0,484.0,95.00567536889898,True,3.590148979343794,3.2936066733738945,4.99409201768597,18.951497816101895,38.921630825886304,True,6.0,153.0,9.0,525.0,14.0,2.8925619834710745,,
partial_J828_grid1000_R10,J828_grid1000,finite_exact_reference,3,c17045e618581238b6eb56c6617cbd1179219948f8e1a68855f7b0767a02b161,partial_cover,HiGHS via scipy.optimize.milp,0,True,Optimization terminated successfully. (HiGHS Status 7: Optimal),10.000000000000016,10.0,1.5987211554602229e-15,1.0,1.566422900010366,0.04811649996554479,300.0,0.0,True,True,True,False,,9691.0,828,7974,9691,9207,10,,,10,True,10.0,0.0,1.5853984791647235e-13,10.0,9259.0,432.0,95.54225570116603,True,7.339016749438802,7.269717190947503,9.927684226719753,20.966112071862543,50.3993837114167,True,8.0,244.0,10.0,382.0,54.0,12.5,,
partial_J825_grid1000_R3,J825_grid1000,finite_exact_reference,0,c17045e618581238b6eb56c6617cbd1179219948f8e1a68855f7b0767a02b161,partial_cover,HiGHS via scipy.optimize.milp,0,True,Optimization terminated successfully. (HiGHS Status 7: Optimal),54.99999999999908,54.99999999999908,0.0,1.0,8.099847899982706,0.03635220002615824,300.0,0.0,True,True,True,False,,9691.0,828,7971,9691,9207,3,,,55,True,55.0,0.0,8.097966741615892e-13,55.0,9218.0,473.0,95.11918274687855,True,2.205487164195891,1.960468892940092,2.9953604792776756,12.891355309296642,36.115359549337896,True,6.0,141.0,11.0,737.0,44.0,9.30232558139535,,
partial_J825_grid1000_R5,J825_grid1000,finite_exact_reference,0,c17045e618581238b6eb56c6617cbd1179219948f8e1a68855f7b0767a02b161,partial_cover,HiGHS via scipy.optimize.milp,0,True,Optimization terminated successfully. (HiGHS Status 7: Optimal),27.00000000000007,27.0,2.6316397620744383e-15,1.0,3.163601899985224,0.03420570003800094,300.0,0.0,True,True,True,False,,9691.0,828,7971,9691,9207,5,,,27,True,27.0,0.0,2.255973186038318e-13,27.0,9207.0,484.0,95.00567536889898,True,3.590148979343794,3.2936066733738945,4.99409201768597,18.951497816101895,38.921630825886304,True,6.0,153.0,9.0,525.0,14.0,2.8925619834710745,,
partial_J825_grid1000_R10,J825_grid1000,finite_exact_reference,0,c17045e618581238b6eb56c6617cbd1179219948f8e1a68855f7b0767a02b161,partial_cover,HiGHS via scipy.optimize.milp,0,True,Optimization terminated successfully. (HiGHS Status 7: Optimal),10.000000000000044,10.0,4.4408920985006064e-15,1.0,1.5026524999993853,0.04317210003500804,300.0,0.0,True,True,True,False,,9691.0,828,7971,9691,9207,10,,,10,True,10.0,0.0,8.383433750661452e-14,10.0,9259.0,432.0,95.54225570116603,True,7.360777453915206,7.291836808414515,9.931650955542473,20.966112071862543,50.3993837114167,True,8.0,244.0,10.0,382.0,54.0,12.5,,
partial_J828_grid500_R3,J828_grid500,finite_exact_reference,3,c17045e618581238b6eb56c6617cbd1179219948f8e1a68855f7b0767a02b161,partial_cover,HiGHS via scipy.optimize.milp,0,True,Optimization terminated successfully. (HiGHS Status 7: Optimal),52.0,52.0,0.0,1.0,1.1810674999724142,0.12212559999898076,300.0,0.0,True,True,True,False,,9691.0,828,29323,9691,9207,3,,,52,True,52.0,0.0,2.220446049250313e-16,52.0,9213.0,478.0,95.06758848416057,True,2.2503858279419067,2.012814844139322,2.9981574452767523,12.621257622034085,35.81813515840818,True,6.0,141.0,11.0,737.0,86.0,17.99163179916318,,
partial_J828_grid500_R5,J828_grid500,finite_exact_reference,3,c17045e618581238b6eb56c6617cbd1179219948f8e1a68855f7b0767a02b161,partial_cover,HiGHS via scipy.optimize.milp,0,True,Optimization terminated successfully. (HiGHS Status 7: Optimal),26.99999999999984,26.99999999999984,0.0,1.0,7.597362299973611,0.14258290000725538,300.0,0.0,True,True,True,False,,9691.0,828,29323,9691,9207,5,,,27,True,27.0,0.0,7.694086963543205e-13,27.0,9235.0,456.0,95.2946032401197,True,3.7145750365595656,3.5018488376350914,4.990955175401151,16.456502384525603,38.441156809621326,True,6.0,153.0,10.0,658.0,54.0,11.842105263157896,,
partial_J828_grid500_R10,J828_grid500,finite_exact_reference,3,c17045e618581238b6eb56c6617cbd1179219948f8e1a68855f7b0767a02b161,partial_cover,HiGHS via scipy.optimize.milp,0,True,Optimization terminated successfully. (HiGHS Status 7: Optimal),9.999999999999378,9.999999999999378,0.0,1.0,5.040972099988721,0.19267439999384806,300.0,0.0,True,True,True,False,,9691.0,828,29323,9691,9207,10,,,10,True,10.0,0.0,2.807866319792437e-12,10.0,9261.0,430.0,95.56289340625322,True,7.266348377882812,7.093140099453333,9.960386719728923,20.785159762237196,50.3993837114167,True,8.0,244.0,10.0,382.0,57.0,13.255813953488373,,
partial_J825_grid500_R3,J825_grid500,finite_exact_reference,0,c17045e618581238b6eb56c6617cbd1179219948f8e1a68855f7b0767a02b161,partial_cover,HiGHS via scipy.optimize.milp,0,True,Optimization terminated successfully. (HiGHS Status 7: Optimal),52.0,52.0,0.0,1.0,1.0792027999996208,0.13295729999663308,300.0,0.0,True,True,True,False,,9691.0,828,29320,9691,9207,3,,,52,True,52.0,0.0,2.220446049250313e-16,52.0,9213.0,478.0,95.06758848416057,True,2.2503858279419067,2.012814844139322,2.9981574452767523,12.621257622034085,35.81813515840818,True,6.0,141.0,11.0,737.0,86.0,17.99163179916318,,
partial_J825_grid500_R5,J825_grid500,finite_exact_reference,0,c17045e618581238b6eb56c6617cbd1179219948f8e1a68855f7b0767a02b161,partial_cover,HiGHS via scipy.optimize.milp,0,True,Optimization terminated successfully. (HiGHS Status 7: Optimal),26.99999999999984,26.99999999999984,0.0,1.0,6.691007899993565,0.12758899998152629,300.0,0.0,True,True,True,False,,9691.0,828,29320,9691,9207,5,,,27,True,27.0,0.0,7.694086963543205e-13,27.0,9235.0,456.0,95.2946032401197,True,3.7145750365595656,3.5018488376350914,4.990955175401151,16.456502384525603,38.441156809621326,True,6.0,153.0,10.0,658.0,54.0,11.842105263157896,,
partial_J825_grid500_R10,J825_grid500,finite_exact_reference,0,c17045e618581238b6eb56c6617cbd1179219948f8e1a68855f7b0767a02b161,partial_cover,HiGHS via scipy.optimize.milp,0,True,Optimization terminated successfully. (HiGHS Status 7: Optimal),9.999999999998824,9.999999999998824,0.0,1.0,4.842972700018436,0.15443429996958002,300.0,0.0,True,True,True,False,,9691.0,828,29320,9691,9207,10,,,10,True,10.0,0.0,1.6963486392146666e-12,10.0,9264.0,427.0,95.59384996388401,True,7.344256991400182,7.2689596156472325,9.967065372546328,21.047938641450102,50.3993837114167,True,8.0,244.0,10.0,382.0,54.0,12.646370023419204,,
maximal_J300_R5_K39,J300,finite_exact_reference,2,c17045e618581238b6eb56c6617cbd1179219948f8e1a68855f7b0767a02b161,maximal_cover,HiGHS via scipy.optimize.milp,0,True,Optimization terminated successfully. (HiGHS Status 7: Optimal),-9315.0,-9315.0,0.0,1.0,0.084640099958051,0.002758899994660169,300.0,0.0,True,True,True,False,,9344.0,828,300,9691,9207,5,39.0,,39,True,39.0,0.0,5.329070518200751e-15,-9315.0,9315.0,376.0,96.12011144360747,True,2.8099455679141068,2.837253540417511,4.882267596554133,9.206283272614339,16.550308693700245,,3.0,73.0,8.0,669.0,19.0,5.053191489361702,9315.0,40.0
maximal_J300_R10_K14,J300,finite_exact_reference,2,c17045e618581238b6eb56c6617cbd1179219948f8e1a68855f7b0767a02b161,maximal_cover,HiGHS via scipy.optimize.milp,0,True,Optimization terminated successfully. (HiGHS Status 7: Optimal),-9351.0,-9351.0,0.0,1.0,2.024578200012911,0.002115999988745898,300.0,0.0,True,True,True,False,,9636.0,828,300,9691,9207,10,14.0,,14,True,14.0,0.0,7.09432512735475e-14,-9351.0,9351.0,340.0,96.49159013517696,True,5.978062536343357,6.0303809049392205,9.8162209997264,18.41191974651748,36.52617815788724,,6.0,142.0,9.0,326.0,28.0,8.235294117647058,9351.0,15.0
maximal_J828_R3_K63,J828,finite_exact_reference,3,c17045e618581238b6eb56c6617cbd1179219948f8e1a68855f7b0767a02b161,maximal_cover,HiGHS via scipy.optimize.milp,0,True,Optimization terminated successfully. (HiGHS Status 7: Optimal),-9254.0,-9254.0,0.0,1.0,0.5193662000237964,0.0034545999951660633,300.0,0.0,True,True,True,False,,9691.0,828,828,9691,9207,3,63.0,,63,True,63.0,0.0,0.0,-9254.0,9254.0,437.0,95.49066143844804,True,1.9545727061522518,1.9462968146704682,2.9873448150199233,9.730211445405722,26.950553178813898,,5.0,114.0,8.0,508.0,87.0,19.908466819221967,9254.0,64.0
existence_J825_R3_K300,J825,finite_exact_reference,0,c17045e618581238b6eb56c6617cbd1179219948f8e1a68855f7b0767a02b161,maximal_cover,HiGHS via scipy.optimize.milp,0,True,Optimization terminated successfully. (HiGHS Status 7: Optimal),-9691.0,-9691.0,0.0,1.0,0.09821730002295226,0.003528099972754717,300.0,0.0,True,True,True,False,,9691.0,828,825,9691,9207,3,300.0,,300,True,300.0,0.0,0.0,-9691.0,9691.0,0.0,100.0,True,0.7281625462271942,0.596925217929542,2.15975173449698,2.6783619272116646,2.999851786916445,,0.0,0.0,0.0,0.0,0.0,,9691.0,
proximity_J828_R3_Tnone,J828,finite_exact_reference,3,c17045e618581238b6eb56c6617cbd1179219948f8e1a68855f7b0767a02b161,partial_cover,HiGHS via scipy.optimize.milp,0,True,Optimization terminated successfully. (HiGHS Status 7: Optimal),61.0,61.0,0.0,1.0,0.268327199970372,0.004154600028414279,300.0,0.0,True,True,True,False,,9691.0,828,828,9691,9207,3,,,61,True,61.0,0.0,1.7763568394002505e-15,61.0,9208.0,483.0,95.01599422144258,True,1.981117511049772,1.9604576104760014,2.999282457421771,9.730211445405722,26.950553178813898,True,5.0,114.0,9.0,758.0,110.0,22.77432712215321,,
proximity_J828_R3_T15,J828,finite_exact_reference,3,c17045e618581238b6eb56c6617cbd1179219948f8e1a68855f7b0767a02b161,partial_cover,HiGHS via scipy.optimize.milp,0,True,Optimization terminated successfully. (HiGHS Status 7: Optimal),63.0,63.0,0.0,1.0,2.539100399997551,0.011606100015342236,300.0,0.0,True,True,True,False,,9691.0,828,828,9691,9207,3,,15.0,63,True,63.0,0.0,3.774758283725532e-15,63.0,9212.0,479.0,95.05726963161696,True,1.8997020117285224,1.9604576104760014,2.999282457421771,7.918090060874419,14.686243442503162,True,2.0,67.0,6.0,610.0,110.0,22.964509394572026,,
proximity_J828_R3_T10,J828,finite_exact_reference,3,c17045e618581238b6eb56c6617cbd1179219948f8e1a68855f7b0767a02b161,partial_cover,HiGHS via scipy.optimize.milp,0,True,Optimization terminated successfully. (HiGHS Status 7: Optimal),64.99999999999999,64.99999999999997,0.0,1.0,2.3783153000404127,0.013502500019967556,300.0,0.0,True,True,True,False,,9691.0,828,828,9691,9207,3,,10.0,65,True,65.0,0.0,2.284838984678572e-13,65.0,9207.0,484.0,95.00567536889898,True,1.8754449548132786,1.9462968146704682,2.999282457421771,7.2019453688523996,9.742452884601027,True,1.0,34.0,6.0,610.0,115.0,23.760330578512395,,
proximity_J828_R3_T8,J828,finite_exact_reference,3,c17045e618581238b6eb56c6617cbd1179219948f8e1a68855f7b0767a02b161,partial_cover,HiGHS via scipy.optimize.milp,0,True,Optimization terminated successfully. (HiGHS Status 7: Optimal),67.0,67.0,0.0,1.0,6.564631099987309,0.010722100036218762,300.0,0.0,True,True,True,False,,9691.0,828,828,9691,9207,3,,8.0,67,True,67.0,0.0,3.9968028886505635e-15,67.0,9211.0,480.0,95.04695077907337,True,1.8599756421970148,1.937643302876497,2.999282457421771,6.705932682755194,7.958941237349202,True,1.0,34.0,5.0,348.0,121.0,25.208333333333332,,
proximity_J828_R3_T5,J828,finite_exact_reference,3,c17045e618581238b6eb56c6617cbd1179219948f8e1a68855f7b0767a02b161,partial_cover,HiGHS via scipy.optimize.milp,0,True,Optimization terminated successfully. (HiGHS Status 7: Optimal),76.0,76.0,0.0,1.0,0.9603086999850348,0.011049200023990124,300.0,0.0,True,True,True,False,,9691.0,828,828,9691,9207,3,,5.0,76,True,76.0,0.0,0.0,76.0,9215.0,476.0,95.08822618924775,True,1.7906213664765176,1.9558577388063034,2.999282457421771,4.523320741756038,4.998153004588749,True,0.0,0.0,5.0,577.0,173.0,36.34453781512605,,
proximity_J828_R5_Tnone,J828,finite_exact_reference,3,c17045e618581238b6eb56c6617cbd1179219948f8e1a68855f7b0767a02b161,partial_cover,HiGHS via scipy.optimize.milp,0,True,Optimization terminated successfully. (HiGHS Status 7: Optimal),29.0,29.0,0.0,1.0,0.182521499984432,0.0061941000167280436,300.0,0.0,True,True,True,False,,9691.0,828,828,9691,9207,5,,,29,True,29.0,0.0,0.0,29.0,9221.0,470.0,95.15013930450934,True,3.452332461033845,3.112060794677386,4.963935466929743,20.98025185528853,39.469536332057686,True,7.0,176.0,10.0,618.0,22.0,4.680851063829787,,
proximity_J828_R5_T15,J828,finite_exact_reference,3,c17045e618581238b6eb56c6617cbd1179219948f8e1a68855f7b0767a02b161,partial_cover,HiGHS via scipy.optimize.milp,0,True,Optimization terminated successfully. (HiGHS Status 7: Optimal),32.0,32.0,0.0,1.0,7.43413700000383,0.012905499956104904,300.0,0.0,True,True,True,False,,9691.0,828,828,9691,9207,5,,15.0,32,True,32.0,0.0,0.0,32.0,9238.0,453.0,95.32555979775049,True,3.1954024809828607,3.112060794677386,4.95722967526776,12.03537286329598,14.692513294317518,True,3.0,95.0,8.0,491.0,22.0,4.856512141280353,,
proximity_J828_R5_T10,J828,finite_exact_reference,3,c17045e618581238b6eb56c6617cbd1179219948f8e1a68855f7b0767a02b161,partial_cover,HiGHS via scipy.optimize.milp,0,True,Optimization terminated successfully. (HiGHS Status 7: Optimal),37.0,37.0,0.0,1.0,6.745913100021426,0.008297600026708096,300.0,0.0,True,True,True,False,,9691.0,828,828,9691,9207,5,,10.0,37,True,37.0,0.0,0.0,37.0,9222.0,469.0,95.16045815705293,True,3.2306726986269814,3.282296876815682,4.963935466929743,7.79635709419785,9.851494006668085,True,2.0,41.0,8.0,635.0,91.0,19.402985074626866,,
proximity_J828_R5_T8,J828,finite_exact_reference,3,c17045e618581238b6eb56c6617cbd1179219948f8e1a68855f7b0767a02b161,partial_cover,HiGHS via scipy.optimize.milp,0,True,Optimization terminated successfully. (HiGHS Status 7: Optimal),39.0,39.0,0.0,1.0,7.197885199973825,0.012678000028245151,300.0,0.0,True,True,True,False,,9691.0,828,828,9691,9207,5,,8.0,39,True,39.0,0.0,1.9984014443252818e-15,39.0,9249.0,442.0,95.43906717573006,True,3.152183143586539,3.232920314910892,4.963935466929743,7.111290430786833,7.924471886252309,True,1.0,35.0,6.0,395.0,89.0,20.13574660633484,,
proximity_J828_R10_Tnone,J828,finite_exact_reference,3,c17045e618581238b6eb56c6617cbd1179219948f8e1a68855f7b0767a02b161,partial_cover,HiGHS via scipy.optimize.milp,0,True,Optimization terminated successfully. (HiGHS Status 7: Optimal),11.0,11.0,0.0,1.0,2.07260860002134,0.006165999977383763,300.0,0.0,True,True,True,False,,9691.0,828,828,9691,9207,10,,,11,True,11.0,0.0,0.0,11.0,9250.0,441.0,95.44938602827365,True,6.5270541905287125,6.326726363381027,9.970570200379477,21.721042658849402,51.880329773104854,True,7.0,198.0,12.0,736.0,21.0,4.761904761904762,,
proximity_J828_R10_T30,J828,finite_exact_reference,3,c17045e618581238b6eb56c6617cbd1179219948f8e1a68855f7b0767a02b161,partial_cover,HiGHS via scipy.optimize.milp,0,True,Optimization terminated successfully. (HiGHS Status 7: Optimal),12.0,12.0,0.0,1.0,8.859848399995826,0.017915000033099204,300.0,0.0,True,True,True,False,,9691.0,828,828,9691,9207,10,,30.0,12,True,12.0,0.0,0.0,12.0,9247.0,444.0,95.41842947064286,True,6.173544022037896,5.786114898486866,9.97165116480169,20.446713793215395,27.021167576072415,True,7.0,205.0,10.0,605.0,21.0,4.72972972972973,,
proximity_J828_R10_T20,J828,finite_exact_reference,3,c17045e618581238b6eb56c6617cbd1179219948f8e1a68855f7b0767a02b161,partial_cover,HiGHS via scipy.optimize.milp,0,True,Optimization terminated successfully. (HiGHS Status 7: Optimal),13.0,13.0,0.0,1.0,2.988650199957192,0.01464860001578927,300.0,0.0,True,True,True,False,,9691.0,828,828,9691,9207,10,,20.0,13,True,13.0,0.0,0.0,13.0,9274.0,417.0,95.69703848932,True,6.06207253249436,6.017586261000917,9.9468575394141,18.11890615453263,19.959656237681255,True,6.0,178.0,11.0,616.0,34.0,8.15347721822542,,
proximity_J828_R10_T15,J828,finite_exact_reference,3,c17045e618581238b6eb56c6617cbd1179219948f8e1a68855f7b0767a02b161,partial_cover,HiGHS via scipy.optimize.milp,0,True,Optimization terminated successfully. (HiGHS Status 7: Optimal),15.999999999999998,15.999999999999998,0.0,1.0,8.285462700005155,0.012545300007332116,300.0,0.0,True,True,True,False,,9691.0,828,828,9691,9207,10,,15.0,16,True,16.0,0.0,1.9984014443252818e-15,16.0,9313.0,378.0,96.09947373852027,True,5.824304990776526,5.859274489841024,9.929840530344427,12.381821817142125,14.696871043718403,True,3.0,95.0,4.0,199.0,164.0,43.386243386243386,,
pmedian_J300_R5_K54,J300,finite_exact_reference,2,c17045e618581238b6eb56c6617cbd1179219948f8e1a68855f7b0767a02b161,pmedian,HiGHS via scipy.optimize.milp,0,True,Optimization terminated successfully. (HiGHS Status 7: Optimal),16648.10590768288,16648.10590768288,0.0,1.0,24.229025900014676,0.027673000004142523,300.0,0.0,True,True,True,False,,,828,300,9691,9207,5,54.0,,54,True,54.0,0.0,0.0,16648.105907682882,9223.0,468.0,95.17077700959653,True,1.7178934999156827,1.4119980094677078,4.93726011141345,8.743826266691455,16.550308693700245,,3.0,73.0,9.0,773.0,18.0,3.8461538461538463,,
pmedian_J300_R5_K55,J300,finite_exact_reference,2,c17045e618581238b6eb56c6617cbd1179219948f8e1a68855f7b0767a02b161,pmedian,HiGHS via scipy.optimize.milp,0,True,Optimization terminated successfully. (HiGHS Status 7: Optimal),16449.396574099464,16449.396574099464,0.0,1.0,23.023793900036253,0.029178099997807294,300.0,0.0,True,True,True,False,,,828,300,9691,9207,5,55.0,,55,True,55.0,0.0,6.661338147750939e-16,16449.396574099464,9223.0,468.0,95.17077700959653,True,1.6973889767928454,1.3978898938764108,4.930784028022416,8.743826266691455,16.550308693700245,,3.0,73.0,9.0,773.0,18.0,3.8461538461538463,,
pmedian_J300_R10_K22,J300,finite_exact_reference,2,c17045e618581238b6eb56c6617cbd1179219948f8e1a68855f7b0767a02b161,pmedian,HiGHS via scipy.optimize.milp,0,True,Optimization terminated successfully. (HiGHS Status 7: Optimal),32233.567960996086,32233.567960996086,0.0,1.0,58.142744899960235,0.02678580000065267,300.0,0.0,True,True,True,False,,,828,300,9691,9207,10,22.0,,22,True,22.0,0.0,0.0,32233.567960996086,9193.0,498.0,94.86121143328862,False,3.326134347435361,2.44417264641706,10.305222759760541,17.73728270898471,28.687629604511976,,6.0,182.0,11.0,756.0,0.0,0.0,,
pmedian_J300_R10_K23,J300,finite_exact_reference,2,c17045e618581238b6eb56c6617cbd1179219948f8e1a68855f7b0767a02b161,pmedian,HiGHS via scipy.optimize.milp,0,True,Optimization terminated successfully. (HiGHS Status 7: Optimal),31234.48638920332,31234.48638920332,0.0,1.0,40.36016609997023,0.02823940000962466,300.0,0.0,True,True,True,False,,,828,300,9691,9207,10,23.0,,23,True,23.0,0.0,0.0,31234.48638920332,9223.0,468.0,95.17077700959653,True,3.223040593251813,2.443233127282843,9.568198139105785,17.73728270898471,28.687629604511976,,6.0,182.0,11.0,756.0,0.0,0.0,,
