geolocation_zip_code_prefix,geolocation_lat,geolocation_lng,geolocation_city,geolocation_state,source_row_number,distance_to_region_km,coordinate_municipality_IBGE,decision,reason,review_basis
21910,-22.790258798615348,-43.18868677224322,rio de janeiro,RJ,437418,0.0110359723941279,,retain_boundary_uncertainty,Retido com alerta: ponto a 4-52m do limite em malha simplificada; erro nao confirmado.,"Compatibility with the fixed IBGE study-region polygon, before model experiments"
21910,-22.798918478342763,-43.17360967702518,rio de janeiro,RJ,437674,0.0041649041081964,,retain_boundary_uncertainty,Retido com alerta: ponto a 4-52m do limite em malha simplificada; erro nao confirmado.,"Compatibility with the fixed IBGE study-region polygon, before model experiments"
23826,-22.90907302252873,-43.88222529072798,itaguai,RJ,466811,0.0516791218762953,Mangaratiba,retain_boundary_uncertainty,Retido com alerta: ponto a 4-52m do limite em malha simplificada; erro nao confirmado.,"Compatibility with the fixed IBGE study-region polygon, before model experiments"
24027,-21.2189719026067,-41.87752350568823,niteroi,RJ,469021,144.97422933293967,Itaperuna,exclude_outside_region,Excluido da media: coordenada confirmadamente externa ao recorte; mais de21km da uniao metropolitana.,"Compatibility with the fixed IBGE study-region polygon, before model experiments"
24210,-22.498541674100217,-44.09147357808608,niteroi,RJ,470951,30.692508315232303,Volta Redonda,exclude_outside_region,Excluido da media: coordenada confirmadamente externa ao recorte; mais de21km da uniao metropolitana.,"Compatibility with the fixed IBGE study-region polygon, before model experiments"
24210,-22.49853084470412,-44.09163710196716,niteroi,RJ,470977,30.707288514899105,Volta Redonda,exclude_outside_region,Excluido da media: coordenada confirmadamente externa ao recorte; mais de21km da uniao metropolitana.,"Compatibility with the fixed IBGE study-region polygon, before model experiments"
24230,-21.212636111309536,-41.88908213570565,niteroi,RJ,471689,145.006369827017,Itaperuna,exclude_outside_region,Excluido da media: coordenada confirmadamente externa ao recorte; mais de21km da uniao metropolitana.,"Compatibility with the fixed IBGE study-region polygon, before model experiments"
24230,-21.212656146518967,-41.88919624882462,niteroi,RJ,471920,144.9987259895906,Itaperuna,exclude_outside_region,Excluido da media: coordenada confirmadamente externa ao recorte; mais de21km da uniao metropolitana.,"Compatibility with the fixed IBGE study-region polygon, before model experiments"
24230,-21.21267848641325,-41.889194908430966,niteroi,RJ,472029,144.99662157707598,Itaperuna,exclude_outside_region,Excluido da media: coordenada confirmadamente externa ao recorte; mais de21km da uniao metropolitana.,"Compatibility with the fixed IBGE study-region polygon, before model experiments"
24230,-21.21256712045956,-41.88908627515665,niteroi,RJ,472072,145.0128685652823,Itaperuna,exclude_outside_region,Excluido da media: coordenada confirmadamente externa ao recorte; mais de21km da uniao metropolitana.,"Compatibility with the fixed IBGE study-region polygon, before model experiments"
24230,-21.212466257417603,-41.8892076421707,niteroi,RJ,472240,145.0166139725807,Itaperuna,exclude_outside_region,Excluido da media: coordenada confirmadamente externa ao recorte; mais de21km da uniao metropolitana.,"Compatibility with the fixed IBGE study-region polygon, before model experiments"
24230,-21.212606543802405,-41.88908390975608,niteroi,RJ,472251,145.00915498677028,Itaperuna,exclude_outside_region,Excluido da media: coordenada confirmadamente externa ao recorte; mais de21km da uniao metropolitana.,"Compatibility with the fixed IBGE study-region polygon, before model experiments"
24230,-21.212566786941856,-41.88920161039925,niteroi,RJ,472426,145.00714375770335,Itaperuna,exclude_outside_region,Excluido da media: coordenada confirmadamente externa ao recorte; mais de21km da uniao metropolitana.,"Compatibility with the fixed IBGE study-region polygon, before model experiments"
24230,-21.212466257417603,-41.8892076421707,niteroi,RJ,472524,145.0166139725807,Itaperuna,exclude_outside_region,Excluido da media: coordenada confirmadamente externa ao recorte; mais de21km da uniao metropolitana.,"Compatibility with the fixed IBGE study-region polygon, before model experiments"
24230,-21.21379335123083,-41.88677182240514,niteroi,RJ,472525,145.00948655334787,Itaperuna,exclude_outside_region,Excluido da media: coordenada confirmadamente externa ao recorte; mais de21km da uniao metropolitana.,"Compatibility with the fixed IBGE study-region polygon, before model experiments"
24230,-21.21261146673041,-41.889198929611936,niteroi,RJ,472636,145.002934850037,Itaperuna,exclude_outside_region,Excluido da media: coordenada confirmadamente externa ao recorte; mais de21km da uniao metropolitana.,"Compatibility with the fixed IBGE study-region polygon, before model experiments"
24230,-21.212636111309536,-41.88908213570565,niteroi,RJ,472783,145.006369827017,Itaperuna,exclude_outside_region,Excluido da media: coordenada confirmadamente externa ao recorte; mais de21km da uniao metropolitana.,"Compatibility with the fixed IBGE study-region polygon, before model experiments"
24230,-21.21247841793816,-41.88909159730793,niteroi,RJ,472980,145.02122425136065,Itaperuna,exclude_outside_region,Excluido da media: coordenada confirmadamente externa ao recorte; mais de21km da uniao metropolitana.,"Compatibility with the fixed IBGE study-region polygon, before model experiments"
24230,-21.212566786941856,-41.88920161039925,niteroi,RJ,473685,145.00714375770335,Itaperuna,exclude_outside_region,Excluido da media: coordenada confirmadamente externa ao recorte; mais de21km da uniao metropolitana.,"Compatibility with the fixed IBGE study-region polygon, before model experiments"
24230,-21.21256712045956,-41.88908627515665,niteroi,RJ,473740,145.0128685652823,Itaperuna,exclude_outside_region,Excluido da media: coordenada confirmadamente externa ao recorte; mais de21km da uniao metropolitana.,"Compatibility with the fixed IBGE study-region polygon, before model experiments"
24230,-21.212636111309536,-41.88908213570565,niteroi,RJ,473967,145.006369827017,Itaperuna,exclude_outside_region,Excluido da media: coordenada confirmadamente externa ao recorte; mais de21km da uniao metropolitana.,"Compatibility with the fixed IBGE study-region polygon, before model experiments"
24230,-21.212636111309536,-41.88908213570565,niteroi,RJ,474140,145.006369827017,Itaperuna,exclude_outside_region,Excluido da media: coordenada confirmadamente externa ao recorte; mais de21km da uniao metropolitana.,"Compatibility with the fixed IBGE study-region polygon, before model experiments"
24230,-21.212466257417603,-41.8892076421707,niteroi,RJ,474178,145.0166139725807,Itaperuna,exclude_outside_region,Excluido da media: coordenada confirmadamente externa ao recorte; mais de21km da uniao metropolitana.,"Compatibility with the fixed IBGE study-region polygon, before model experiments"
24230,-21.212566786941856,-41.88920161039925,niteroi,RJ,474238,145.00714375770335,Itaperuna,exclude_outside_region,Excluido da media: coordenada confirmadamente externa ao recorte; mais de21km da uniao metropolitana.,"Compatibility with the fixed IBGE study-region polygon, before model experiments"
24360,-21.21631693106335,-41.89512610698869,niteroi,RJ,474416,144.34732633554233,Itaperuna,exclude_outside_region,Excluido da media: coordenada confirmadamente externa ao recorte; mais de21km da uniao metropolitana.,"Compatibility with the fixed IBGE study-region polygon, before model experiments"
24360,-21.216289418912535,-41.89511822495882,niterói,RJ,474440,144.3503955603492,Itaperuna,exclude_outside_region,Excluido da media: coordenada confirmadamente externa ao recorte; mais de21km da uniao metropolitana.,"Compatibility with the fixed IBGE study-region polygon, before model experiments"
24360,-21.21631693106335,-41.89512610698869,niteroi,RJ,474724,144.34732633554233,Itaperuna,exclude_outside_region,Excluido da media: coordenada confirmadamente externa ao recorte; mais de21km da uniao metropolitana.,"Compatibility with the fixed IBGE study-region polygon, before model experiments"
24360,-21.21631693106335,-41.89512610698869,niteroi,RJ,474758,144.34732633554233,Itaperuna,exclude_outside_region,Excluido da media: coordenada confirmadamente externa ao recorte; mais de21km da uniao metropolitana.,"Compatibility with the fixed IBGE study-region polygon, before model experiments"
24325,-22.497114352761272,-44.09474097737896,niteroi,RJ,475079,31.06060722984056,Volta Redonda,exclude_outside_region,Excluido da media: coordenada confirmadamente externa ao recorte; mais de21km da uniao metropolitana.,"Compatibility with the fixed IBGE study-region polygon, before model experiments"
24360,-21.21631693106335,-41.89512610698869,niteroi,RJ,475101,144.34732633554233,Itaperuna,exclude_outside_region,Excluido da media: coordenada confirmadamente externa ao recorte; mais de21km da uniao metropolitana.,"Compatibility with the fixed IBGE study-region polygon, before model experiments"
24360,-21.21631693106335,-41.89512610698869,niteroi,RJ,475110,144.34732633554233,Itaperuna,exclude_outside_region,Excluido da media: coordenada confirmadamente externa ao recorte; mais de21km da uniao metropolitana.,"Compatibility with the fixed IBGE study-region polygon, before model experiments"
24360,-21.21631693106335,-41.89512610698869,niteroi,RJ,475306,144.34732633554233,Itaperuna,exclude_outside_region,Excluido da media: coordenada confirmadamente externa ao recorte; mais de21km da uniao metropolitana.,"Compatibility with the fixed IBGE study-region polygon, before model experiments"
24325,-21.21563180561561,-41.88980722590923,niteroi,RJ,475664,144.6790452043067,Itaperuna,exclude_outside_region,Excluido da media: coordenada confirmadamente externa ao recorte; mais de21km da uniao metropolitana.,"Compatibility with the fixed IBGE study-region polygon, before model experiments"
24325,-22.497659174000283,-44.094893579094105,niteroi,RJ,475693,31.041208742869177,Volta Redonda,exclude_outside_region,Excluido da media: coordenada confirmadamente externa ao recorte; mais de21km da uniao metropolitana.,"Compatibility with the fixed IBGE study-region polygon, before model experiments"
24360,-21.21631693106335,-41.89512610698869,niterói,RJ,475760,144.34732633554233,Itaperuna,exclude_outside_region,Excluido da media: coordenada confirmadamente externa ao recorte; mais de21km da uniao metropolitana.,"Compatibility with the fixed IBGE study-region polygon, before model experiments"
24360,-21.21631693106335,-41.89512610698869,niteroi,RJ,475790,144.34732633554233,Itaperuna,exclude_outside_region,Excluido da media: coordenada confirmadamente externa ao recorte; mais de21km da uniao metropolitana.,"Compatibility with the fixed IBGE study-region polygon, before model experiments"
24360,-21.21631693106335,-41.89512610698869,niteroi,RJ,476068,144.34732633554233,Itaperuna,exclude_outside_region,Excluido da media: coordenada confirmadamente externa ao recorte; mais de21km da uniao metropolitana.,"Compatibility with the fixed IBGE study-region polygon, before model experiments"
24360,-21.21631693106335,-41.89512610698869,niteroi,RJ,476079,144.34732633554233,Itaperuna,exclude_outside_region,Excluido da media: coordenada confirmadamente externa ao recorte; mais de21km da uniao metropolitana.,"Compatibility with the fixed IBGE study-region polygon, before model experiments"
24360,-21.21631693106335,-41.89512610698869,niteroi,RJ,476160,144.34732633554233,Itaperuna,exclude_outside_region,Excluido da media: coordenada confirmadamente externa ao recorte; mais de21km da uniao metropolitana.,"Compatibility with the fixed IBGE study-region polygon, before model experiments"
24360,-21.21631693106335,-41.89512610698869,niteroi,RJ,476197,144.34732633554233,Itaperuna,exclude_outside_region,Excluido da media: coordenada confirmadamente externa ao recorte; mais de21km da uniao metropolitana.,"Compatibility with the fixed IBGE study-region polygon, before model experiments"
24360,-21.21631693106335,-41.89512610698869,niteroi,RJ,476219,144.34732633554233,Itaperuna,exclude_outside_region,Excluido da media: coordenada confirmadamente externa ao recorte; mais de21km da uniao metropolitana.,"Compatibility with the fixed IBGE study-region polygon, before model experiments"
24360,-21.21631693106335,-41.89512610698869,niteroi,RJ,476264,144.34732633554233,Itaperuna,exclude_outside_region,Excluido da media: coordenada confirmadamente externa ao recorte; mais de21km da uniao metropolitana.,"Compatibility with the fixed IBGE study-region polygon, before model experiments"
25545,-22.841786171132604,-42.05902371784362,são joão de meriti,RJ,485480,39.88350430339928,São Pedro da Aldeia,exclude_outside_region,Excluido da media: coordenada confirmadamente externa ao recorte; mais de21km da uniao metropolitana.,"Compatibility with the fixed IBGE study-region polygon, before model experiments"
25561,-22.51610858849809,-44.091544274830994,sao joao de meriti,RJ,485639,29.68837143110762,Volta Redonda,exclude_outside_region,Excluido da media: coordenada confirmadamente externa ao recorte; mais de21km da uniao metropolitana.,"Compatibility with the fixed IBGE study-region polygon, before model experiments"
25545,-22.842106571261947,-42.05835148218451,sao joao de meriti,RJ,485718,39.95430100521953,São Pedro da Aldeia,exclude_outside_region,Excluido da media: coordenada confirmadamente externa ao recorte; mais de21km da uniao metropolitana.,"Compatibility with the fixed IBGE study-region polygon, before model experiments"
28695,-22.519974217544068,-44.00261887335798,papucaia,RJ,517894,21.92868913842044,Pinheiral,exclude_outside_region,Excluido da media: coordenada confirmadamente externa ao recorte; mais de21km da uniao metropolitana.,"Compatibility with the fixed IBGE study-region polygon, before model experiments"
