network_id,rank,demand_position,postal_prefix,n_orders,facility_id,distance_km,demand_lat,demand_lng,facility_lat,facility_lng
main_Agglomerative-ward_R3,1,510,24890,6,2,8.476521242362951,-22.73521870942802,-42.727847609078914,-22.71616256843174,-42.647824133979
main_Agglomerative-ward_R3,2,632,25725,3,24,6.2499579229461855,-22.427894024726776,-43.20138979903541,-22.42005740210417,-43.141178883214565
main_Agglomerative-ward_R3,3,662,25940,4,40,6.151837255478807,-22.617931893774944,-43.00412879602773,-22.64654045037916,-43.05543328766753
J825_R3_T8,1,303,23020,17,22,7.958941237349202,-23.0049905225767,-43.54784520457546,-22.964378631240205,-43.61186736926677
J825_R3_T8,2,647,25912,1,55,7.924471886252309,-22.57019403842886,-43.058745435694526,-22.55101493109428,-42.98442049906716
J825_R3_T8,3,530,24936,16,34,7.919187881290632,-22.954278207609654,-42.96711894755224,-22.9411555966564,-43.043134176624925
main_Agglomerative-average_R3,1,71,20931,11,17,4.65998641001609,-22.880476502680093,-43.21772315263865,-22.91953885095615,-43.23420186203332
main_Agglomerative-average_R3,2,687,26053,2,6,4.445989903583037,-22.676424784708487,-43.46514837118791,-22.71457830968123,-43.45218625689218
main_Agglomerative-average_R3,3,191,21854,1,32,3.7455898264458916,-22.845556518964184,-43.49501645648064,-22.87220195839783,-43.47265205142946
J825_R3_T4p65,1,760,26292,6,69,4.643393943141053,-22.765111723156878,-43.559026201122336,-22.76538805577464,-43.513740263369385
J825_R3_T4p65,2,312,23035,12,21,4.560347130728283,-22.945894102935657,-43.594457021538446,-22.92777932523722,-43.554503392883646
J825_R3_T4p65,3,293,22785,15,17,4.555438299605537,-22.979900329721087,-43.49176475913368,-23.01298650422646,-43.46551954103294
