scope,method,radius_km,status,K_selected,seed,n_demand_points,total_orders,required_orders,search_max_k,last_k_tested,candidate_count,target_fraction,pmedian_max_iter,termination_status,coverage_pct,covered_orders,weighted_avg_distance_km,p95_empirical_km,p99_empirical_km,p95_linear_km,p99_linear_km,max_distance_km,n_facilities,runtime_s,outside_orders,unique_facility_coordinates,n_native_clusters,search_runtime_s,coverage_pct_min,coverage_pct_max,covered_orders_min,covered_orders_max,weighted_avg_distance_km_min,weighted_avg_distance_km_max,p95_empirical_km_min,p95_empirical_km_max,p99_empirical_km_min,p99_empirical_km_max,p95_linear_km_min,p95_linear_km_max,p99_linear_km_min,p99_linear_km_max,max_distance_km_min,max_distance_km_max,n_facilities_min,n_facilities_max,runtime_s_min,runtime_s_max,candidate_ceiling_pct,candidate_ceiling_orders,candidate_uncoverable_orders
main,KMeans-weighted,3.0,selected,82.0,42,828,9691,9207,828,82,,0.95,,,95.58353111134042,9263.0,1.3315743778828382,2.97440048668587,3.8787382667424306,2.97440048668587,3.8787382667424306,15.264598378487985,82.0,0.07170420000329614,428.0,82.0,82.0,16.45867730025202,95.06758848416057,95.58353111134042,9213.0,9263.0,1.3034673806300936,1.3315743778828382,2.9628579522429654,2.9870604545371116,3.8787382667424306,4.4136035033195276,2.9628579522429654,2.9870604545371116,3.8787382667424306,4.4136035033195276,12.5882156677179,15.264598378487985,82.0,82.0,0.07102470000972971,0.08331050002016127,,,
main,KMeans-weighted,5.0,selected,40.0,42,828,9691,9207,828,40,,0.95,,,95.34619750283768,9240.0,2.1873197615803655,4.894576733948815,7.39570894003147,4.894576733948815,7.39570894003147,15.264598378487985,40.0,0.042731499997898936,451.0,40.0,40.0,4.909065399842802,95.06758848416057,96.59477866061295,9213.0,9361.0,2.1679777113086502,2.243168480050271,4.652544274057817,4.920814713501756,6.871587420063516,7.98838743157372,4.652544274057817,4.9147717115521505,6.856356776713533,7.98838743157372,15.264598378487985,16.732826938892167,40.0,40.0,0.03434190002735704,0.04684060002909973,,,
main,KMeans-weighted,10.0,selected,17.0,42,828,9691,9207,828,17,,0.95,,,95.77958930966876,9282.0,4.184138647479245,9.454689734698537,14.326254166178083,9.454689734698537,14.326254166178083,25.166930529399814,17.0,0.019910299975890666,409.0,17.0,17.0,1.2266982999863103,95.04695077907337,96.7289237436797,9211.0,9374.0,4.182040560612566,4.226576194558836,8.718011908182762,9.938261969743731,13.756035158363737,17.10893446635663,8.715288431983073,9.938261969743731,13.756035158363737,17.10893446635663,25.166930529399814,26.997482241032053,17.0,17.0,0.017479700036346912,0.022400700021535158,,,
main,Agglomerative-ward,3.0,selected,80.0,-1,828,9691,9207,828,80,,0.95,,,95.09854504179135,9216.0,1.6053351384870707,2.996582310684295,4.304254684242705,2.996582310684295,4.277913145305078,8.476521242362951,80.0,0.01495814323425293,475.0,80.0,80.0,0.9554581642150879,95.09854504179135,95.09854504179135,9216.0,9216.0,1.6053351384870707,1.6053351384870707,2.996582310684295,2.996582310684295,4.304254684242705,4.304254684242705,2.996582310684295,2.996582310684295,4.277913145305078,4.277913145305078,8.476521242362951,8.476521242362951,80.0,80.0,0.01495814323425293,0.01495814323425293,,,
main,Agglomerative-ward,5.0,selected,42.0,-1,828,9691,9207,828,42,,0.95,,,95.41842947064286,9247.0,2.3830952621870543,4.92407793510625,6.471169644502528,4.92407793510625,6.471169644502528,15.264598378487985,42.0,0.013085126876831055,444.0,42.0,42.0,0.47483277320861816,95.41842947064286,95.41842947064286,9247.0,9247.0,2.3830952621870543,2.3830952621870543,4.92407793510625,4.92407793510625,6.471169644502528,6.471169644502528,4.92407793510625,4.92407793510625,6.471169644502528,6.471169644502528,15.264598378487985,15.264598378487985,42.0,42.0,0.013085126876831055,0.013085126876831055,,,
main,Agglomerative-ward,10.0,selected,17.0,-1,828,9691,9207,828,17,,0.95,,,95.24300897740171,9230.0,4.646861390647374,9.873796644510309,12.915441610247258,9.873796644510309,12.915441610247258,26.74652534653424,17.0,0.00800013542175293,461.0,17.0,17.0,0.1829509735107422,95.24300897740171,95.24300897740171,9230.0,9230.0,4.646861390647374,4.646861390647374,9.873796644510309,9.873796644510309,12.915441610247258,12.915441610247258,9.873796644510309,9.873796644510309,12.915441610247258,12.915441610247258,26.74652534653424,26.74652534653424,17.0,17.0,0.00800013542175293,0.00800013542175293,,,
main,Agglomerative-complete,3.0,selected,88.0,-1,828,9691,9207,828,88,,0.95,,,95.19141471468373,9225.0,1.532991045251884,2.950391750983173,3.8201527897651895,2.950391750983173,3.8201527897651895,5.345896058296031,88.0,0.04204583168029785,466.0,88.0,88.0,4.114190340042114,95.19141471468373,95.19141471468373,9225.0,9225.0,1.532991045251884,1.532991045251884,2.950391750983173,2.950391750983173,3.8201527897651895,3.8201527897651895,2.950391750983173,2.950391750983173,3.8201527897651895,3.8201527897651895,5.345896058296031,5.345896058296031,88.0,88.0,0.04204583168029785,0.04204583168029785,,,
main,Agglomerative-complete,5.0,selected,46.0,-1,828,9691,9207,828,46,,0.95,,,95.09854504179135,9216.0,2.7382120460711015,4.956326182301563,6.290669316822721,4.956326182301563,6.290669316822721,8.61340577817708,46.0,0.04454994201660156,475.0,46.0,46.0,2.136972665786743,95.09854504179135,95.09854504179135,9216.0,9216.0,2.7382120460711015,2.7382120460711015,4.956326182301563,4.956326182301563,6.290669316822721,6.290669316822721,4.956326182301563,4.956326182301563,6.290669316822721,6.290669316822721,8.61340577817708,8.61340577817708,46.0,46.0,0.04454994201660156,0.04454994201660156,,,
main,Agglomerative-complete,10.0,selected,19.0,-1,828,9691,9207,828,19,,0.95,,,95.72799504695078,9277.0,4.81544610258716,9.760963339148045,12.056220454770822,9.760963339148045,12.056220454770822,14.755872469842686,19.0,0.04752922058105469,414.0,19.0,19.0,0.8788301944732666,95.72799504695078,95.72799504695078,9277.0,9277.0,4.81544610258716,4.81544610258716,9.760963339148045,9.760963339148045,12.056220454770822,12.056220454770822,9.760963339148045,9.760963339148045,12.056220454770822,12.056220454770822,14.755872469842686,14.755872469842686,19.0,19.0,0.04752922058105469,0.04752922058105469,,,
main,Agglomerative-average,3.0,selected,99.0,-1,828,9691,9207,828,99,,0.95,,,95.06758848416057,9213.0,1.5449798967395507,2.998413494359941,3.267474924527236,2.998413494359941,3.2585354347510176,4.65998641001609,99.0,0.047997236251831055,478.0,99.0,99.0,4.591024875640869,95.06758848416057,95.06758848416057,9213.0,9213.0,1.5449798967395507,1.5449798967395507,2.998413494359941,2.998413494359941,3.267474924527236,3.267474924527236,2.998413494359941,2.998413494359941,3.2585354347510176,3.2585354347510176,4.65998641001609,4.65998641001609,99.0,99.0,0.047997236251831055,0.047997236251831055,,,
main,Agglomerative-average,5.0,selected,53.0,-1,828,9691,9207,828,53,,0.95,,,96.17170570632545,9320.0,2.592813785533648,4.827381162382008,6.074588939724234,4.827381162382008,6.074588939724234,6.6061157974916425,53.0,0.042998552322387695,371.0,53.0,53.0,2.4313249588012695,96.17170570632545,96.17170570632545,9320.0,9320.0,2.592813785533648,2.592813785533648,4.827381162382008,4.827381162382008,6.074588939724234,6.074588939724234,4.827381162382008,4.827381162382008,6.074588939724234,6.074588939724234,6.6061157974916425,6.6061157974916425,53.0,53.0,0.042998552322387695,0.042998552322387695,,,
main,Agglomerative-average,10.0,selected,24.0,-1,828,9691,9207,828,24,,0.95,,,96.62573521824373,9364.0,4.561596715106918,9.426878849649029,11.472124793185078,9.426878849649029,11.472124793185078,12.598147455231135,24.0,0.04385185241699219,327.0,24.0,24.0,1.0936295986175537,96.62573521824373,96.62573521824373,9364.0,9364.0,4.561596715106918,4.561596715106918,9.426878849649029,9.426878849649029,11.472124793185078,11.472124793185078,9.426878849649029,9.426878849649029,11.472124793185078,11.472124793185078,12.598147455231135,12.598147455231135,24.0,24.0,0.04385185241699219,0.04385185241699219,,,
main,P-Median,3.0,structurally_infeasible,,-1,828,9691,9207,300,0,300.0,0.95,100.0,termination not exposed by legacy function,,,,,,,,,,,,,,,,,,,,,,,,,,,,,,,,,,,93.68486224331855,9079.0,612.0
main,P-Median,5.0,selected,55.0,-1,828,9691,9207,300,55,300.0,0.95,100.0,termination not exposed by legacy function,95.28428438757611,9234.0,1.71148250888735,4.919192756936556,8.587494680742124,4.919192756936556,8.49121634560142,16.550308693700245,55.0,1.3005328178405762,457.0,55.0,55.0,50.27191662788391,95.28428438757611,95.28428438757611,9234.0,9234.0,1.71148250888735,1.71148250888735,4.919192756936556,4.919192756936556,8.587494680742124,8.587494680742124,4.919192756936556,4.919192756936556,8.49121634560142,8.49121634560142,16.550308693700245,16.550308693700245,55.0,55.0,1.3005328178405762,1.3005328178405762,96.41935816737178,9344.0,347.0
main,P-Median,10.0,selected,23.0,-1,828,9691,9207,300,23,300.0,0.95,100.0,termination not exposed by legacy function,95.17077700959653,9223.0,3.223040593251813,9.568198139105785,17.73728270898471,9.568198139105785,17.73728270898471,28.687629604511976,23.0,1.1234767436981201,468.0,23.0,23.0,8.066378355026245,95.17077700959653,95.17077700959653,9223.0,9223.0,3.223040593251813,3.223040593251813,9.568198139105785,9.568198139105785,17.73728270898471,17.73728270898471,9.568198139105785,9.568198139105785,17.73728270898471,17.73728270898471,28.687629604511976,28.687629604511976,23.0,23.0,1.1234767436981201,1.1234767436981201,99.43246311010216,9636.0,55.0
main,MCLP,3.0,structurally_infeasible,,-1,828,9691,9207,300,0,300.0,0.95,,,,,,,,,,,,,,,,,,,,,,,,,,,,,,,,,,,,,93.68486224331855,9079.0,612.0
main,MCLP,5.0,selected,40.0,-1,828,9691,9207,300,40,300.0,0.95,,,95.19141471468373,9225.0,2.9775175125055124,4.93726011141345,10.381628712023282,4.93726011141345,10.381628712023282,26.950553178813898,40.0,0.03465210000285879,466.0,40.0,40.0,0.04267029999755323,95.19141471468373,95.19141471468373,9225.0,9225.0,2.9775175125055124,2.9775175125055124,4.93726011141345,4.93726011141345,10.381628712023282,10.381628712023282,4.93726011141345,4.93726011141345,10.381628712023282,10.381628712023282,26.950553178813898,26.950553178813898,40.0,40.0,0.03465210000285879,0.03465210000285879,96.41935816737178,9344.0,347.0
main,MCLP,10.0,selected,15.0,-1,828,9691,9207,300,15,300.0,0.95,,,95.45970488081726,9251.0,6.078534399545697,9.810989721000864,22.96627395425885,9.810989721000864,21.993345060059603,50.4789120536817,15.0,0.016309899976477027,440.0,15.0,15.0,0.03207499999552965,95.45970488081726,95.45970488081726,9251.0,9251.0,6.078534399545697,6.078534399545697,9.810989721000864,9.810989721000864,22.96627395425885,22.96627395425885,9.810989721000864,9.810989721000864,21.993345060059603,21.993345060059603,50.4789120536817,50.4789120536817,15.0,15.0,0.016309899976477027,0.016309899976477027,99.43246311010216,9636.0,55.0
all_candidates_sensitivity,P-Median,3.0,selected,90.0,-1,828,9691,9207,828,90,828.0,0.95,100.0,termination not exposed by legacy function,95.00567536889898,9207.0,1.119434310612806,2.9970725880140545,5.203303626132989,2.9970725880140545,5.203303626132989,16.550308693700245,90.0,28.02989673614502,484.0,90.0,90.0,714.1928944587708,95.00567536889898,95.00567536889898,9207.0,9207.0,1.119434310612806,1.119434310612806,2.9970725880140545,2.9970725880140545,5.203303626132989,5.203303626132989,2.9970725880140545,2.9970725880140545,5.203303626132989,5.203303626132989,16.550308693700245,16.550308693700245,90.0,90.0,28.02989673614502,28.02989673614502,100.0,9691.0,0.0
all_candidates_sensitivity,MCLP,3.0,selected,64.0,-1,828,9691,9207,828,64,828.0,0.95,,,95.00567536889898,9207.0,1.9038968979591149,2.999282457421771,9.730211445405722,2.999282457421771,9.730211445405722,26.950553178813898,64.0,0.18096329999389127,484.0,64.0,64.0,0.38353260001167655,95.00567536889898,95.00567536889898,9207.0,9207.0,1.9038968979591149,1.9038968979591149,2.999282457421771,2.999282457421771,9.730211445405722,9.730211445405722,2.999282457421771,2.999282457421771,9.730211445405722,9.730211445405722,26.950553178813898,26.950553178813898,64.0,64.0,0.18096329999389127,0.18096329999389127,100.0,9691.0,0.0
