scope,method,radius_km,K_selected,city_norm,orders,orders_covered,orders_outside,coverage_pct,p95_empirical_km,max_distance_km
main,KMeans-weighted,3.0,82,belford roxo,104,97,7,93.26923076923077,3.1086935676463208,3.1876660584059597
main,KMeans-weighted,3.0,82,cachoeiras de macacu,20,19,1,95.0,0.0,15.264598378487984
main,KMeans-weighted,3.0,82,duque de caxias,250,215,35,86.0,3.827429824179307,5.082977236003563
main,KMeans-weighted,3.0,82,guapimirim,21,15,6,71.42857142857143,5.953940998246654,5.953940998246654
main,KMeans-weighted,3.0,82,itaborai,56,47,9,83.92857142857143,5.207897978078798,6.046508438810637
main,KMeans-weighted,3.0,82,itaguai,46,38,8,82.6086956521739,6.606115797492381,6.606115797492381
main,KMeans-weighted,3.0,82,japeri,34,16,18,47.05882352941177,4.010037857497594,4.107777084332644
main,KMeans-weighted,3.0,82,mage,104,78,26,75.0,5.404273333718268,7.871795476021069
main,KMeans-weighted,3.0,82,marica,133,117,16,87.96992481203007,4.594922403142583,4.642106458790604
main,KMeans-weighted,3.0,82,mesquita,75,75,0,100.0,2.474396904773509,2.664218597560076
main,KMeans-weighted,3.0,82,nilopolis,103,103,0,100.0,1.948363409259812,1.948363409259812
main,KMeans-weighted,3.0,82,niteroi,824,815,9,98.90776699029126,1.8258096312340768,3.5155556328854978
main,KMeans-weighted,3.0,82,nova iguacu,423,390,33,92.19858156028369,3.5392977123856424,5.422685201583125
main,KMeans-weighted,3.0,82,paracambi,35,35,0,100.0,0.0,0.0
main,KMeans-weighted,3.0,82,petropolis,234,184,50,78.63247863247864,3.73604572577993,5.048925264825768
main,KMeans-weighted,3.0,82,queimados,53,51,2,96.22641509433963,2.80276616855523,4.154382022468889
main,KMeans-weighted,3.0,82,rio bonito,27,27,0,100.0,2.106875182452187,2.106875182452187
main,KMeans-weighted,3.0,82,rio de janeiro,6601,6434,167,97.47008029086503,2.522328332841314,4.647097317581865
main,KMeans-weighted,3.0,82,sao goncalo,385,363,22,94.28571428571429,3.125029808305713,4.7404533511529445
main,KMeans-weighted,3.0,82,sao joao de meriti,124,118,6,95.16129032258064,2.932982501817779,3.4810235353648213
main,KMeans-weighted,3.0,82,seropedica,33,26,7,78.78787878787878,4.811420300628543,4.811420300628543
main,KMeans-weighted,3.0,82,tangua,6,0,6,0.0,8.308129462619,8.308129462619
main,KMeans-weighted,5.0,40,belford roxo,104,84,20,80.76923076923077,5.816984449955557,6.832928319891636
main,KMeans-weighted,5.0,40,cachoeiras de macacu,20,19,1,95.0,0.0,15.264598378487984
main,KMeans-weighted,5.0,40,duque de caxias,250,214,36,85.6,5.733574101692603,9.9733740344141
main,KMeans-weighted,5.0,40,guapimirim,21,4,17,19.047619047619047,12.197768035424936,12.197768035424936
main,KMeans-weighted,5.0,40,itaborai,56,43,13,76.78571428571429,6.331832054961336,7.823245667561711
main,KMeans-weighted,5.0,40,itaguai,46,42,4,91.30434782608695,6.606115797492381,6.606115797492381
main,KMeans-weighted,5.0,40,japeri,34,10,24,29.41176470588235,9.019119661695555,9.234609715999216
main,KMeans-weighted,5.0,40,mage,104,49,55,47.11538461538461,6.927079248824868,8.590869103870766
main,KMeans-weighted,5.0,40,marica,133,114,19,85.71428571428571,5.455106221363536,14.252581573122306
main,KMeans-weighted,5.0,40,mesquita,75,75,0,100.0,4.023143899581108,4.023143899581108
main,KMeans-weighted,5.0,40,nilopolis,103,103,0,100.0,3.2994850017227657,3.2994850017227657
main,KMeans-weighted,5.0,40,niteroi,824,802,22,97.33009708737865,3.688116789253475,6.151834297611221
main,KMeans-weighted,5.0,40,nova iguacu,423,374,49,88.4160756501182,5.968391739149674,9.485939520179656
main,KMeans-weighted,5.0,40,paracambi,35,35,0,100.0,1.8704731929560847,1.8704731929560847
main,KMeans-weighted,5.0,40,petropolis,234,200,34,85.47008547008546,5.559094888446921,14.377953932951815
main,KMeans-weighted,5.0,40,queimados,53,52,1,98.11320754716981,4.042948417864064,5.8731122473713535
main,KMeans-weighted,5.0,40,rio bonito,27,27,0,100.0,2.106875182452187,2.106875182452187
main,KMeans-weighted,5.0,40,rio de janeiro,6601,6505,96,98.54567489774277,4.012704587249539,8.11614840695746
main,KMeans-weighted,5.0,40,sao goncalo,385,341,44,88.57142857142857,6.180789449443448,6.723827874624141
main,KMeans-weighted,5.0,40,sao joao de meriti,124,124,0,100.0,4.838776193627091,4.998386362035888
main,KMeans-weighted,5.0,40,seropedica,33,23,10,69.6969696969697,6.525740912398249,6.525740912398249
main,KMeans-weighted,5.0,40,tangua,6,0,6,0.0,8.308129462619,8.308129462619
main,KMeans-weighted,10.0,17,belford roxo,104,104,0,100.0,7.746188820597139,8.0577872327258
main,KMeans-weighted,10.0,17,cachoeiras de macacu,20,1,19,5.0,17.26829683442775,17.26829683442775
main,KMeans-weighted,10.0,17,duque de caxias,250,216,34,86.4,11.633764374208951,15.719019223785846
main,KMeans-weighted,10.0,17,guapimirim,21,4,17,19.047619047619047,18.1085101512682,18.1085101512682
main,KMeans-weighted,10.0,17,itaborai,56,0,56,0.0,18.414835306831478,18.61573802125375
main,KMeans-weighted,10.0,17,itaguai,46,0,46,0.0,18.178490640589605,18.178490640589605
main,KMeans-weighted,10.0,17,japeri,34,34,0,100.0,5.584435892331285,5.584435892331285
main,KMeans-weighted,10.0,17,mage,104,92,12,88.46153846153847,10.614780996396668,11.108573667566018
main,KMeans-weighted,10.0,17,marica,133,103,30,77.44360902255639,12.584077768012,19.52825003088624
main,KMeans-weighted,10.0,17,mesquita,75,75,0,100.0,4.520035881800747,5.1445754294542905
main,KMeans-weighted,10.0,17,nilopolis,103,103,0,100.0,7.194029566322397,7.194029566322397
main,KMeans-weighted,10.0,17,niteroi,824,824,0,100.0,7.960433595658752,9.473129190990482
main,KMeans-weighted,10.0,17,nova iguacu,423,410,13,96.92671394799055,9.818869073676415,11.396360829308216
main,KMeans-weighted,10.0,17,paracambi,35,0,35,0.0,11.215323667759687,11.215323667759687
main,KMeans-weighted,10.0,17,petropolis,234,209,25,89.31623931623932,16.073687308806598,25.166930529399814
main,KMeans-weighted,10.0,17,queimados,53,50,3,94.33962264150944,10.174918159907916,10.509959577741853
main,KMeans-weighted,10.0,17,rio bonito,27,27,0,100.0,9.828117173417972,9.828117173417972
main,KMeans-weighted,10.0,17,rio de janeiro,6601,6510,91,98.62142099681867,7.467060142787552,13.007608701579656
main,KMeans-weighted,10.0,17,sao goncalo,385,385,0,100.0,7.130574483711045,8.26476693743611
main,KMeans-weighted,10.0,17,sao joao de meriti,124,124,0,100.0,9.187369927404388,9.896588056616784
main,KMeans-weighted,10.0,17,seropedica,33,11,22,33.333333333333336,13.087137727932246,13.087137727932246
main,KMeans-weighted,10.0,17,tangua,6,0,6,0.0,14.364442247569814,14.364442247569814
main,Agglomerative-ward,3.0,80,belford roxo,104,94,10,90.38461538461539,3.387253946445823,3.470438076477347
main,Agglomerative-ward,3.0,80,cachoeiras de macacu,20,20,0,100.0,0.0,0.0
main,Agglomerative-ward,3.0,80,duque de caxias,250,235,15,94.0,3.0767548497933177,4.321748749600135
main,Agglomerative-ward,3.0,80,guapimirim,21,17,4,80.95238095238095,6.151837255478808,6.151837255478808
main,Agglomerative-ward,3.0,80,itaborai,56,47,9,83.92857142857143,5.168644293613353,6.128006926277294
main,Agglomerative-ward,3.0,80,itaguai,46,46,0,100.0,2.3123676332400884,2.4948809975565074
main,Agglomerative-ward,3.0,80,japeri,34,20,14,58.8235294117647,5.345896058296031,5.345896058296031
main,Agglomerative-ward,3.0,80,mage,104,89,15,85.57692307692308,3.372619417478407,3.535106985808919
main,Agglomerative-ward,3.0,80,marica,133,107,26,80.45112781954887,4.594922403142545,5.100202209430759
main,Agglomerative-ward,3.0,80,mesquita,75,75,0,100.0,2.668778419074675,2.668778419074675
main,Agglomerative-ward,3.0,80,nilopolis,103,103,0,100.0,2.187631692412019,2.187631692412019
main,Agglomerative-ward,3.0,80,niteroi,824,764,60,92.71844660194175,3.209263387374763,3.923775151276922
main,Agglomerative-ward,3.0,80,nova iguacu,423,406,17,95.98108747044917,2.6855200127780687,6.101852971902346
main,Agglomerative-ward,3.0,80,paracambi,35,35,0,100.0,1.8704731929560847,1.8704731929560847
main,Agglomerative-ward,3.0,80,petropolis,234,209,25,89.31623931623932,3.4129244382928583,6.2499579229461855
main,Agglomerative-ward,3.0,80,queimados,53,52,1,98.11320754716981,2.830578027412645,4.132485097847283
main,Agglomerative-ward,3.0,80,rio bonito,27,27,0,100.0,1.883821717522946,1.883821717522946
main,Agglomerative-ward,3.0,80,rio de janeiro,6601,6374,227,96.56112710195426,2.860634006391245,5.643528018758917
main,Agglomerative-ward,3.0,80,sao goncalo,385,341,44,88.57142857142857,3.2464082533475223,4.829029224490068
main,Agglomerative-ward,3.0,80,sao joao de meriti,124,124,0,100.0,2.870564440190309,2.870564440190309
main,Agglomerative-ward,3.0,80,seropedica,33,31,2,93.93939393939394,3.498729457991359,3.498729457991359
main,Agglomerative-ward,3.0,80,tangua,6,0,6,0.0,8.476521242362951,8.476521242362951
main,Agglomerative-ward,5.0,42,belford roxo,104,100,4,96.15384615384616,4.636295810146419,5.780569116403167
main,Agglomerative-ward,5.0,42,cachoeiras de macacu,20,19,1,95.0,0.0,15.264598378487984
main,Agglomerative-ward,5.0,42,duque de caxias,250,225,25,90.0,5.785789335387553,10.051009644388056
main,Agglomerative-ward,5.0,42,guapimirim,21,17,4,80.95238095238095,5.56086821595786,5.56086821595786
main,Agglomerative-ward,5.0,42,itaborai,56,43,13,76.78571428571429,6.331832054961964,7.823245667561139
main,Agglomerative-ward,5.0,42,itaguai,46,42,4,91.30434782608695,6.6061157974916425,6.6061157974916425
main,Agglomerative-ward,5.0,42,japeri,34,25,9,73.52941176470588,5.464064157089987,5.645116083651528
main,Agglomerative-ward,5.0,42,mage,104,99,5,95.1923076923077,4.67059692818794,7.514626874134858
main,Agglomerative-ward,5.0,42,marica,133,129,4,96.99248120300751,4.915544924825891,12.996052512646887
main,Agglomerative-ward,5.0,42,mesquita,75,75,0,100.0,2.773500891719032,2.966205384475299
main,Agglomerative-ward,5.0,42,nilopolis,103,103,0,100.0,2.956265281299776,2.956265281299776
main,Agglomerative-ward,5.0,42,niteroi,824,808,16,98.05825242718447,4.266154087224979,5.64334086063038
main,Agglomerative-ward,5.0,42,nova iguacu,423,403,20,95.27186761229315,4.756011753846912,9.102822149192932
main,Agglomerative-ward,5.0,42,paracambi,35,35,0,100.0,4.92407793510625,4.92407793510625
main,Agglomerative-ward,5.0,42,petropolis,234,200,34,85.47008547008546,5.559094888447275,14.377953932952144
main,Agglomerative-ward,5.0,42,queimados,53,53,0,100.0,2.8522844628503807,4.800804483980554
main,Agglomerative-ward,5.0,42,rio bonito,27,27,0,100.0,2.106875182452187,2.106875182452187
main,Agglomerative-ward,5.0,42,rio de janeiro,6601,6358,243,96.31873958491138,4.510880951792637,8.640760124417893
main,Agglomerative-ward,5.0,42,sao goncalo,385,349,36,90.64935064935065,5.305699120800239,6.296068699979268
main,Agglomerative-ward,5.0,42,sao joao de meriti,124,124,0,100.0,3.068872708892027,3.4419445375271054
main,Agglomerative-ward,5.0,42,seropedica,33,13,20,39.39393939393939,9.948314544264631,9.948314544264631
main,Agglomerative-ward,5.0,42,tangua,6,0,6,0.0,8.308129462619,8.308129462619
main,Agglomerative-ward,10.0,17,belford roxo,104,104,0,100.0,6.913186464370356,7.659547189454237
main,Agglomerative-ward,10.0,17,cachoeiras de macacu,20,1,19,5.0,26.74652534653424,26.74652534653424
main,Agglomerative-ward,10.0,17,duque de caxias,250,245,5,98.0,8.873162552207058,11.66130836342124
main,Agglomerative-ward,10.0,17,guapimirim,21,8,13,38.095238095238095,12.197768035424936,12.197768035424936
main,Agglomerative-ward,10.0,17,itaborai,56,4,52,7.142857142857143,14.18155825324287,14.500969393149688
main,Agglomerative-ward,10.0,17,itaguai,46,46,0,100.0,6.6061157974916425,6.6061157974916425
main,Agglomerative-ward,10.0,17,japeri,34,34,0,100.0,4.653323045261023,5.263012050914244
main,Agglomerative-ward,10.0,17,mage,104,92,12,88.46153846153847,10.50476295085843,12.43075429965593
main,Agglomerative-ward,10.0,17,marica,133,129,4,96.99248120300751,9.367587931869783,18.123691003342817
main,Agglomerative-ward,10.0,17,mesquita,75,75,0,100.0,6.500157469508175,7.146591390637947
main,Agglomerative-ward,10.0,17,nilopolis,103,103,0,100.0,6.474077944664014,6.474077944664014
main,Agglomerative-ward,10.0,17,niteroi,824,824,0,100.0,7.69012929538968,9.298934570441256
main,Agglomerative-ward,10.0,17,nova iguacu,423,419,4,99.05437352245863,7.834868932247,11.401496786899964
main,Agglomerative-ward,10.0,17,paracambi,35,0,35,0.0,10.299528171505523,10.299528171505523
main,Agglomerative-ward,10.0,17,petropolis,234,209,25,89.31623931623932,16.07368730880676,25.16693052939989
main,Agglomerative-ward,10.0,17,queimados,53,53,0,100.0,9.172097701549594,9.172097701549594
main,Agglomerative-ward,10.0,17,rio bonito,27,0,27,0.0,14.18690912501696,14.18690912501696
main,Agglomerative-ward,10.0,17,rio de janeiro,6601,6358,243,96.31873958491138,9.873796644510309,14.852038238161128
main,Agglomerative-ward,10.0,17,sao goncalo,385,385,0,100.0,7.58459228540818,9.083940387899178
main,Agglomerative-ward,10.0,17,sao joao de meriti,124,124,0,100.0,3.9804371694576943,4.267116494898526
main,Agglomerative-ward,10.0,17,seropedica,33,11,22,33.333333333333336,12.729250012035475,12.729250012035475
main,Agglomerative-ward,10.0,17,tangua,6,6,0,100.0,6.441906509799388,6.441906509799388
main,Agglomerative-complete,3.0,88,belford roxo,104,104,0,100.0,2.883777422216986,2.883777422216986
main,Agglomerative-complete,3.0,88,cachoeiras de macacu,20,20,0,100.0,0.0,0.0
main,Agglomerative-complete,3.0,88,duque de caxias,250,241,9,96.4,2.741102601698697,3.729830105049564
main,Agglomerative-complete,3.0,88,guapimirim,21,21,0,100.0,2.3719374407124385,2.3719374407124385
main,Agglomerative-complete,3.0,88,itaborai,56,48,8,85.71428571428571,5.084221165101133,5.084221165101133
main,Agglomerative-complete,3.0,88,itaguai,46,46,0,100.0,2.3123676332400884,2.4948809975565074
main,Agglomerative-complete,3.0,88,japeri,34,20,14,58.8235294117647,5.345896058296031,5.345896058296031
main,Agglomerative-complete,3.0,88,mage,104,93,11,89.42307692307692,3.4212818057727667,3.535106985808919
main,Agglomerative-complete,3.0,88,marica,133,131,2,98.49624060150376,2.8878650521388187,3.0283930213251478
main,Agglomerative-complete,3.0,88,mesquita,75,75,0,100.0,2.608052234538349,2.608052234538349
main,Agglomerative-complete,3.0,88,nilopolis,103,100,3,97.0873786407767,2.709565721207728,3.025956802868025
main,Agglomerative-complete,3.0,88,niteroi,824,766,58,92.96116504854369,3.209263387374763,4.069865681111759
main,Agglomerative-complete,3.0,88,nova iguacu,423,400,23,94.56264775413712,3.095901497979693,4.377350956929283
main,Agglomerative-complete,3.0,88,paracambi,35,35,0,100.0,1.8704731929560847,1.8704731929560847
main,Agglomerative-complete,3.0,88,petropolis,234,224,10,95.72649572649573,2.791918443684672,3.641194567365517
main,Agglomerative-complete,3.0,88,queimados,53,50,3,94.33962264150944,3.164280659394997,3.3003450971279538
main,Agglomerative-complete,3.0,88,rio bonito,27,27,0,100.0,0.0,0.0
main,Agglomerative-complete,3.0,88,rio de janeiro,6601,6305,296,95.51583093470687,2.934275979601274,4.730673783781339
main,Agglomerative-complete,3.0,88,sao goncalo,385,358,27,92.98701298701299,3.517426406145787,4.616972913719784
main,Agglomerative-complete,3.0,88,sao joao de meriti,124,124,0,100.0,2.415613262695446,2.429416496588681
main,Agglomerative-complete,3.0,88,seropedica,33,31,2,93.93939393939394,3.498729457991359,3.498729457991359
main,Agglomerative-complete,3.0,88,tangua,6,6,0,100.0,0.0,0.0
main,Agglomerative-complete,5.0,46,belford roxo,104,99,5,95.1923076923077,4.933827559210238,5.384434967599091
main,Agglomerative-complete,5.0,46,cachoeiras de macacu,20,20,0,100.0,0.0,0.0
main,Agglomerative-complete,5.0,46,duque de caxias,250,250,0,100.0,3.460234568199576,4.423735822199065
main,Agglomerative-complete,5.0,46,guapimirim,21,17,4,80.95238095238095,5.56086821595786,5.56086821595786
main,Agglomerative-complete,5.0,46,itaborai,56,46,10,82.14285714285714,6.127965922847653,6.263756183481887
main,Agglomerative-complete,5.0,46,itaguai,46,42,4,91.30434782608695,6.6061157974916425,6.6061157974916425
main,Agglomerative-complete,5.0,46,japeri,34,30,4,88.23529411764706,5.345896058296031,5.345896058296031
main,Agglomerative-complete,5.0,46,mage,104,99,5,95.1923076923077,4.67059692818794,7.514626874134858
main,Agglomerative-complete,5.0,46,marica,133,120,13,90.22556390977444,5.014668912268433,5.240610505965334
main,Agglomerative-complete,5.0,46,mesquita,75,75,0,100.0,3.896568926946757,3.896568926946757
main,Agglomerative-complete,5.0,46,nilopolis,103,103,0,100.0,2.3846793413860548,2.3846793413860548
main,Agglomerative-complete,5.0,46,niteroi,824,808,16,98.05825242718447,4.266154087224979,5.64334086063038
main,Agglomerative-complete,5.0,46,nova iguacu,423,406,17,95.98108747044917,4.765755116523231,8.61340577817708
main,Agglomerative-complete,5.0,46,paracambi,35,35,0,100.0,1.8704731929560847,1.8704731929560847
main,Agglomerative-complete,5.0,46,petropolis,234,215,19,91.88034188034187,5.35917057303148,6.2499579229461855
main,Agglomerative-complete,5.0,46,queimados,53,46,7,86.79245283018868,5.32841360634152,5.6872715733151225
main,Agglomerative-complete,5.0,46,rio bonito,27,27,0,100.0,0.0,0.0
main,Agglomerative-complete,5.0,46,rio de janeiro,6601,6299,302,95.42493561581578,4.874301575899311,8.11614840695746
main,Agglomerative-complete,5.0,46,sao goncalo,385,346,39,89.87012987012987,5.655913589347509,6.598512307576741
main,Agglomerative-complete,5.0,46,sao joao de meriti,124,99,25,79.83870967741936,5.393193011515648,6.075741079464294
main,Agglomerative-complete,5.0,46,seropedica,33,28,5,84.84848484848484,7.134443553748255,7.134443553748255
main,Agglomerative-complete,5.0,46,tangua,6,6,0,100.0,2.087777936477248,2.087777936477248
main,Agglomerative-complete,10.0,19,belford roxo,104,77,27,74.03846153846153,11.98083948099459,12.40004341820192
main,Agglomerative-complete,10.0,19,cachoeiras de macacu,20,19,1,95.0,0.0,14.755872469842686
main,Agglomerative-complete,10.0,19,duque de caxias,250,210,40,84.0,10.57581332392845,11.99114793574308
main,Agglomerative-complete,10.0,19,guapimirim,21,8,13,38.095238095238095,12.197768035424936,12.197768035424936
main,Agglomerative-complete,10.0,19,itaborai,56,56,0,100.0,6.127965922847653,8.112966948564564
main,Agglomerative-complete,10.0,19,itaguai,46,46,0,100.0,6.6061157974916425,6.6061157974916425
main,Agglomerative-complete,10.0,19,japeri,34,34,0,100.0,8.548026474426486,9.032319786923232
main,Agglomerative-complete,10.0,19,mage,104,69,35,66.34615384615384,11.899437509844027,12.43075429965593
main,Agglomerative-complete,10.0,19,marica,133,131,2,98.49624060150376,9.11294173114528,11.03249992143547
main,Agglomerative-complete,10.0,19,mesquita,75,75,0,100.0,7.6359544125517775,7.6359544125517775
main,Agglomerative-complete,10.0,19,nilopolis,103,103,0,100.0,5.275179417408412,5.275179417408412
main,Agglomerative-complete,10.0,19,niteroi,824,819,5,99.39320388349515,8.28152751266103,10.656059756504357
main,Agglomerative-complete,10.0,19,nova iguacu,423,410,13,96.92671394799055,8.253929075134888,12.71122729479343
main,Agglomerative-complete,10.0,19,paracambi,35,35,0,100.0,6.248296476672906,6.248296476672906
main,Agglomerative-complete,10.0,19,petropolis,234,229,5,97.86324786324786,5.559094888447275,14.377953932952144
main,Agglomerative-complete,10.0,19,queimados,53,14,39,26.41509433962264,11.452258673510988,11.62309018294935
main,Agglomerative-complete,10.0,19,rio bonito,27,27,0,100.0,2.9946911497175157,2.9946911497175157
main,Agglomerative-complete,10.0,19,rio de janeiro,6601,6477,124,98.12149674291774,8.472467500322416,13.24028615203955
main,Agglomerative-complete,10.0,19,sao goncalo,385,305,80,79.22077922077922,11.959655788973164,12.456187266395586
main,Agglomerative-complete,10.0,19,sao joao de meriti,124,107,17,86.29032258064517,10.642085649454684,10.661750543485098
main,Agglomerative-complete,10.0,19,seropedica,33,20,13,60.60606060606061,14.431656061822702,14.431656061822702
main,Agglomerative-complete,10.0,19,tangua,6,6,0,100.0,7.460462869987295,7.460462869987295
main,Agglomerative-average,3.0,99,belford roxo,104,94,10,90.38461538461539,3.2696822982933624,3.543410556685783
main,Agglomerative-average,3.0,99,cachoeiras de macacu,20,20,0,100.0,0.0,0.0
main,Agglomerative-average,3.0,99,duque de caxias,250,248,2,99.2,2.529567818206242,3.729830105049564
main,Agglomerative-average,3.0,99,guapimirim,21,21,0,100.0,2.3719374407124385,2.3719374407124385
main,Agglomerative-average,3.0,99,itaborai,56,54,2,96.42857142857143,2.376396374530224,3.3151202979198007
main,Agglomerative-average,3.0,99,itaguai,46,46,0,100.0,2.3123676332400884,2.4948809975565074
main,Agglomerative-average,3.0,99,japeri,34,34,0,100.0,2.4107719455499157,2.8848958693531483
main,Agglomerative-average,3.0,99,mage,104,101,3,97.11538461538461,2.6514922613646594,3.1970479158726017
main,Agglomerative-average,3.0,99,marica,133,131,2,98.49624060150376,2.920350622191408,3.0283930213251478
main,Agglomerative-average,3.0,99,mesquita,75,75,0,100.0,2.773500891719032,2.773500891719032
main,Agglomerative-average,3.0,99,nilopolis,103,103,0,100.0,2.187631692412019,2.187631692412019
main,Agglomerative-average,3.0,99,niteroi,824,809,15,98.17961165048544,2.642542764909288,3.1319345099837386
main,Agglomerative-average,3.0,99,nova iguacu,423,400,23,94.56264775413712,3.0561741969685983,4.445989903583037
main,Agglomerative-average,3.0,99,paracambi,35,35,0,100.0,0.0,0.0
main,Agglomerative-average,3.0,99,petropolis,234,218,16,93.16239316239316,3.0108251579469067,3.39659821114516
main,Agglomerative-average,3.0,99,queimados,53,53,0,100.0,2.824702850759088,2.830578027412645
main,Agglomerative-average,3.0,99,rio bonito,27,27,0,100.0,0.0,0.0
main,Agglomerative-average,3.0,99,rio de janeiro,6601,6208,393,94.04635661263445,3.046673536759157,4.65998641001609
main,Agglomerative-average,3.0,99,sao goncalo,385,381,4,98.96103896103897,2.7411873522889985,3.6658259661834673
main,Agglomerative-average,3.0,99,sao joao de meriti,124,118,6,95.16129032258064,2.990752404221554,3.2692502478373693
main,Agglomerative-average,3.0,99,seropedica,33,31,2,93.93939393939394,3.498729457991359,3.498729457991359
main,Agglomerative-average,3.0,99,tangua,6,6,0,100.0,0.0,0.0
main,Agglomerative-average,5.0,53,belford roxo,104,104,0,100.0,4.239573185599155,4.44278633232943
main,Agglomerative-average,5.0,53,cachoeiras de macacu,20,20,0,100.0,0.0,0.0
main,Agglomerative-average,5.0,53,duque de caxias,250,235,15,94.0,5.080059872439248,5.690117912728164
main,Agglomerative-average,5.0,53,guapimirim,21,17,4,80.95238095238095,6.151837255478808,6.151837255478808
main,Agglomerative-average,5.0,53,itaborai,56,51,5,91.07142857142857,5.168644293613353,6.128006926277294
main,Agglomerative-average,5.0,53,itaguai,46,42,4,91.30434782608695,6.6061157974916425,6.6061157974916425
main,Agglomerative-average,5.0,53,japeri,34,25,9,73.52941176470588,5.376958388970466,5.645116083651528
main,Agglomerative-average,5.0,53,mage,104,104,0,100.0,3.8766936637054017,4.143687973606327
main,Agglomerative-average,5.0,53,marica,133,128,5,96.2406015037594,4.594922403142545,5.100202209430759
main,Agglomerative-average,5.0,53,mesquita,75,75,0,100.0,4.3971766791659626,4.3971766791659626
main,Agglomerative-average,5.0,53,nilopolis,103,103,0,100.0,3.6633760120507417,3.6633760120507417
main,Agglomerative-average,5.0,53,niteroi,824,820,4,99.51456310679612,3.76399383333216,5.109709715229598
main,Agglomerative-average,5.0,53,nova iguacu,423,413,10,97.63593380614657,4.133030640877177,5.630382609076319
main,Agglomerative-average,5.0,53,paracambi,35,35,0,100.0,1.8704731929560847,1.8704731929560847
main,Agglomerative-average,5.0,53,petropolis,234,218,16,93.16239316239316,5.35917057303148,5.35917057303148
main,Agglomerative-average,5.0,53,queimados,53,53,0,100.0,3.157827403109565,4.800804483980554
main,Agglomerative-average,5.0,53,rio bonito,27,27,0,100.0,0.0,0.0
main,Agglomerative-average,5.0,53,rio de janeiro,6601,6316,285,95.68247235267384,4.853618831925894,6.279119102063728
main,Agglomerative-average,5.0,53,sao goncalo,385,373,12,96.88311688311688,4.5564950178826376,6.3184556937964205
main,Agglomerative-average,5.0,53,sao joao de meriti,124,122,2,98.38709677419355,4.553628434975379,5.016394424496597
main,Agglomerative-average,5.0,53,seropedica,33,33,0,100.0,4.811420300628054,4.811420300628054
main,Agglomerative-average,5.0,53,tangua,6,6,0,100.0,0.0,0.0
main,Agglomerative-average,10.0,24,belford roxo,104,101,3,97.11538461538461,9.504254104443335,10.008889559452818
main,Agglomerative-average,10.0,24,cachoeiras de macacu,20,20,0,100.0,0.0,0.0
main,Agglomerative-average,10.0,24,duque de caxias,250,160,90,64.0,11.729798004775372,12.12002018894342
main,Agglomerative-average,10.0,24,guapimirim,21,21,0,100.0,8.819518728524919,8.819518728524919
main,Agglomerative-average,10.0,24,itaborai,56,56,0,100.0,6.331832054961964,7.823245667561139
main,Agglomerative-average,10.0,24,itaguai,46,46,0,100.0,6.6061157974916425,6.6061157974916425
main,Agglomerative-average,10.0,24,japeri,34,34,0,100.0,4.538423108159588,4.538423108159588
main,Agglomerative-average,10.0,24,mage,104,104,0,100.0,9.764083880591675,9.764083880591675
main,Agglomerative-average,10.0,24,marica,133,131,2,98.49624060150376,9.11294173114528,11.03249992143547
main,Agglomerative-average,10.0,24,mesquita,75,75,0,100.0,4.4225617007130005,5.096398020866081
main,Agglomerative-average,10.0,24,nilopolis,103,103,0,100.0,5.987906784050195,6.43621602929867
main,Agglomerative-average,10.0,24,niteroi,824,819,5,99.39320388349515,8.28152751266103,10.656059756504357
main,Agglomerative-average,10.0,24,nova iguacu,423,356,67,84.16075650118204,11.472124793185078,12.277268298237866
main,Agglomerative-average,10.0,24,paracambi,35,0,35,0.0,10.453491973619895,10.453491973619895
main,Agglomerative-average,10.0,24,petropolis,234,234,0,100.0,6.770693695363883,7.569336436639607
main,Agglomerative-average,10.0,24,queimados,53,51,2,96.22641509433963,9.735330212642454,11.055573409067254
main,Agglomerative-average,10.0,24,rio bonito,27,27,0,100.0,1.883821717522946,1.883821717522946
main,Agglomerative-average,10.0,24,rio de janeiro,6601,6558,43,99.34858354794729,7.257039603090164,12.156017938698778
main,Agglomerative-average,10.0,24,sao goncalo,385,305,80,79.22077922077922,11.959655788973164,12.598147455231135
main,Agglomerative-average,10.0,24,sao joao de meriti,124,124,0,100.0,8.63499177651543,8.63499177651543
main,Agglomerative-average,10.0,24,seropedica,33,33,0,100.0,8.2421677700715,8.2421677700715
main,Agglomerative-average,10.0,24,tangua,6,6,0,100.0,8.476521242362951,8.476521242362951
main,P-Median,5.0,55,belford roxo,104,81,23,77.88461538461539,6.190923950110748,6.83501615888522
main,P-Median,5.0,55,cachoeiras de macacu,20,19,1,95.0,0.0,16.550308693700245
main,P-Median,5.0,55,duque de caxias,250,163,87,65.2,8.796223048254255,10.035150911485502
main,P-Median,5.0,55,guapimirim,21,17,4,80.95238095238095,7.410597948967999,7.410597948967999
main,P-Median,5.0,55,itaborai,56,37,19,66.07142857142857,7.474070129763937,7.809205867951098
main,P-Median,5.0,55,itaguai,46,38,8,82.6086956521739,8.337801652522263,8.337801652522263
main,P-Median,5.0,55,japeri,34,0,34,0.0,11.157111032010608,11.634044260440692
main,P-Median,5.0,55,mage,104,74,30,71.15384615384616,9.730211445405722,9.730211445405722
main,P-Median,5.0,55,marica,133,92,41,69.17293233082707,7.22771920827911,14.329920998283052
main,P-Median,5.0,55,mesquita,75,75,0,100.0,3.232920314910892,3.232920314910892
main,P-Median,5.0,55,nilopolis,103,103,0,100.0,2.3080957535357856,2.3080957535357856
main,P-Median,5.0,55,niteroi,824,815,9,98.90776699029126,2.9256120357287254,6.116035626099095
main,P-Median,5.0,55,nova iguacu,423,400,23,94.56264775413712,5.609701592141652,8.263262825910335
main,P-Median,5.0,55,paracambi,35,35,0,100.0,0.0,0.0
main,P-Median,5.0,55,petropolis,234,194,40,82.90598290598291,7.79635709419785,16.519318658721907
main,P-Median,5.0,55,queimados,53,30,23,56.60377358490566,7.5893419513408915,8.587494680742124
main,P-Median,5.0,55,rio bonito,27,27,0,100.0,0.0,0.0
main,P-Median,5.0,55,rio de janeiro,6601,6562,39,99.409180427208,3.572928130494607,6.971255341298399
main,P-Median,5.0,55,sao goncalo,385,348,37,90.3896103896104,5.261017559248988,6.9106730976860336
main,P-Median,5.0,55,sao joao de meriti,124,124,0,100.0,3.8564078065092415,4.007292813742835
main,P-Median,5.0,55,seropedica,33,0,33,0.0,14.618364215385649,14.618364215385649
main,P-Median,5.0,55,tangua,6,0,6,0.0,10.360342865340115,10.360342865340115
main,P-Median,10.0,23,belford roxo,104,104,0,100.0,7.273323285315663,7.7348800132898
main,P-Median,10.0,23,cachoeiras de macacu,20,0,20,0.0,26.950553178813895,26.950553178813895
main,P-Median,10.0,23,duque de caxias,250,183,67,73.2,12.234197867203257,14.524437410123667
main,P-Median,10.0,23,guapimirim,21,0,21,0.0,21.20885951647919,21.20885951647919
main,P-Median,10.0,23,itaborai,56,0,56,0.0,20.02535664319172,21.073613581227068
main,P-Median,10.0,23,itaguai,46,0,46,0.0,19.426588506507034,19.426588506507034
main,P-Median,10.0,23,japeri,34,14,20,41.1764705882353,13.616106292449045,13.648220338111932
main,P-Median,10.0,23,mage,104,60,44,57.69230769230769,14.463495993886488,16.005150400658202
main,P-Median,10.0,23,marica,133,100,33,75.18796992481202,13.59661412198706,14.329920998283052
main,P-Median,10.0,23,mesquita,75,75,0,100.0,3.976496716216935,4.082219503321707
main,P-Median,10.0,23,nilopolis,103,103,0,100.0,2.3080957535357856,2.3080957535357856
main,P-Median,10.0,23,niteroi,824,809,15,98.17961165048544,9.485846358708477,10.70420464652018
main,P-Median,10.0,23,nova iguacu,423,409,14,96.6903073286052,8.796355501467037,11.834976240376774
main,P-Median,10.0,23,paracambi,35,35,0,100.0,0.0,0.0
main,P-Median,10.0,23,petropolis,234,191,43,81.62393162393163,19.68016221159499,28.687629604511976
main,P-Median,10.0,23,queimados,53,3,50,5.660377358490566,14.24223690424539,14.253894816611052
main,P-Median,10.0,23,rio bonito,27,27,0,100.0,0.0,0.0
main,P-Median,10.0,23,rio de janeiro,6601,6601,0,100.0,5.479363087825584,8.472712523196261
main,P-Median,10.0,23,sao goncalo,385,385,0,100.0,7.087001804743695,8.459385339634476
main,P-Median,10.0,23,sao joao de meriti,124,124,0,100.0,6.098053207974652,6.497313647232671
main,P-Median,10.0,23,seropedica,33,0,33,0.0,15.44747312530992,15.44747312530992
main,P-Median,10.0,23,tangua,6,0,6,0.0,10.360342865340115,10.360342865340115
main,MCLP,5.0,40,belford roxo,104,91,13,87.5,5.699788989746433,6.072531152331374
main,MCLP,5.0,40,cachoeiras de macacu,20,0,20,0.0,26.950553178813895,26.950553178813895
main,MCLP,5.0,40,duque de caxias,250,163,87,65.2,8.796223048254255,10.035150911485502
main,MCLP,5.0,40,guapimirim,21,0,21,0.0,18.21820860109545,18.21820860109545
main,MCLP,5.0,40,itaborai,56,37,19,66.07142857142857,7.474070129763937,7.809205867951098
main,MCLP,5.0,40,itaguai,46,38,8,82.6086956521739,8.337801652522263,8.337801652522263
main,MCLP,5.0,40,japeri,34,0,34,0.0,11.157111032010608,11.634044260440692
main,MCLP,5.0,40,mage,104,74,30,71.15384615384616,9.730211445405722,10.505995828432589
main,MCLP,5.0,40,marica,133,92,41,69.17293233082707,7.22771920827911,14.329920998283052
main,MCLP,5.0,40,mesquita,75,75,0,100.0,4.958336792146202,4.9930856384244935
main,MCLP,5.0,40,nilopolis,103,103,0,100.0,4.363707504661551,4.363707504661551
main,MCLP,5.0,40,niteroi,824,820,4,99.51456310679612,4.3241591373920585,5.123463320945287
main,MCLP,5.0,40,nova iguacu,423,390,33,92.19858156028369,6.791428256105331,9.830504788358562
main,MCLP,5.0,40,paracambi,35,35,0,100.0,0.0,0.0
main,MCLP,5.0,40,petropolis,234,216,18,92.3076923076923,7.79635709419785,16.519318658721907
main,MCLP,5.0,40,queimados,53,30,23,56.60377358490566,7.5893419513408915,8.587494680742124
main,MCLP,5.0,40,rio bonito,27,27,0,100.0,0.0,0.0
main,MCLP,5.0,40,rio de janeiro,6601,6547,54,99.1819421299803,4.74719594633153,10.381628712023282
main,MCLP,5.0,40,sao goncalo,385,363,22,94.28571428571429,5.057155598591609,6.323116708291453
main,MCLP,5.0,40,sao joao de meriti,124,124,0,100.0,4.172609577221949,4.6316126986316215
main,MCLP,5.0,40,seropedica,33,0,33,0.0,14.618364215385649,14.618364215385649
main,MCLP,5.0,40,tangua,6,0,6,0.0,10.360342865340115,10.360342865340115
main,MCLP,10.0,15,belford roxo,104,104,0,100.0,7.776710320222637,8.704610926452844
main,MCLP,10.0,15,cachoeiras de macacu,20,0,20,0.0,50.4789120536817,50.4789120536817
main,MCLP,10.0,15,duque de caxias,250,246,4,98.4,9.745091728114067,10.19269523663228
main,MCLP,10.0,15,guapimirim,21,0,21,0.0,21.680372184972708,21.680372184972708
main,MCLP,10.0,15,itaborai,56,0,56,0.0,21.885241849592585,22.96627395425885
main,MCLP,10.0,15,itaguai,46,32,14,69.56521739130434,15.01751471922912,15.01751471922912
main,MCLP,10.0,15,japeri,34,0,34,0.0,19.40491487192381,19.40491487192381
main,MCLP,10.0,15,mage,104,0,104,0.0,21.32023389171029,23.195150818927264
main,MCLP,10.0,15,marica,133,109,24,81.95488721804512,10.87547553711942,14.329920998283052
main,MCLP,10.0,15,mesquita,75,75,0,100.0,5.981928652613063,6.607515245208141
main,MCLP,10.0,15,nilopolis,103,103,0,100.0,6.178647033809238,6.178647033809238
main,MCLP,10.0,15,niteroi,824,824,0,100.0,7.480684418706016,7.768839431809077
main,MCLP,10.0,15,nova iguacu,423,423,0,100.0,7.017309353481393,9.433251074836722
main,MCLP,10.0,15,paracambi,35,0,35,0.0,25.2425082576641,25.2425082576641
main,MCLP,10.0,15,petropolis,234,209,25,89.31623931623932,15.36700782499512,24.129870998257644
main,MCLP,10.0,15,queimados,53,52,1,98.11320754716981,8.711771349291327,11.177249257808985
main,MCLP,10.0,15,rio bonito,27,0,27,0.0,31.551660197352977,31.551660197352977
main,MCLP,10.0,15,rio de janeiro,6601,6568,33,99.50007574609907,9.23806153659655,10.808817591517158
main,MCLP,10.0,15,sao goncalo,385,382,3,99.22077922077922,8.816344039117588,10.382837166273823
main,MCLP,10.0,15,sao joao de meriti,124,124,0,100.0,7.3582302969752895,7.38324238387368
main,MCLP,10.0,15,seropedica,33,0,33,0.0,18.23374045839835,18.23374045839835
main,MCLP,10.0,15,tangua,6,0,6,0.0,23.495623129099208,23.495623129099208
all_candidates_sensitivity,P-Median,3.0,90,belford roxo,104,93,11,89.42307692307692,3.064931652402926,3.647120070599661
all_candidates_sensitivity,P-Median,3.0,90,cachoeiras de macacu,20,19,1,95.0,0.0,16.550308693700245
all_candidates_sensitivity,P-Median,3.0,90,duque de caxias,250,185,65,74.0,4.9650938998361545,5.33182210806411
all_candidates_sensitivity,P-Median,3.0,90,guapimirim,21,17,4,80.95238095238095,7.410597948967999,7.410597948967999
all_candidates_sensitivity,P-Median,3.0,90,itaborai,56,34,22,60.714285714285715,6.506971083700149,7.752139093050434
all_candidates_sensitivity,P-Median,3.0,90,itaguai,46,35,11,76.08695652173913,7.369783607662824,7.369783607662824
all_candidates_sensitivity,P-Median,3.0,90,japeri,34,19,15,55.88235294117647,5.234260496404304,5.234260496404304
all_candidates_sensitivity,P-Median,3.0,90,mage,104,75,29,72.11538461538461,6.411775132825314,9.06740526925756
all_candidates_sensitivity,P-Median,3.0,90,marica,133,96,37,72.18045112781955,5.0473427320727575,13.959387596655228
all_candidates_sensitivity,P-Median,3.0,90,mesquita,75,75,0,100.0,2.17421346036187,2.17421346036187
all_candidates_sensitivity,P-Median,3.0,90,nilopolis,103,103,0,100.0,2.3080957535357856,2.3080957535357856
all_candidates_sensitivity,P-Median,3.0,90,niteroi,824,815,9,98.90776699029126,1.9317912047174928,3.895855930813036
all_candidates_sensitivity,P-Median,3.0,90,nova iguacu,423,375,48,88.65248226950355,4.74240101019026,7.283548367125678
all_candidates_sensitivity,P-Median,3.0,90,paracambi,35,35,0,100.0,0.0,0.0
all_candidates_sensitivity,P-Median,3.0,90,petropolis,234,193,41,82.47863247863248,4.753622875107286,9.4223607064279
all_candidates_sensitivity,P-Median,3.0,90,queimados,53,49,4,92.45283018867924,3.0063929793869058,3.200123022071748
all_candidates_sensitivity,P-Median,3.0,90,rio bonito,27,27,0,100.0,0.0,0.0
all_candidates_sensitivity,P-Median,3.0,90,rio de janeiro,6601,6481,120,98.18209362217846,2.3511206910463835,5.014715914324815
all_candidates_sensitivity,P-Median,3.0,90,sao goncalo,385,349,36,90.64935064935065,3.9141746834882976,6.323116708291453
all_candidates_sensitivity,P-Median,3.0,90,sao joao de meriti,124,101,23,81.45161290322581,3.8564078065092415,4.208942584511028
all_candidates_sensitivity,P-Median,3.0,90,seropedica,33,31,2,93.93939393939394,3.476725778636354,3.476725778636354
all_candidates_sensitivity,P-Median,3.0,90,tangua,6,0,6,0.0,10.360342865340115,10.360342865340115
all_candidates_sensitivity,MCLP,3.0,64,belford roxo,104,91,13,87.5,3.723655395378789,4.134969863639922
all_candidates_sensitivity,MCLP,3.0,64,cachoeiras de macacu,20,0,20,0.0,26.950553178813895,26.950553178813895
all_candidates_sensitivity,MCLP,3.0,64,duque de caxias,250,205,45,82.0,5.651251723106653,9.742452884601027
all_candidates_sensitivity,MCLP,3.0,64,guapimirim,21,0,21,0.0,17.47616869808689,17.47616869808689
all_candidates_sensitivity,MCLP,3.0,64,itaborai,56,35,21,62.5,6.912173550621144,7.809205867951098
all_candidates_sensitivity,MCLP,3.0,64,itaguai,46,38,8,82.6086956521739,7.2019453688524,7.2019453688524
all_candidates_sensitivity,MCLP,3.0,64,japeri,34,0,34,0.0,7.989647585235695,8.27220642291293
all_candidates_sensitivity,MCLP,3.0,64,mage,104,67,37,64.42307692307692,9.730211445405722,10.021148452328555
all_candidates_sensitivity,MCLP,3.0,64,marica,133,109,24,81.95488721804512,6.248496932795861,13.11183486561258
all_candidates_sensitivity,MCLP,3.0,64,mesquita,75,73,2,97.33333333333333,2.821729285624851,3.114953218489342
all_candidates_sensitivity,MCLP,3.0,64,nilopolis,103,100,3,97.0873786407767,2.815987747590059,3.2441529424812563
all_candidates_sensitivity,MCLP,3.0,64,niteroi,824,813,11,98.66504854368932,2.999282457421771,4.071984981630713
all_candidates_sensitivity,MCLP,3.0,64,nova iguacu,423,376,47,88.88888888888889,4.348190326131384,9.312524777011497
all_candidates_sensitivity,MCLP,3.0,64,paracambi,35,35,0,100.0,0.0,0.0
all_candidates_sensitivity,MCLP,3.0,64,petropolis,234,205,29,87.6068376068376,10.490108325022312,19.31972202977331
all_candidates_sensitivity,MCLP,3.0,64,queimados,53,51,2,96.22641509433963,2.844342935828612,4.800389829570525
all_candidates_sensitivity,MCLP,3.0,64,rio bonito,27,27,0,100.0,0.0,0.0
all_candidates_sensitivity,MCLP,3.0,64,rio de janeiro,6601,6485,116,98.24269050143917,2.870791586851245,6.971255341298399
all_candidates_sensitivity,MCLP,3.0,64,sao goncalo,385,375,10,97.40259740259741,2.884938795669439,5.361029421555471
all_candidates_sensitivity,MCLP,3.0,64,sao joao de meriti,124,122,2,98.38709677419355,2.790256189277682,3.0556115903106646
all_candidates_sensitivity,MCLP,3.0,64,seropedica,33,0,33,0.0,14.618364215385649,14.618364215385649
all_candidates_sensitivity,MCLP,3.0,64,tangua,6,0,6,0.0,10.360342865340115,10.360342865340115
