phase,method,K_target,total_orders,n_prefixes,n_facilities,weighted_avg_distance_km,max_distance_km,median_distance_km,p95_distance_km,p99_distance_km,p95_CEPs_distance_km,p99_CEPs_distance_km,assigned_orders_pct,native_assigned_orders_pct,CEPs_reassigned_to_nearest,orders_reassigned_to_nearest,native_max_distance_km,coverage_3km_%,coverage_5km_%,coverage_10km_%
before_cleaning,KMeans-weighted,70,9692,829,70,1.486223886234189,15.143359680981625,1.2603347680800983,3.3308142490908508,4.818620904427055,4.454249455958391,6.529316349583696,100.0,100.0,6,89,15.143359680981625,91.1989269500619,99.07139909203467,99.96904663640116
before_cleaning,Agglomerative-ward,70,9692,829,70,1.7878240342617875,8.476521242362951,1.7314787936822205,3.334563143333576,5.154687798229854,3.863016172140692,5.3646661014793775,100.0,100.0,52,492,8.476521242362951,90.88939331407346,98.86504333470903,100.0
before_cleaning,Agglomerative-complete,70,9692,829,70,1.9204209909327017,6.2637561834818865,1.8568470885250885,3.833742001651824,4.654636964754717,4.130156935884693,4.8239615303839924,100.0,100.0,73,609,6.2637561834818865,85.42096574494428,99.81427981840693,100.0
before_cleaning,Agglomerative-average,70,9692,829,70,2.1797284027146038,6.790689840120123,2.138415667136614,4.0501823499435305,4.51528439238484,4.213264300494913,5.398553885065997,100.0,100.0,45,552,7.280018448458522,74.96904663640116,99.3293437886917,100.0
before_cleaning,P-Median,70,9692,829,70,1.4645881144138468,160.7831475671732,1.0572448639980092,4.310538247577604,8.601564523477617,7.5919396206916225,11.500502956480283,100.0,100.0,0,0,160.7831475671732,88.81551795295088,96.24432521667354,99.33966157655799
before_cleaning,MCLP-R3km,70,9692,829,70,1.7571879629556075,160.7831475671732,1.5877104097135522,4.279308867522561,8.601564523477617,7.729339305520371,11.28967283883015,100.0,100.0,0,0,160.7831475671732,92.55055716054478,96.34750309533636,99.42220387948824
after_cleaning,KMeans-weighted,70,9691,828,70,1.4910433919338637,15.264598378487985,1.3170037215268224,3.254351953137291,4.853936072039876,4.310004825166283,6.048278625511996,100.0,100.0,3,42,15.264598378487985,92.70457125167681,99.07130327107626,99.96904344236921
after_cleaning,Agglomerative-ward,70,9691,828,70,1.7674534946961786,8.476521242362951,1.7216384091698045,3.3387799871976074,5.154687798229854,3.863357395365815,5.364742428263447,100.0,100.0,46,481,8.476521242362951,90.42410483954184,98.86492622020431,100.0
after_cleaning,Agglomerative-complete,70,9691,828,70,1.9229242260943524,6.2637561834818865,1.8538503950136453,3.8201527897651895,4.555392128340315,3.9502896545731403,4.7687934139517445,100.0,100.0,78,615,6.2637561834818865,85.22340315756888,99.81426065421525,100.0
after_cleaning,Agglomerative-average,70,9691,828,70,2.1497658172992313,6.151837255478808,2.1169750486379533,4.003640689895725,4.558269191001281,4.11962892663885,5.074494987862563,100.0,100.0,55,603,7.280018448458522,75.12124651738726,99.44278196264575,100.0
after_cleaning,P-Median,70,9691,828,70,1.4461690552662452,16.550308693700245,1.0787492056971686,4.310538247577604,8.49121634560142,7.560266831567809,11.148877794682868,100.0,100.0,0,0,16.550308693700245,88.58734908678156,96.17170570632545,99.34991228975338
after_cleaning,MCLP-R3km,70,9691,828,70,1.7601885391908425,16.550308693700245,1.5877104097135522,4.310538247577604,8.49121634560142,7.733264097103218,11.148877794682868,100.0,100.0,0,0,16.550308693700245,92.60138272624084,96.21298111649985,99.43246311010215
