method,facility_id,lat,lng
Agglomerative-average,0,-22.897100441053226,-43.10109182341902
Agglomerative-average,1,-22.64654045037916,-43.05543328766753
Agglomerative-average,2,-22.68056323702831,-43.14118001128906
Agglomerative-average,3,-22.744877556592513,-42.860364263705435
Agglomerative-average,4,-22.934355320853086,-43.36022940282713
Agglomerative-average,5,-22.920351279554374,-43.20939043843522
Agglomerative-average,6,-22.930788192088666,-42.90510340366134
Agglomerative-average,7,-23.008198880782512,-43.46349404691435
Agglomerative-average,8,-22.66883147056038,-43.274580849881126
Agglomerative-average,9,-22.884617734747955,-43.27565566668259
Agglomerative-average,10,-22.411304234215557,-43.13126527284445
Agglomerative-average,11,-22.740669459267647,-43.45147781364589
Agglomerative-average,12,-22.813831474159215,-43.58902014780873
Agglomerative-average,13,-22.896068940899603,-43.56317653686035
Agglomerative-average,14,-22.979971085586023,-43.395271814020276
Agglomerative-average,15,-22.730127472336385,-43.33325011382766
Agglomerative-average,16,-22.82650272363473,-43.00376292709434
Agglomerative-average,17,-22.882666701535967,-43.42322024738942
Agglomerative-average,18,-22.617975260015662,-43.179272739320666
Agglomerative-average,19,-22.911962873963198,-43.6261761049135
Agglomerative-average,20,-22.806662142475478,-43.19391095504187
Agglomerative-average,21,-22.745579727839676,-43.51129185854244
Agglomerative-average,22,-22.76609437782412,-42.91990577082054
Agglomerative-average,23,-22.824953870583247,-43.05832829325709
Agglomerative-average,24,-22.804488655168512,-43.4167616978051
Agglomerative-average,25,-22.740348512916984,-43.70289019290716
Agglomerative-average,26,-22.6783549818427,-43.6063672943581
Agglomerative-average,27,-22.51538213592116,-43.1928421695982
Agglomerative-average,28,-22.987835696797166,-43.26353813123164
Agglomerative-average,29,-22.92074117294822,-42.83104352386967
Agglomerative-average,30,-22.866455816256806,-43.77365620653202
Agglomerative-average,31,-22.953415567921823,-43.59719047904192
Agglomerative-average,32,-22.87220195839783,-43.47265205142946
Agglomerative-average,33,-22.602759574173632,-43.30035269962987
Agglomerative-average,34,-22.88034393975771,-43.35087161145993
Agglomerative-average,35,-22.711927870432564,-42.63004113951235
Agglomerative-average,36,-22.427894024726776,-43.20138979903541
Agglomerative-average,37,-22.60367916043864,-42.74073968432629
Agglomerative-average,38,-22.82642300102884,-42.95091668565985
Agglomerative-average,39,-22.886876156007695,-43.82949620416807
Agglomerative-average,40,-23.0049905225767,-43.54784520457546
Agglomerative-average,41,-22.647299171382247,-43.652475254437554
Agglomerative-average,42,-22.573490103559394,-43.055793314782285
Agglomerative-average,43,-22.844499308675637,-43.369379217761626
Agglomerative-average,44,-22.886855944516643,-43.00579464541522
Agglomerative-average,45,-22.97393304015122,-43.692431028413075
Agglomerative-average,46,-22.982014002085783,-43.640255287927204
Agglomerative-average,47,-22.26889273967007,-43.07681259121553
Agglomerative-average,48,-23.005012045118427,-43.33369850506091
Agglomerative-average,49,-22.94479051345342,-43.044262963511954
Agglomerative-average,50,-22.953190794210705,-42.96426775731719
Agglomerative-average,51,-22.33852928975817,-43.12899883949998
Agglomerative-average,52,-22.969249663260854,-43.19922396416508
Agglomerative-average,53,-22.80085271969253,-43.64818619408696
Agglomerative-average,54,-22.61483382699214,-43.705683375748585
Agglomerative-average,55,-22.787222392364924,-43.36649062713363
Agglomerative-average,56,-22.71538558398837,-42.80638584132024
Agglomerative-average,57,-22.918012945849114,-43.67705435144783
Agglomerative-average,58,-22.835874327404984,-43.30804777068841
Agglomerative-average,59,-22.94856570290517,-42.70343236618995
Agglomerative-average,60,-22.742113422587774,-43.39759803435549
Agglomerative-average,61,-22.6632991804878,-43.42190649887993
Agglomerative-average,62,-22.638468495840026,-43.22998954209802
Agglomerative-average,63,-22.73521870942802,-42.727847609078914
Agglomerative-average,64,-22.71404091885161,-43.56451440044021
Agglomerative-average,65,-22.765111723156878,-43.559026201122336
Agglomerative-average,66,-22.470849051492323,-42.657121037845286
Agglomerative-average,67,-22.48074477987242,-43.15328803195415
Agglomerative-average,68,-22.530351240509944,-42.97868755223598
Agglomerative-average,69,-22.768238047172815,-43.30335778551661
Agglomerative-complete,0,-22.915347839471757,-43.21910967804814
Agglomerative-complete,1,-22.805994334793315,-43.61874097595481
Agglomerative-complete,2,-22.936509473564342,-42.94511519888635
Agglomerative-complete,3,-22.89711035200873,-43.103965130996556
Agglomerative-complete,4,-22.830003683444478,-43.01073814950683
Agglomerative-complete,5,-22.730260428068107,-42.747482167139246
Agglomerative-complete,6,-22.715971370412937,-43.54552955746914
Agglomerative-complete,7,-22.924184089925554,-43.609217414786855
Agglomerative-complete,8,-22.892348258925573,-43.28205433378065
Agglomerative-complete,9,-22.90241212217659,-43.56532671301769
Agglomerative-complete,10,-22.88149964930932,-43.43052799638347
Agglomerative-complete,11,-22.979971085586023,-43.395271814020276
Agglomerative-complete,12,-22.757624012664742,-43.5123378741627
Agglomerative-complete,13,-22.81721320429249,-42.96314635347933
Agglomerative-complete,14,-22.78672196250653,-43.360319440165526
Agglomerative-complete,15,-22.42005740210417,-43.141178883214565
Agglomerative-complete,16,-22.92074117294822,-42.83104352386967
Agglomerative-complete,17,-22.956828558903897,-43.18687768423304
Agglomerative-complete,18,-22.624109639675027,-43.69048105537401
Agglomerative-complete,19,-22.83345515801456,-43.39625032202515
Agglomerative-complete,20,-22.72393194121764,-43.32306256846176
Agglomerative-complete,21,-22.892032654019413,-43.02816495670538
Agglomerative-complete,22,-22.744877556592513,-42.860364263705435
Agglomerative-complete,23,-22.68631862812319,-43.45455684224154
Agglomerative-complete,24,-22.94479051345342,-43.044262963511954
Agglomerative-complete,25,-22.978378666776944,-43.22962650348128
Agglomerative-complete,26,-23.008198880782512,-43.46349404691435
Agglomerative-complete,27,-22.751941704500872,-43.427837174735885
Agglomerative-complete,28,-22.806662142475478,-43.19391095504187
Agglomerative-complete,29,-22.9246473845049,-43.37729918704423
Agglomerative-complete,30,-22.76609437782412,-42.91990577082054
Agglomerative-complete,31,-23.005012045118427,-43.33369850506091
Agglomerative-complete,32,-22.64654045037916,-43.05543328766753
Agglomerative-complete,33,-22.68056323702831,-43.14118001128906
Agglomerative-complete,34,-22.61291182023793,-43.17608940034525
Agglomerative-complete,35,-22.63931281233627,-43.221062133767575
Agglomerative-complete,36,-22.60367916043864,-42.74073968432629
Agglomerative-complete,37,-22.88034393975771,-43.35087161145993
Agglomerative-complete,38,-22.6783549818427,-43.6063672943581
Agglomerative-complete,39,-22.738390089617603,-43.45832421901027
Agglomerative-complete,40,-22.945950911491206,-43.33984049390116
Agglomerative-complete,41,-22.665512837454028,-43.271350468799
Agglomerative-complete,42,-22.518253030691497,-43.194481731769194
Agglomerative-complete,43,-22.91096056802483,-43.681811013252734
Agglomerative-complete,44,-22.7650753719,-43.30024061958166
Agglomerative-complete,45,-22.361649528364033,-43.122806236434656
Agglomerative-complete,46,-22.870854100495723,-43.47679058651652
Agglomerative-complete,47,-22.94856570290517,-42.70343236618995
Agglomerative-complete,48,-22.884268143158806,-43.6238943868498
Agglomerative-complete,49,-22.26889273967007,-43.07681259121553
Agglomerative-complete,50,-22.830389841084337,-43.06965569393069
Agglomerative-complete,51,-22.95823329162005,-43.68006080458167
Agglomerative-complete,52,-22.886876156007695,-43.82949620416807
Agglomerative-complete,53,-22.573490103559394,-43.055793314782285
Agglomerative-complete,54,-22.79306614600266,-43.42306563225972
Agglomerative-complete,55,-22.602759574173632,-43.30035269962987
Agglomerative-complete,56,-22.837279276085603,-43.3213885536169
Agglomerative-complete,57,-22.84173346070939,-43.27068489760095
Agglomerative-complete,58,-22.734157057811878,-43.37832144939832
Agglomerative-complete,59,-23.0049905225767,-43.54784520457546
Agglomerative-complete,60,-22.470849051492323,-42.657121037845286
Agglomerative-complete,61,-22.530351240509944,-42.97868755223598
Agglomerative-complete,62,-22.808280499464548,-43.03300553204633
Agglomerative-complete,63,-22.711927870432564,-42.63004113951235
Agglomerative-complete,64,-22.9419866179875,-42.88591132500155
Agglomerative-complete,65,-22.866455816256806,-43.77365620653202
Agglomerative-complete,66,-22.876764147264918,-43.5430653180742
Agglomerative-complete,67,-22.484839778930247,-43.16235784831072
Agglomerative-complete,68,-22.982014002085783,-43.640255287927204
Agglomerative-complete,69,-22.740348512916984,-43.70289019290716
Agglomerative-ward,0,-22.87459118477344,-43.3494689916991
Agglomerative-ward,1,-22.509175442062713,-43.185754433951
Agglomerative-ward,2,-22.996363513578345,-43.32488309135368
Agglomerative-ward,3,-22.911293753928067,-43.62607216095936
Agglomerative-ward,4,-22.710066321119335,-43.453021475104904
Agglomerative-ward,5,-22.93096432598951,-43.36353371469146
Agglomerative-ward,6,-22.743986613271346,-43.51869656257655
Agglomerative-ward,7,-22.66883147056038,-43.274580849881126
Agglomerative-ward,8,-22.83523998617443,-43.39906531235648
Agglomerative-ward,9,-22.930788192088666,-42.90510340366134
Agglomerative-ward,10,-22.966904402216176,-43.58428479187376
Agglomerative-ward,11,-22.399197447196986,-43.13461722365032
Agglomerative-ward,12,-22.873849703297324,-43.46674287992208
Agglomerative-ward,13,-22.71616256843174,-42.647824133979
Agglomerative-ward,14,-22.897646262280745,-43.10416539819913
Agglomerative-ward,15,-22.741828005739873,-43.396837059723204
Agglomerative-ward,16,-22.892032654019413,-43.02816495670538
Agglomerative-ward,17,-22.92045815040018,-43.18197852714415
Agglomerative-ward,18,-22.68056323702831,-43.14118001128906
Agglomerative-ward,19,-22.91953885095615,-43.23420186203332
Agglomerative-ward,20,-22.815410320701268,-43.02430074831802
Agglomerative-ward,21,-22.777031113268073,-43.3595736087242
Agglomerative-ward,22,-22.771653529538348,-43.30175832055401
Agglomerative-ward,23,-22.832210396766957,-43.068406984842085
Agglomerative-ward,24,-22.81487899109971,-42.968378331558576
Agglomerative-ward,25,-22.888627332918837,-43.300339939103395
Agglomerative-ward,26,-22.618128525599097,-43.18018124054623
Agglomerative-ward,27,-22.624109639675027,-43.69048105537401
Agglomerative-ward,28,-22.895327245032156,-43.58279570478115
Agglomerative-ward,29,-22.92074117294822,-42.83104352386967
Agglomerative-ward,30,-22.752923689108346,-43.44493449609898
Agglomerative-ward,31,-22.979503836728174,-43.214603058323796
Agglomerative-ward,32,-22.979971085586023,-43.395271814020276
Agglomerative-ward,33,-22.800132931868745,-43.37339552758777
Agglomerative-ward,34,-22.73515605918935,-43.3240369594712
Agglomerative-ward,35,-22.743473176944697,-42.857793862639475
Agglomerative-ward,36,-22.794057193146486,-43.421643197817986
Agglomerative-ward,37,-22.470849051492323,-42.657121037845286
Agglomerative-ward,38,-22.876764147264918,-43.5430653180742
Agglomerative-ward,39,-22.918012945849114,-43.67705435144783
Agglomerative-ward,40,-22.64654045037916,-43.05543328766753
Agglomerative-ward,41,-22.834655528674787,-43.306620505910615
Agglomerative-ward,42,-22.866455816256806,-43.77365620653202
Agglomerative-ward,43,-22.71404091885161,-43.56451440044021
Agglomerative-ward,44,-22.602759574173632,-43.30035269962987
Agglomerative-ward,45,-22.806662142475478,-43.19391095504187
Agglomerative-ward,46,-22.982014002085783,-43.640255287927204
Agglomerative-ward,47,-22.740348512916984,-43.70289019290716
Agglomerative-ward,48,-22.88339530204089,-43.41548453480053
Agglomerative-ward,49,-22.6783549818427,-43.6063672943581
Agglomerative-ward,50,-22.26889273967007,-43.07681259121553
Agglomerative-ward,51,-22.94479051345342,-43.044262963511954
Agglomerative-ward,52,-22.85550534528319,-43.261326078749306
Agglomerative-ward,53,-22.76609437782412,-42.91990577082054
Agglomerative-ward,54,-22.94856570290517,-42.70343236618995
Agglomerative-ward,55,-22.60367916043864,-42.74073968432629
Agglomerative-ward,56,-22.838741751465548,-43.00385912915968
Agglomerative-ward,57,-22.811564417819163,-43.58684198964498
Agglomerative-ward,58,-22.573490103559394,-43.055793314782285
Agglomerative-ward,59,-22.639178963185213,-43.23066295472449
Agglomerative-ward,60,-22.95981319045412,-43.186976535795516
Agglomerative-ward,61,-22.74990747979665,-43.47888978261968
Agglomerative-ward,62,-22.953190794210705,-42.96426775731719
Agglomerative-ward,63,-22.915919142301757,-43.548288772110745
Agglomerative-ward,64,-22.90100995289751,-43.275712969030565
Agglomerative-ward,65,-23.008198880782512,-43.46349404691435
Agglomerative-ward,66,-22.80085271969253,-43.64818619408696
Agglomerative-ward,67,-22.530351240509944,-42.97868755223598
Agglomerative-ward,68,-22.886876156007695,-43.82949620416807
Agglomerative-ward,69,-22.97393304015122,-43.692431028413075
KMeans-weighted,0,-22.887414131578897,-43.360556687506126
KMeans-weighted,1,-22.902156544351495,-43.108255356719795
KMeans-weighted,2,-22.515382135921158,-43.192842169598194
KMeans-weighted,3,-22.878044469044426,-43.543315964342966
KMeans-weighted,4,-22.922682737243523,-43.243957586496336
KMeans-weighted,5,-22.76758886615321,-42.92248310535659
KMeans-weighted,6,-22.76823804717282,-43.3033577855166
KMeans-weighted,7,-23.008198880782512,-43.46349404691434
KMeans-weighted,8,-22.70547378447947,-43.44956090651438
KMeans-weighted,9,-22.9766048631461,-43.20090278671697
KMeans-weighted,10,-22.950081725240675,-43.333034201496424
KMeans-weighted,11,-22.9616457424363,-43.67409656285366
KMeans-weighted,12,-22.470849051492323,-42.657121037845286
KMeans-weighted,13,-22.921638738430705,-42.826927034912266
KMeans-weighted,14,-22.651960518413084,-43.27466452025746
KMeans-weighted,15,-22.624109639675027,-43.69048105537401
KMeans-weighted,16,-22.907712544679665,-43.18378072671297
KMeans-weighted,17,-22.74901184779392,-43.455963229891054
KMeans-weighted,18,-22.81833383592546,-43.0389390886311
KMeans-weighted,19,-22.806662142475478,-43.19391095504187
KMeans-weighted,20,-22.70318015481279,-43.57643289415063
KMeans-weighted,21,-22.462657330453652,-43.15242865611096
KMeans-weighted,22,-22.899974431291973,-43.28352714492711
KMeans-weighted,23,-22.9232765910932,-43.58636272772753
KMeans-weighted,24,-22.71285423290253,-42.65055694428333
KMeans-weighted,25,-22.937769930994143,-43.046237410305295
KMeans-weighted,26,-22.64095641881601,-43.056502830846554
KMeans-weighted,27,-22.935424007315294,-43.18147838180174
KMeans-weighted,28,-22.83546909933353,-43.313714014956986
KMeans-weighted,29,-22.872349482411632,-43.47318575638182
KMeans-weighted,30,-22.88687615600769,-43.82949620416807
KMeans-weighted,31,-22.815302024060138,-43.41456466205181
KMeans-weighted,32,-22.93415699418815,-43.36030536131954
KMeans-weighted,33,-23.00061899109568,-43.40471828456725
KMeans-weighted,34,-22.622684483877663,-43.190308676721465
KMeans-weighted,35,-22.852842380932927,-43.265783551474776
KMeans-weighted,36,-22.26889273967007,-43.07681259121553
KMeans-weighted,37,-22.535821878156177,-42.9913038543848
KMeans-weighted,38,-22.866455816256803,-43.77365620653202
KMeans-weighted,39,-22.84385015491924,-42.94739263192471
KMeans-weighted,40,-22.72528818830688,-43.326487892227874
KMeans-weighted,41,-22.77665193316076,-43.42403267572851
KMeans-weighted,42,-22.745881621976462,-43.51652996019229
KMeans-weighted,43,-22.881556018557003,-43.42919195247215
KMeans-weighted,44,-22.740348512916984,-43.70289019290716
KMeans-weighted,45,-22.98228328692923,-43.23357849113973
KMeans-weighted,46,-22.74243819754863,-43.395373033461595
KMeans-weighted,47,-22.95109958091487,-42.96240208236594
KMeans-weighted,48,-23.00501204511843,-43.3336985050609
KMeans-weighted,49,-22.38389305333808,-43.126881299093654
KMeans-weighted,50,-22.879529400744442,-43.08984148602584
KMeans-weighted,51,-22.959801419979875,-43.18514443378431
KMeans-weighted,52,-22.878739789980195,-43.01330248156904
KMeans-weighted,53,-22.789661604530217,-43.36644606905481
KMeans-weighted,54,-22.743473176944697,-42.857793862639475
KMeans-weighted,55,-22.912308534388472,-43.22282685729332
KMeans-weighted,56,-22.96554242872385,-43.388670665927215
KMeans-weighted,57,-22.834761008334652,-43.075280469842525
KMeans-weighted,58,-22.8815496768051,-43.322553945377294
KMeans-weighted,59,-22.820643435250243,-42.99933057335838
KMeans-weighted,60,-22.93543584732432,-42.89937821642134
KMeans-weighted,61,-22.80734209692587,-43.61860317094784
KMeans-weighted,62,-22.85416957756018,-43.3691669391711
KMeans-weighted,63,-22.914629610178594,-43.552059292535056
KMeans-weighted,64,-22.912016790034542,-43.62742126712823
KMeans-weighted,65,-22.918461945420386,-43.39229971382937
KMeans-weighted,66,-22.982133319706275,-43.5922516396604
KMeans-weighted,67,-22.88953813040715,-43.58539981168029
KMeans-weighted,68,-22.910830302577924,-43.68349204537269
KMeans-weighted,69,-22.68056323702831,-43.14118001128905
P-Median,0,-22.88654522617883,-43.28157899070825
P-Median,1,-22.87085601200714,-43.54384874896292
P-Median,2,-22.93615390975268,-43.18183226783302
P-Median,3,-22.52044984882392,-43.19101234595281
P-Median,4,-22.87922689320265,-43.09157186572144
P-Median,5,-22.93691091371265,-43.36097335035081
P-Median,6,-22.76452043290213,-43.40324268558952
P-Median,7,-22.922380751135307,-43.629510536912335
P-Median,8,-22.822624306841355,-43.00309374212156
P-Median,9,-22.836828071243165,-43.30804460963914
P-Median,10,-22.96550432697566,-43.21544841322038
P-Median,11,-23.01298650422646,-43.46551954103294
P-Median,12,-22.926258825257275,-43.231846424609145
P-Median,13,-22.919618105516072,-42.83978957558533
P-Median,14,-23.00365666838398,-43.34075885321385
P-Median,15,-22.716288877191023,-43.51530571258531
P-Median,16,-22.809517664348768,-43.200203165434935
P-Median,17,-22.755338688692213,-43.308531682770784
P-Median,18,-22.711927870432564,-42.63004113951235
P-Median,19,-22.89512617328995,-43.357502145957
P-Median,20,-22.947654432561997,-43.03365087049761
P-Median,21,-22.61483382699214,-43.705683375748585
P-Median,22,-22.877775179542617,-43.57771051289783
P-Median,23,-22.90630099451813,-43.105973880660926
P-Median,24,-22.615933155012947,-43.17975719830376
P-Median,25,-22.88188843504765,-43.46899760400734
P-Median,26,-22.805706631753832,-43.42307905240664
P-Median,27,-22.969148201152677,-43.38306523796816
P-Median,28,-22.408608081087024,-43.13140914649253
P-Median,29,-22.850770856037,-43.27052152360208
P-Median,30,-22.74248129310771,-42.85721075258665
P-Median,31,-22.90568600024909,-43.177156307060464
P-Median,32,-22.87093410934107,-43.76901268302672
P-Median,33,-22.98416017609255,-43.22495474880264
P-Median,34,-22.94338467090066,-43.33437919544068
P-Median,35,-22.651419516496585,-43.06655787630402
P-Median,36,-22.953082188232276,-43.18924536490677
P-Median,37,-22.470849051492323,-42.657121037845286
P-Median,38,-22.827481947170185,-43.0698152344756
P-Median,39,-23.00061899109568,-43.40471828456725
P-Median,40,-22.60728606434383,-43.29857473776487
P-Median,41,-22.790646777654263,-43.375643445446975
P-Median,42,-22.92275898098941,-43.246104027508025
P-Median,43,-22.909310774242133,-43.67111972773999
P-Median,44,-22.712261582859316,-43.43397796646818
P-Median,45,-22.88331793518069,-43.31951190668025
P-Median,46,-22.980184787318848,-43.19459066773997
P-Median,47,-22.527718078493137,-42.97826627951071
P-Median,48,-22.916840745702157,-43.56234010712124
P-Median,49,-22.86782548778561,-43.002749069555286
P-Median,50,-22.91934258444981,-43.21542322502569
P-Median,51,-22.96669955681108,-43.6017686687425
P-Median,52,-22.7692389862532,-43.52530849381608
P-Median,53,-22.876979699775763,-43.42527912676291
P-Median,54,-22.906575946931888,-43.28819167590577
P-Median,55,-22.954278207609654,-42.96711894755224
P-Median,56,-22.9790211808901,-43.69012245165258
P-Median,57,-22.75587652233678,-43.45011309119682
P-Median,58,-22.91816741998529,-43.38651552844117
P-Median,59,-22.965586191842657,-43.18405306861811
P-Median,60,-22.855135850026095,-43.36350730842812
P-Median,61,-22.893701145563103,-43.12041784927668
P-Median,62,-22.94061686421916,-43.06545401112341
P-Median,63,-22.96619236089961,-43.33073451387544
P-Median,64,-22.984082408782115,-43.44889019919411
P-Median,65,-22.902823180776025,-43.05085812937721
P-Median,66,-22.896089584185965,-43.59889671190928
P-Median,67,-22.91285701073433,-43.18834911843799
P-Median,68,-22.893703236582244,-43.23151762119004
P-Median,69,-22.475562635890437,-43.148370152985294
MCLP-R3km,0,-22.95440868548141,-43.185650031057385
MCLP-R3km,1,-22.91679214318689,-43.2315503991291
MCLP-R3km,2,-22.897237232548903,-43.09915756428693
MCLP-R3km,3,-22.98210232841188,-43.22013314970181
MCLP-R3km,4,-22.91285701073433,-43.18834911843799
MCLP-R3km,5,-22.920928532759326,-43.3584654815096
MCLP-R3km,6,-22.88654522617883,-43.28157899070825
MCLP-R3km,7,-22.896407842881192,-43.57751001381104
MCLP-R3km,8,-22.84373140637614,-43.30242672582638
MCLP-R3km,9,-22.87044820264357,-43.34296526816304
MCLP-R3km,10,-23.001267617010637,-43.3355988370672
MCLP-R3km,11,-22.749383783452853,-43.44373182064543
MCLP-R3km,12,-22.949418433889697,-43.38717689639774
MCLP-R3km,13,-23.01298650422646,-43.46551954103294
MCLP-R3km,14,-22.829351276710405,-43.01399541493803
MCLP-R3km,15,-22.805706631753832,-43.42307905240664
MCLP-R3km,16,-22.88188843504765,-43.46899760400734
MCLP-R3km,17,-22.96619236089961,-43.33073451387544
MCLP-R3km,18,-22.79811558143935,-43.19569772270941
MCLP-R3km,19,-22.84825657231105,-43.25613344368642
MCLP-R3km,20,-22.9411555966564,-43.043134176624925
MCLP-R3km,21,-23.00061899109568,-43.40471828456725
MCLP-R3km,22,-22.87751529574331,-43.53029348075376
MCLP-R3km,23,-22.840098124434224,-43.06778333387412
MCLP-R3km,24,-22.790646777654263,-43.375643445446975
MCLP-R3km,25,-22.52044984882392,-43.19101234595281
MCLP-R3km,26,-22.924510509727508,-43.63529705731422
MCLP-R3km,27,-22.755338688692213,-43.308531682770784
MCLP-R3km,28,-22.87873543265548,-43.415788362287785
MCLP-R3km,29,-22.85387973916863,-43.39680943222229
MCLP-R3km,30,-22.92777932523722,-43.554503392883646
MCLP-R3km,31,-22.902823180776025,-43.05085812937721
MCLP-R3km,32,-22.906575946931888,-43.28819167590577
MCLP-R3km,33,-22.76452043290213,-43.40324268558952
MCLP-R3km,34,-22.909310774242133,-43.67111972773999
MCLP-R3km,35,-22.919618105516072,-42.83978957558533
MCLP-R3km,36,-22.867915276400392,-43.09960548772942
MCLP-R3km,37,-22.88593339499682,-43.011983104667294
MCLP-R3km,38,-22.984082408782115,-43.44889019919411
MCLP-R3km,39,-22.91689708484027,-43.40278883313536
MCLP-R3km,40,-22.9790211808901,-43.69012245165258
MCLP-R3km,41,-22.96669955681108,-43.6017686687425
MCLP-R3km,42,-22.7692389862532,-43.52530849381608
MCLP-R3km,43,-22.716288877191023,-43.51530571258531
MCLP-R3km,44,-22.61483382699214,-43.705683375748585
MCLP-R3km,45,-22.74248129310771,-42.85721075258665
MCLP-R3km,46,-22.615933155012947,-43.17975719830376
MCLP-R3km,47,-22.73307786504663,-43.4496138786291
MCLP-R3km,48,-22.408608081087024,-43.13140914649253
MCLP-R3km,49,-22.888192458215805,-43.62473650428692
MCLP-R3km,50,-22.852143526409453,-43.34281302027885
MCLP-R3km,51,-22.87093410934107,-43.76901268302672
MCLP-R3km,52,-22.651419516496585,-43.06655787630402
MCLP-R3km,53,-22.475562635890437,-43.148370152985294
MCLP-R3km,54,-22.99599813649958,-43.261663703422506
MCLP-R3km,55,-22.711927870432564,-42.63004113951235
MCLP-R3km,56,-22.85708276487565,-43.486439191165495
MCLP-R3km,57,-22.972563998366837,-43.64295047031437
MCLP-R3km,58,-22.760838936119494,-43.45665101381061
MCLP-R3km,59,-22.954278207609654,-42.96711894755224
MCLP-R3km,60,-22.936255491866653,-43.661399065747545
MCLP-R3km,61,-22.898979722466947,-43.69930833968601
MCLP-R3km,62,-22.470849051492323,-42.657121037845286
MCLP-R3km,63,-22.510230788197468,-43.17544387445511
MCLP-R3km,64,-22.60728606434383,-43.29857473776487
MCLP-R3km,65,-22.81926169355244,-43.03476520349312
MCLP-R3km,66,-23.0049905225767,-43.54784520457546
MCLP-R3km,67,-22.509186267903694,-43.219827486060126
MCLP-R3km,68,-22.527718078493137,-42.97826627951071
MCLP-R3km,69,-22.79765605749528,-43.364274956523175
