geolocation_zip_code_prefix,lat,lng,city,n_records
20010,-22.902565933548235,-43.17859890530714,rio de janeiro,93
20011,-22.904993445903926,-43.17607769647398,rio de janeiro,139
20020,-22.90749454533334,-43.17316912947846,rio de janeiro,112
20021,-22.912369544913428,-43.17350079335496,rio de janeiro,176
20030,-22.909873939082548,-43.173650365485265,rio de janeiro,164
20031,-22.909572437655488,-43.177703112986904,rio de janeiro,387
20040,-22.905686000249094,-43.177156307060464,rio de janeiro,309
20041,-22.90320075238725,-43.17864558233141,rio de janeiro,30
20050,-22.905696239420447,-43.179258208124025,rio de janeiro,85
20051,-22.903063100942575,-43.18298926875737,rio de janeiro,40
20056,-22.9137797149576,-43.250752195106536,rio de janeiro,1
20060,-22.90742646003482,-43.22111290328188,rio de janeiro,27
20061,-22.905811724167148,-43.18562902375168,rio de janeiro,33
20070,-22.902331574261794,-43.17927884154506,rio de janeiro,77
20071,-22.902076954244112,-43.18149783382578,rio de janeiro,124
20080,-22.901209379401656,-43.18495724281751,rio de janeiro,68
20081,-22.897715083300223,-43.18332992060644,rio de janeiro,108
20090,-22.899054123828943,-43.17942063171785,rio de janeiro,152
20091,-22.900151286264816,-43.17827587439508,rio de janeiro,99
20203,-22.795288930066864,-43.34061053055184,rio de janeiro,1
20210,-22.908696503565157,-43.201016378284464,rio de janeiro,62
20211,-22.91148503866567,-43.19844247973102,rio de janeiro,181
20220,-22.899829533909223,-43.20080433539784,rio de janeiro,160
20221,-22.899458021565806,-43.19708452216502,rio de janeiro,74
20230,-22.91285701073433,-43.18834911843799,rio de janeiro,380
20231,-22.91259168660638,-43.18629265033459,rio de janeiro,267
20240,-22.917770340408847,-43.18905754157791,rio de janeiro,133
20241,-22.922006425170558,-43.18565741850953,rio de janeiro,311
20250,-22.919337655136697,-43.21247470976231,rio de janeiro,196
20251,-22.922200558918448,-43.20015626664134,rio de janeiro,184
20260,-22.919342584449815,-43.21542322502569,rio de janeiro,427
20261,-22.92401542829238,-43.213547671608914,rio de janeiro,414
20270,-22.916244564738715,-43.21795033526529,rio de janeiro,515
20271,-22.915669330916135,-43.2252134823305,rio de janeiro,361
20350,-22.90749754731954,-43.268823,rio de janeiro,1
20396,-22.763630465185898,-43.108099791415434,rio de janeiro,11
20397,-22.756674790280556,-43.108264575561606,rio de janeiro,13
20510,-22.930347789330725,-43.24275226487902,rio de janeiro,430
20511,-22.9284131316606,-43.240538180114825,rio de janeiro,370
20520,-22.926258825257275,-43.231846424609145,rio de janeiro,485
20521,-22.927918848210943,-43.231972121774945,rio de janeiro,365
20530,-22.93768625306417,-43.24886943417944,rio de janeiro,374
20531,-22.958246852875913,-43.27033293203977,rio de janeiro,68
20535,-22.877802617547648,-43.273092853972436,rio de janeiro,6
20540,-22.92255591041081,-43.243901231317686,rio de janeiro,582
20541,-22.92275898098941,-43.246104027508025,rio de janeiro,574
20550,-22.916792143186886,-43.2315503991291,rio de janeiro,646
20551,-22.914390650925082,-43.24569874883489,rio de janeiro,389
20560,-22.918636000417838,-43.25724486396328,rio de janeiro,422
20561,-22.923671061854996,-43.27951061325535,rio de janeiro,289
20710,-22.90830858763459,-43.2764243094503,rio de janeiro,163
20715,-22.91224198054703,-43.268726673369905,rio de janeiro,85
20720,-22.906575946931888,-43.28819167590577,rio de janeiro,422
20723,-22.90830817346286,-43.28836091502689,rio de janeiro,16
20725,-22.906412217480728,-43.282495177007156,rio de janeiro,144
20730,-22.902290913852568,-43.29839517326879,rio de janeiro,227
20735,-22.900247004009792,-43.28620954651436,rio de janeiro,346
20740,-22.89620288125079,-43.31266061354411,rio de janeiro,184
20745,-22.903600471965063,-43.306901589519335,rio de janeiro,212
20746,-22.898321969184654,-43.30574172595051,rio de janeiro,1
20750,-22.87518071840644,-43.30082797736797,rio de janeiro,129
20751,-22.883894678436565,-43.30538425605098,rio de janeiro,110
20755,-22.888719129958833,-43.29710870135924,rio de janeiro,120
20756,-22.889303208418365,-43.304540372254614,rio de janeiro,139
20760,-22.879177245162502,-43.28592690942743,rio de janeiro,108
20761,-22.870098149013963,-43.297217917069595,rio de janeiro,50
20765,-22.87067512100277,-43.28612468627153,rio de janeiro,105
20766,-22.865673065092224,-43.289317820043124,rio de janeiro,117
20770,-22.89263110411781,-43.28601357326318,rio de janeiro,269
20771,-22.88654522617883,-43.28157899070825,rio de janeiro,412
20775,-22.894787607705087,-43.27754555337602,rio de janeiro,348
20776,-22.989315173013143,-43.34858461368386,rio de janeiro,1
20780,-22.8964631877728,-43.27217170225893,rio de janeiro,333
20785,-22.88659325431333,-43.26783420069855,rio de janeiro,153
20910,-22.899524395109882,-43.23052438041678,rio de janeiro,120
20911,-22.89314885311464,-43.242201014642525,rio de janeiro,93
20920,-22.89524485967227,-43.231902550437,rio de janeiro,103
20921,-22.893703236582244,-43.23151762119004,rio de janeiro,179
20930,-22.889979653251217,-43.22883289161473,rio de janeiro,163
20931,-22.880476502680093,-43.21772315263865,rio de janeiro,96
20932,-22.85332248950828,-43.397360098269154,rio de janeiro,1
20940,-22.90178148194564,-43.219200053257524,rio de janeiro,143
20941,-22.905038579309718,-43.218289836880224,rio de janeiro,125
20943,-22.907619844963776,-43.23590445490212,rio de janeiro,17
20950,-22.90399569141674,-43.25558609559154,rio de janeiro,297
20960,-22.899105988671952,-43.249321637815825,rio de janeiro,118
20961,-22.89892108854126,-43.26048783057711,rio de janeiro,53
20970,-22.89490962921127,-43.29895518595955,rio de janeiro,54
20972,-22.908149571852817,-43.26020630971305,rio de janeiro,5
20973,-22.89480299365888,-43.30460678807501,rio de janeiro,18
20975,-22.89442355697212,-43.251622708261415,rio de janeiro,45
21010,-22.823839184254716,-43.3063018523626,rio de janeiro,70
21011,-22.827727546600816,-43.2864223207302,rio de janeiro,242
21012,-22.835042850775064,-43.31263647240438,rio de janeiro,84
21020,-22.835828487618873,-43.27614378416555,rio de janeiro,360
21021,-22.84207289300327,-43.265065434319375,rio de janeiro,297
21030,-22.850002554499312,-43.263354020176415,rio de janeiro,49
21031,-22.84825657231105,-43.25613344368642,rio de janeiro,290
21032,-22.860396134014028,-43.25569271559795,rio de janeiro,133
21040,-22.858267172627272,-43.25269222978843,rio de janeiro,195
21041,-22.87144109880102,-43.258727578503766,rio de janeiro,123
21042,-22.86486541105725,-43.24870050352791,rio de janeiro,96
21043,-22.88658041606038,-43.2773189390998,rio de janeiro,13
21044,-22.857706333465654,-43.267186202026345,rio de janeiro,57
21046,-22.87178460618622,-43.25004020994305,rio de janeiro,46
21050,-22.875981704754974,-43.26005615466438,rio de janeiro,207
21051,-22.874222414375385,-43.26728790044959,rio de janeiro,166
21060,-22.857331891254034,-43.26363956816405,rio de janeiro,185
21061,-22.866391297064204,-43.271588010936235,rio de janeiro,147
21065,-22.87514003792104,-43.41383054038933,rio de janeiro,1
21070,-22.843914411682647,-43.283779066776354,rio de janeiro,183
21071,-22.860726267312923,-43.28764650581979,rio de janeiro,24
21072,-22.859107430364904,-43.33669202128591,rio de janeiro,14
21073,-22.850770856037,-43.27052152360208,rio de janeiro,216
21200,-22.85347704411689,-43.30393765860703,rio de janeiro,1
21210,-22.84373140637614,-43.30242672582638,rio de janeiro,290
21211,-22.836828071243165,-43.30804460963914,rio de janeiro,140
21215,-22.833788776762514,-43.296044333899985,rio de janeiro,239
21220,-22.849422868592246,-43.31350882748824,rio de janeiro,342
21221,-22.84606476402831,-43.31053536227519,rio de janeiro,295
21230,-22.826662975624334,-43.3225314634884,rio de janeiro,397
21231,-22.831527268945862,-43.32219671997402,rio de janeiro,70
21235,-22.83791177652518,-43.322271046058205,rio de janeiro,449
21236,-22.8396852659843,-43.33712480023102,rio de janeiro,18
21240,-22.811121030063198,-43.326212799077666,rio de janeiro,135
21241,-22.81349696231808,-43.30803677134236,rio de janeiro,71
21250,-22.824619091439565,-43.30674667488387,rio de janeiro,236
21310,-22.879083342003987,-43.33935560703397,rio de janeiro,186
21311,-22.88918177352332,-43.32763594596467,rio de janeiro,138
21320,-22.892905876006864,-43.347644389533606,rio de janeiro,177
21321,-22.89512617328995,-43.357502145957,rio de janeiro,560
21330,-22.8828767826158,-43.36417448357049,rio de janeiro,541
21331,-22.87350715228709,-43.36567754387448,rio de janeiro,305
21340,-22.871018134717982,-43.35684491471535,rio de janeiro,148
21341,-22.88246658426185,-43.34945937530337,rio de janeiro,315
21350,-22.87793235260004,-43.330166204427464,rio de janeiro,101
21351,-22.870448202643566,-43.34296526816304,rio de janeiro,154
21360,-22.866945338258187,-43.33478170506691,rio de janeiro,129
21361,-22.853328261763206,-43.32822806263115,rio de janeiro,177
21370,-22.87000636720115,-43.32004486324283,rio de janeiro,71
21371,-22.85106228596877,-43.32617884775252,rio de janeiro,171
21380,-22.883317935180692,-43.31951190668025,rio de janeiro,181
21381,-22.87907528708003,-43.314672063074205,rio de janeiro,89
21440,-22.862645298084136,-43.25392422924009,rio de janeiro,1
21510,-22.84251003329592,-43.35349069066133,rio de janeiro,81
21511,-22.84410299270375,-43.35219269222594,rio de janeiro,62
21512,-22.84146868829085,-43.36195292092932,rio de janeiro,34
21515,-22.83902730987094,-43.35587746226516,rio de janeiro,21
21520,-22.810998397638027,-43.361877158530596,rio de janeiro,77
21521,-22.82487804675381,-43.34888814043365,rio de janeiro,20
21525,-22.822431352063457,-43.35542933694649,rio de janeiro,15
21530,-22.828811915352887,-43.346307609440586,rio de janeiro,62
21531,-22.850185193069112,-43.40251766853475,rio de janeiro,18
21532,-22.8130814021041,-43.36036408098235,rio de janeiro,31
21535,-22.819448109307597,-43.35408490190018,rio de janeiro,43
21540,-22.852143526409453,-43.342813020278854,rio de janeiro,148
21545,-22.843286137769397,-43.34344431819371,rio de janeiro,103
21550,-22.862095940453642,-43.35625169565915,rio de janeiro,170
21555,-22.855135850026098,-43.36350730842812,rio de janeiro,192
21557,-22.856203714532516,-43.37495578967732,rio de janeiro,37
21610,-22.867011045510353,-43.371883316604816,rio de janeiro,172
21615,-22.86209078632198,-43.39136925868886,rio de janeiro,127
21616,-22.85387973916863,-43.396809432222284,rio de janeiro,39
21620,-22.839350559609453,-43.40486056012263,rio de janeiro,138
21625,-22.832605349060035,-43.402808561949044,rio de janeiro,66
21630,-22.825649495444644,-43.411649846764305,rio de janeiro,75
21635,-22.83290297152516,-43.41230278119793,rio de janeiro,88
21640,-22.83463324022867,-43.39275636997285,rio de janeiro,23
21645,-22.821385636314904,-43.39760318048674,rio de janeiro,51
21650,-22.816850689474528,-43.374314532417216,rio de janeiro,33
21655,-22.818616394359942,-43.382598700728,rio de janeiro,56
21660,-22.839960552960555,-43.37703910572291,rio de janeiro,86
21665,-22.83427156601059,-43.377978641515625,rio de janeiro,26
21670,-22.849843652150362,-43.3808702413711,rio de janeiro,52
21675,-22.849034554602184,-43.374423646812794,rio de janeiro,64
21710,-22.876979699775763,-43.42527912676291,rio de janeiro,121
21715,-22.879476747053335,-43.44026398123803,rio de janeiro,131
21720,-22.865120805735394,-43.4470342137163,rio de janeiro,53
21721,-22.8753558465787,-43.28063646200473,rio de janeiro,35
21725,-22.85918299393417,-43.456665616338015,rio de janeiro,74
21730,-22.86435505255422,-43.434757144170185,rio de janeiro,69
21735,-22.871537517256936,-43.429726914846995,rio de janeiro,80
21740,-22.88433305340309,-43.387504877344114,rio de janeiro,95
21741,-22.88962788350659,-43.395124429249634,rio de janeiro,77
21745,-22.879549301241177,-43.41011862496182,rio de janeiro,93
21746,-22.885775526693386,-43.4110256032492,rio de janeiro,16
21750,-22.878735432655482,-43.415788362287785,rio de janeiro,109
21755,-22.88385334415563,-43.419136355497564,rio de janeiro,119
21760,-22.89044829208524,-43.42058389455041,rio de janeiro,96
21765,-22.890938364362235,-43.43068537741355,rio de janeiro,160
21770,-22.892257517452293,-43.44208696544872,rio de janeiro,85
21775,-22.886952911633603,-43.446644127201374,rio de janeiro,107
21785,-22.872104916180973,-43.45521364542106,rio de janeiro,1
21810,-22.87922054417216,-43.459310464937985,rio de janeiro,173
21815,-22.88548385187386,-43.45769280672658,rio de janeiro,99
21820,-22.881888435047646,-43.46899760400734,rio de janeiro,98
21825,-22.892248480036507,-43.47086620332721,rio de janeiro,92
21830,-22.880118655848953,-43.483604754804006,rio de janeiro,118
21831,-22.889762604191276,-43.48390785134509,rio de janeiro,66
21832,-22.894998640111965,-43.490836960215546,rio de janeiro,82
21833,-22.8814818751053,-43.49448328547964,rio de janeiro,57
21840,-22.868363814263653,-43.46923216795061,rio de janeiro,55
21842,-22.868421364534367,-43.47985554134832,rio de janeiro,106
21843,-22.870893429404216,-43.483301504432156,rio de janeiro,48
21845,-22.874488910352586,-43.45268367095628,rio de janeiro,1
21850,-22.859425219557973,-43.486817054989416,rio de janeiro,29
21852,-22.86305592280701,-43.4696365930169,rio de janeiro,48
21853,-22.857082764875646,-43.486439191165495,rio de janeiro,79
21854,-22.845556518964184,-43.49501645648064,rio de janeiro,7
21860,-22.862369101863525,-43.467286461177956,rio de janeiro,47
21862,-22.864698795351657,-43.46636013974529,rio de janeiro,69
21863,-22.850951552039938,-43.46693512747451,rio de janeiro,84
21864,-22.853845962536496,-43.46103565025077,rio de janeiro,49
21865,-22.853042262633373,-43.47042497115219,rio de janeiro,40
21866,-22.859130493251165,-43.47880605689346,rio de janeiro,35
21870,-22.871019283986563,-43.45851442872575,rio de janeiro,95
21875,-22.873409010490445,-43.4537411569272,rio de janeiro,40
21910,-22.79777839220466,-43.181360862515426,rio de janeiro,233
21911,-22.7900819429952,-43.17257319356364,rio de janeiro,144
21920,-22.79811558143935,-43.19569772270941,rio de janeiro,327
21921,-22.8083044291334,-43.18564856697721,rio de janeiro,236
21922,-22.845710242735027,-43.33899502190479,rio de janeiro,7
21930,-22.819481062981133,-43.1783585853495,rio de janeiro,247
21931,-22.809517664348768,-43.200203165434935,rio de janeiro,514
21932,-22.80486286271774,-43.22572822631956,rio de janeiro,49
21940,-22.81388871143013,-43.20247749638257,rio de janeiro,305
21941,-22.8338340042933,-43.24885668973881,rio de janeiro,282
21950,-22.90283435276126,-43.263612555369605,rio de janeiro,1
22003,-22.9109450620848,-43.17286622857466,rio de janeiro,1
22010,-22.96271293881479,-43.170810782953595,rio de janeiro,279
22011,-22.96400610563266,-43.17658358618979,rio de janeiro,262
22020,-22.965453849156813,-43.17847566804375,rio de janeiro,228
22021,-22.96571567280818,-43.178905752541766,rio de janeiro,194
22030,-22.965586191842657,-43.18405306861811,rio de janeiro,236
22031,-22.966933621230865,-43.18792165085605,rio de janeiro,325
22040,-22.968389299018032,-43.1849944726417,rio de janeiro,240
22041,-22.967673604620366,-43.19002828343284,rio de janeiro,300
22050,-22.972595655601555,-43.18771945633724,rio de janeiro,234
22051,-22.972873846317363,-43.19052130370873,rio de janeiro,265
22060,-22.97702862454598,-43.19034089760792,rio de janeiro,186
22061,-22.975419252327107,-43.192633652194786,rio de janeiro,212
22070,-22.980688017563594,-43.18955936508214,rio de janeiro,159
22071,-22.980184787318848,-43.19459066773997,rio de janeiro,311
22080,-22.98466377656021,-43.192528449128396,rio de janeiro,197
22081,-22.984441149894824,-43.19341592390328,rio de janeiro,290
22210,-22.931070810893203,-43.176115962189314,rio de janeiro,368
22211,-22.923384297280904,-43.179530436549925,rio de janeiro,88
22220,-22.92956446372173,-43.17684636890966,rio de janeiro,244
22221,-22.928999413639033,-43.18145032839962,rio de janeiro,340
22230,-22.937297973252818,-43.176889612976375,rio de janeiro,420
22231,-22.936153909752676,-43.18183226783302,rio de janeiro,286
22240,-22.935263476239662,-43.187263572971155,rio de janeiro,312
22241,-22.93845834691675,-43.1963680762055,rio de janeiro,133
22245,-22.941061091973182,-43.191231191173394,rio de janeiro,148
22250,-22.942211644081578,-43.17758693818259,rio de janeiro,466
22251,-22.945344203574265,-43.185010548945066,rio de janeiro,217
22252,-22.94380123065373,-43.18424634846209,rio de janeiro,1
22260,-22.949215828539355,-43.19022765455783,rio de janeiro,358
22261,-22.95721825808972,-43.200260609059356,rio de janeiro,196
22270,-22.953082188232273,-43.18924536490677,rio de janeiro,271
22271,-22.956103796414517,-43.19395105535185,rio de janeiro,219
22280,-22.954408685481415,-43.185650031057385,rio de janeiro,313
22281,-22.95685190582306,-43.193645741400225,rio de janeiro,143
22283,-22.956150562582973,-43.19212235025111,rio de janeiro,1
22290,-22.954428429403354,-43.177074208583676,rio de janeiro,391
22291,-22.942311951383264,-43.166780906762526,rio de janeiro,84
22410,-22.98392343049867,-43.207101465917965,rio de janeiro,417
22411,-22.981944699776772,-43.202413135708234,rio de janeiro,295
22420,-22.985312022606553,-43.20414276378719,rio de janeiro,284
22421,-22.982140216547382,-43.206875250730356,rio de janeiro,186
22430,-22.98210232841188,-43.22013314970181,rio de janeiro,344
22431,-22.98284371340203,-43.224740007201746,rio de janeiro,200
22440,-22.984439128577424,-43.22151271315892,rio de janeiro,290
22441,-22.98416017609255,-43.22495474880264,rio de janeiro,245
22450,-22.986493696399247,-43.23306806247369,rio de janeiro,408
22451,-22.97841522971715,-43.23772919271784,rio de janeiro,566
22452,-22.952645498107493,-43.30267070542142,rio de janeiro,13
22453,-22.978469157654736,-43.23383336857298,rio de janeiro,1
22460,-22.964834958641692,-43.22490223070295,rio de janeiro,236
22461,-22.961345034096052,-43.213641388050824,rio de janeiro,263
22470,-22.96550432697566,-43.21544841322038,rio de janeiro,268
22471,-22.967625971408513,-43.203212882392485,rio de janeiro,336
22473,-22.9310185387212,-43.35047496113457,rio de janeiro,1
22600,-22.987548430202757,-43.2532473467255,rio de janeiro,2
22610,-22.99599813649958,-43.261663703422506,rio de janeiro,269
22611,-23.008068841447862,-43.29861176534447,rio de janeiro,104
22620,-23.00947497991475,-43.334530048914964,rio de janeiro,472
22621,-23.010803499326403,-43.3098866524811,rio de janeiro,304
22630,-23.010131257960495,-43.338679519974164,rio de janeiro,410
22631,-23.00365666838398,-43.34075885321385,rio de janeiro,832
22640,-23.001267617010633,-43.3355988370672,rio de janeiro,361
22641,-22.986105098852665,-43.311520670632305,rio de janeiro,90
22710,-22.934576022997884,-43.37578841332682,rio de janeiro,207
22711,-22.91373119718309,-43.39089712057767,rio de janeiro,7
22713,-22.930174584016687,-43.39608391214564,rio de janeiro,153
22715,-22.923355641776098,-43.383046917508274,rio de janeiro,27
22720,-22.918167419985295,-43.38651552844117,rio de janeiro,75
22723,-22.91689708484027,-43.40278883313536,rio de janeiro,159
22725,-22.91150171276762,-43.37652610722419,rio de janeiro,88
22730,-22.920002522357752,-43.3695754073506,rio de janeiro,124
22733,-22.906015750671408,-43.364980246342064,rio de janeiro,44
22735,-22.920928532759326,-43.358465481509604,rio de janeiro,49
22740,-22.92625659532195,-43.35975777828106,rio de janeiro,122
22743,-22.930174278267923,-43.34644038809006,rio de janeiro,225
22745,-22.935058480174078,-43.333594070428546,rio de janeiro,193
22750,-22.94338467090066,-43.33437919544068,rio de janeiro,219
22753,-22.96619236089961,-43.330734513875434,rio de janeiro,203
22755,-22.947502549436848,-43.33814210193203,rio de janeiro,59
22760,-22.938856559491374,-43.34583380346626,rio de janeiro,48
22763,-22.949418433889697,-43.38717689639774,rio de janeiro,100
22765,-22.954431333815165,-43.35527342221761,rio de janeiro,136
22770,-22.93691091371265,-43.36097335035081,rio de janeiro,188
22772,-22.95005017710918,-43.360847511047254,rio de janeiro,8
22773,-22.94846910030558,-43.364489898207424,rio de janeiro,26
22775,-22.969148201152674,-43.383065237968154,rio de janeiro,506
22776,-22.99004850815858,-43.35448107201586,rio de janeiro,44
22778,-22.93935898306312,-43.371185648883504,rio de janeiro,1
22780,-22.962843790439337,-43.40116578306731,rio de janeiro,196
22783,-22.984082408782115,-43.44889019919411,rio de janeiro,212
22785,-22.979900329721087,-43.49176475913368,rio de janeiro,76
22790,-23.01298650422646,-43.46551954103294,rio de janeiro,687
22793,-23.00061899109568,-43.40471828456725,rio de janeiro,469
22795,-23.020470737334893,-43.46265642068304,rio de janeiro,349
23010,-22.885872200386764,-43.51372891804045,rio de janeiro,79
23012,-22.891289709125683,-43.528538034861306,rio de janeiro,56
23013,-22.90125781010044,-43.541434503067336,rio de janeiro,132
23015,-22.908174032805224,-43.53967787825952,rio de janeiro,58
23016,-22.912595307197087,-43.53593879115358,rio de janeiro,55
23017,-22.91957476261591,-43.52855570225305,rio de janeiro,144
23020,-23.0049905225767,-43.54784520457546,rio de janeiro,150
23025,-22.99046924798533,-43.61550570181899,rio de janeiro,47
23026,-22.99073734829478,-43.63045092144838,rio de janeiro,54
23027,-23.00123690831294,-43.64009513690838,rio de janeiro,44
23028,-22.98056296317437,-43.65998986714787,rio de janeiro,58
23030,-22.96669955681108,-43.6017686687425,rio de janeiro,66
23031,-22.964378631240205,-43.61186736926677,rio de janeiro,66
23032,-22.972563998366834,-43.64295047031437,rio de janeiro,68
23033,-22.955943986568656,-43.60659613358818,rio de janeiro,58
23035,-22.945894102935657,-43.594457021538446,rio de janeiro,105
23036,-22.937899966329617,-43.578646142633474,rio de janeiro,105
23040,-22.9331056624521,-43.554113810125514,rio de janeiro,202
23042,-22.92777932523722,-43.554503392883646,rio de janeiro,68
23045,-22.916840745702153,-43.56234010712124,rio de janeiro,229
23047,-22.925942886418497,-43.561357507907644,rio de janeiro,72
23050,-22.906374170614942,-43.566410061329776,rio de janeiro,119
23052,-22.906619343447986,-43.55224985960651,rio de janeiro,144
23055,-22.909949489657397,-43.5764230099429,rio de janeiro,71
23056,-22.91817364118816,-43.6123717550704,rio de janeiro,60
23057,-22.917530927852997,-43.528324896794466,rio de janeiro,43
23058,-22.914787266177115,-43.59078039553711,rio de janeiro,70
23059,-22.913307945677737,-43.590429851372164,rio de janeiro,124
23060,-22.896089584185965,-43.59889671190928,rio de janeiro,150
23061,-22.908445285088447,-43.60810021286953,rio de janeiro,40
23062,-22.90265768897671,-43.59917193270753,rio de janeiro,49
23063,-22.897521961702388,-43.591752252623216,rio de janeiro,49
23064,-22.90074270257361,-43.58463842554154,rio de janeiro,41
23065,-22.882938283581172,-43.625086210988606,rio de janeiro,102
23066,-22.888192458215805,-43.624736504286915,rio de janeiro,121
23067,-22.88243614479021,-43.61658346798473,rio de janeiro,31
23068,-22.886458648570237,-43.59762968190717,rio de janeiro,53
23070,-22.896407842881192,-43.57751001381104,rio de janeiro,137
23071,-22.888368672611154,-43.58090949448299,rio de janeiro,103
23073,-22.890041427693028,-43.57897537149158,rio de janeiro,87
23075,-22.877775179542617,-43.57771051289783,rio de janeiro,180
23076,-22.88245539011392,-43.574942249018065,rio de janeiro,53
23078,-22.872167051363157,-43.58925307377246,rio de janeiro,62
23080,-22.898539335408454,-43.56542140516348,rio de janeiro,108
23081,-22.89433959920376,-43.56722290454661,rio de janeiro,42
23082,-22.8942153041908,-43.57129087148408,rio de janeiro,61
23085,-22.893920459110284,-43.54642397807567,rio de janeiro,102
23087,-22.886393425025826,-43.558872618395576,rio de janeiro,101
23088,-22.88543771705454,-43.54971957423268,rio de janeiro,86
23090,-22.878043319496523,-43.562917395844295,rio de janeiro,102
23092,-22.87085601200714,-43.54384874896292,rio de janeiro,217
23093,-22.87751529574331,-43.53029348075376,rio de janeiro,103
23094,-22.876209770242788,-43.51981673638026,rio de janeiro,49
23095,-22.86940966621501,-43.55658717782943,rio de janeiro,112
23097,-22.85109676327036,-43.53613869095038,rio de janeiro,75
23098,-22.870188890670534,-43.52187688533317,rio de janeiro,35
23510,-22.91973437055113,-43.67148457968753,rio de janeiro,71
23515,-22.92368923724333,-43.682925923943515,rio de janeiro,86
23520,-22.936255491866653,-43.661399065747545,rio de janeiro,208
23525,-22.94503552262656,-43.67692431410214,rio de janeiro,64
23530,-22.97383432126233,-43.6810761924786,rio de janeiro,103
23535,-22.9790211808901,-43.69012245165258,rio de janeiro,110
23540,-22.974468021753417,-43.696539704365605,rio de janeiro,56
23545,-22.967091308000946,-43.700265635554004,rio de janeiro,86
23547,-22.93249321644976,-43.62300753113864,rio de janeiro,16
23550,-22.930711174851965,-43.68946380025854,rio de janeiro,186
23555,-22.917504887763446,-43.69308722014739,rio de janeiro,120
23560,-22.898979722466947,-43.69930833968601,rio de janeiro,163
23565,-22.897761741341185,-43.69665951306267,rio de janeiro,43
23570,-22.909310774242133,-43.67111972773999,rio de janeiro,121
23573,-22.913149027532867,-43.65356967363749,rio de janeiro,59
23575,-22.89798974016889,-43.6685591848473,rio de janeiro,197
23580,-22.911119400069488,-43.62264162522756,rio de janeiro,126
23585,-22.924510509727508,-43.63529705731422,rio de janeiro,230
23587,-22.922380751135307,-43.629510536912335,rio de janeiro,107
23590,-22.929380445733447,-43.65949350167462,rio de janeiro,10
23591,-22.931157368290787,-43.6638593272825,rio de janeiro,1
23595,-22.92668402323646,-43.629330310698386,rio de janeiro,113
23810,-22.87093410934107,-43.76901268302672,itaguaí,97
23811,-22.864749343835488,-43.767300984202556,itaguai,51
23812,-22.872059666972863,-43.77093362835852,itaguai,18
23815,-22.86867015326329,-43.78013952780047,itaguai,91
23819,-22.839093852362634,-43.79495437195018,itaguai,2
23820,-22.862780471644363,-43.78526762819197,itaguai,69
23821,-22.870305329108017,-43.79064137470553,itaguai,52
23822,-22.861638585933978,-43.793426630645435,itaguai,13
23823,-22.8756058757771,-43.788425013985794,itaguai,7
23825,-22.885828313712473,-43.827855848193266,itaguai,47
23826,-22.89560484133116,-43.84587026303256,itaguai,25
23830,-22.8458671869452,-43.78333380428192,itaguaí,12
23831,-22.876635031970025,-43.80985126698182,itaguaí,9
23832,-22.85534509298971,-43.76583456328473,itaguai,2
23835,-22.83658162389063,-43.76504164627765,itaguai,1
23855,-22.86387076999147,-43.7592342671893,itaguai,3
23890,-22.787688375690138,-43.64890166112607,seropedica,31
23891,-22.751096471447426,-43.6688332783572,seropedica,17
23893,-22.71072154468618,-43.69140232860298,seropedica,10
23894,-22.741006794925276,-43.699829819938394,seropedica,72
23895,-22.746274001626645,-43.708503424610186,seropedica,88
23897,-22.792366849451536,-43.662640119980665,seropedica,23
23898,-22.80791081625367,-43.644304412473865,seropedica,43
24005,-22.89354536620809,-43.118957695144125,niteroi,1
24007,-21.20598002961762,-41.89638192630007,niteroi,1
24008,-21.219146282188923,-41.87782460308559,niteroi,1
24009,-21.21909309955271,-41.8775055072683,niteroi,2
24020,-22.893701145563103,-43.12041784927668,niteroi,381
24022,-22.05622327411629,-42.499664066408826,niteroi,2
24027,-21.2189719026067,-41.87752350568823,niteroi,1
24030,-22.888697457782282,-43.11830702093674,niterói,283
24040,-22.882735624308985,-43.12349628123474,niteroi,40
24050,-22.87517503985885,-43.109560284753925,niteroi,68
24060,-22.88593419631651,-43.1106543708203,niteroi,50
24070,-22.893486245089814,-43.11089097581806,niteroi,45
24110,-22.867915276400392,-43.09960548772942,niterói,387
24111,-22.86398451494475,-43.09252306679081,niteroi,18
24119,-22.86343492846253,-43.09725737403164,niteroi,1
24120,-22.88327023685682,-43.09227400558896,niteroi,333
24130,-22.879226893202652,-43.09157186572144,niteroi,312
24140,-22.889267493261833,-43.04860885808703,niteroi,54
24141,-22.87816915718994,-43.05564163085743,niteroi,24
24202,-22.89542602516494,-43.11547213914787,niterói,1
24210,-22.9006237676799,-43.127072924198885,niteroi,607
24211,-21.220994849938272,-41.89197955002058,niteroi,1
24220,-22.90324481661885,-43.107023598220486,niteroi,1146
24230,-22.878636914963273,-43.08609614601055,niterói,1102
24240,-22.897237232548903,-43.09915756428693,niteroi,498
24241,-22.904219800443407,-43.09158065028214,niteroi,126
24310,-22.9110328213164,-43.06742681237905,niterói,108
24315,-22.901684792085458,-43.06891496088816,niteroi,102
24320,-22.902823180776025,-43.05085812937721,niteroi,218
24322,-22.89632305663318,-43.03845772727727,niteroi,54
24325,-22.830563953896416,-43.045196029261426,niteroi,47
24330,-22.901199547746405,-42.991174595669065,niteroi,53
24340,-22.947654432561993,-43.03365087049761,niteroi,184
24342,-22.937391616620623,-43.022146384113576,niteroi,125
24344,-22.93685983573083,-43.014915229908226,niteroi,44
24346,-22.94923036239725,-43.02805520804324,niteroi,80
24348,-22.970402738373885,-43.03213294708582,niteroi,31
24350,-22.940616864219162,-43.06545401112341,niterói,327
24355,-22.9411555966564,-43.043134176624925,niteroi,71
24358,-22.954105582144187,-43.0680054361715,niterói,203
24360,-22.830988719475524,-43.03086077591251,niteroi,293
24365,-22.912243204052235,-43.08150933080395,niteroi,30
24370,-22.924664773806036,-43.09986986144608,niteroi,108
24400,-22.822657273441827,-43.04547527635864,sao goncalo,1
24410,-22.859653314312613,-43.08078230203989,sao goncalo,30
24411,-22.85753738472352,-43.08169034540716,sao goncalo,22
24412,-22.847500221583047,-43.075424616515875,sao goncalo,99
24415,-22.840857693725678,-43.07623548195782,sao goncalo,78
24416,-22.840098124434224,-43.06778333387412,sao goncalo,74
24417,-22.845410939224823,-43.05013967578183,sao goncalo,52
24420,-22.835696540771,-43.046659352747774,são gonçalo,71
24421,-22.830656082170716,-43.04204141088677,sao goncalo,63
24422,-22.8277265510171,-43.02889904539707,sao goncalo,61
24425,-22.852695605444847,-43.09014618727886,são gonçalo,67
24426,-22.840411171156656,-43.08660279046403,sao goncalo,77
24430,-22.830092235510783,-43.085652798523796,sao goncalo,104
24431,-22.828438640757533,-43.08064705902956,sao goncalo,132
24435,-22.827481947170185,-43.0698152344756,sao goncalo,122
24436,-22.821247533767682,-43.066948767903845,sao goncalo,111
24440,-22.827149190613213,-43.0539481412297,sao goncalo,184
24445,-22.81926169355244,-43.03476520349312,sao goncalo,177
24450,-22.823169080056477,-43.02002823624667,sao goncalo,109
24451,-22.829351276710405,-43.01399541493803,sao goncalo,230
24452,-22.819291471555072,-43.006358383645974,são gonçalo,121
24455,-22.808780189018318,-43.0258667651288,sao goncalo,100
24456,-22.809295674102735,-43.016040373940605,sao goncalo,103
24457,-22.806624227141473,-43.012656807667405,sao goncalo,54
24460,-22.814787634492188,-43.04329935349616,sao goncalo,63
24461,-22.803350481704697,-43.035818282243795,sao goncalo,79
24465,-22.81949144895205,-43.0551638057087,sao goncalo,110
24466,-22.811123478295585,-43.062369547929315,são gonçalo,45
24467,-22.805308252046,-43.05264792957123,sao goncalo,24
24470,-22.79629033350867,-43.04531393855412,sao goncalo,24
24471,-22.785600785156785,-43.04593640228686,sao goncalo,8
24472,-22.789315227589746,-43.03850388360695,sao goncalo,16
24473,-22.787988229533347,-43.032356249660424,sao goncalo,26
24474,-22.794969261024608,-43.02441434660769,sao goncalo,32
24475,-22.777267778897787,-43.027446308928425,sao goncalo,13
24476,-22.770998220510656,-43.015758940031475,sao goncalo,4
24710,-22.822624306841355,-43.00309374212156,sao goncalo,136
24711,-22.818906926534805,-42.99751196239111,sao goncalo,34
24715,-22.802767729766238,-42.99028180866455,são gonçalo,95
24716,-22.789880594175646,-43.00428047982366,são gonçalo,32
24717,-22.808029904019026,-43.00303400236285,sao goncalo,44
24720,-22.813217838338208,-42.98741033222329,sao goncalo,32
24721,-22.801495702866447,-42.98390861201865,sao goncalo,8
24722,-22.796501747075485,-42.976229884705035,sao goncalo,70
24723,-22.81762359087853,-42.94676360586466,são gonçalo,50
24724,-22.805769003517707,-42.95726724972363,sao goncalo,36
24725,-22.811456217228336,-42.97220863173352,sao goncalo,37
24726,-22.78851170276054,-42.958565788861314,sao goncalo,12
24727,-22.783356525229763,-42.945721644055915,sao goncalo,17
24730,-22.829046912919456,-42.98784246443976,sao goncalo,57
24731,-22.822811422053213,-42.98685114650694,sao goncalo,28
24732,-22.827064469158785,-42.9738976624395,sao goncalo,54
24733,-22.82905663491486,-42.97254715872871,são gonçalo,1
24734,-22.829471848017022,-42.960756997370595,sao goncalo,12
24735,-22.845883873637536,-42.95426308031982,são gonçalo,16
24736,-22.820033389763783,-42.969922193443765,sao goncalo,40
24737,-22.84162388029282,-42.96231323222136,sao goncalo,12
24738,-22.851785749069542,-42.94354284297728,sao goncalo,30
24740,-22.832952987571833,-42.99724674575654,sao goncalo,59
24741,-22.841324291777372,-42.99775213495686,sao goncalo,3
24742,-22.838766642599392,-43.003795231731345,sao goncalo,24
24743,-22.845998417596405,-42.99706758921929,sao goncalo,48
24744,-22.84230016004733,-43.01214322773478,sao goncalo,69
24745,-22.85280103675185,-43.004543970992515,sao goncalo,23
24746,-22.83906700788218,-42.98789279135017,sao goncalo,21
24750,-22.854636691924167,-43.02258437303882,sao goncalo,41
24751,-22.867825487785606,-43.002749069555286,sao goncalo,83
24752,-22.882259138501702,-42.98436172867216,são gonçalo,38
24753,-22.88628701436756,-42.99166865896655,sao goncalo,56
24754,-22.872354587681084,-43.027432812835386,sao goncalo,54
24755,-22.859266457266116,-43.015307855881765,são gonçalo,48
24756,-22.88593339499682,-43.011983104667294,sao goncalo,46
24800,-22.74248129310771,-42.85721075258665,itaborai,128
24801,-22.7395793666599,-42.84701335677763,itaborai,7
24802,-22.729006918491564,-42.83466835876695,itaborai,13
24803,-22.732706025561804,-42.829985079205095,itaborai,1
24804,-22.747090526611107,-42.84342210737453,itaborai,67
24805,-22.735331489397932,-42.838837742593356,itaborai,10
24806,-22.75153232050374,-42.84889854861703,itaborai,5
24808,-22.75677623430587,-42.855419742696405,itaborai,44
24809,-22.76576054277446,-42.89818733617952,itaborai,6
24812,-22.750196280856517,-42.87187716603211,itaborai,81
24813,-22.75411758328793,-42.88883553024611,itaboraí,31
24815,-22.735659719318694,-42.86943932481607,itaborai,5
24830,-22.7113078008679,-42.87331425316652,itaborai,9
24840,-22.71890516617555,-42.863865748478695,itaborai,1
24845,-22.786090231072478,-42.82332363456748,itaborai,2
24846,-22.71538558398837,-42.806385841320235,itaborai,2
24850,-22.808959595354324,-42.88567927758402,itaboraí,2
24851,-22.820155430041844,-42.89284623440978,itaborai,5
24855,-22.773459679480904,-42.91565441771825,itaboraí,41
24856,-22.758079138566366,-42.91063311206234,itaboraí,10
24857,-22.760534921999977,-42.93148699999995,itaborai,3
24858,-22.77209935726771,-42.92264307986124,itaborai,37
24859,-22.77340230558587,-42.90984766620826,itaborai,42
24860,-22.785272548240865,-42.91980373424914,itaborai,9
24865,-22.742759698159883,-42.91668091799642,itaborai,1
24866,-22.733731178875292,-42.93276530734327,itaborai,15
24867,-22.760654413506494,-42.871308589782444,itaborai,2
24868,-22.727846072187585,-42.95112813684848,itaborai,2
24875,-22.71714484756394,-42.88755377369433,itaborai,6
24876,-22.7125342435385,-42.89540473111652,itaboraí,4
24877,-22.745612949418724,-42.884479445017966,itaborai,1
24890,-22.73521870942802,-42.727847609078914,tanguá,70
24900,-22.919618105516072,-42.83978957558533,marica,129
24901,-22.923608277456783,-42.81985709837894,marica,44
24902,-22.92700535031622,-42.8293157127626,marica,11
24903,-22.911669634752162,-42.80609731472158,marica,49
24904,-22.910596890425232,-42.81704615497582,marica,26
24905,-22.934535219557365,-42.911752855372335,marica,5
24908,-22.89897572205557,-42.80761528280838,maricá,6
24909,-22.91370410629557,-42.81004585358576,marica,1
24910,-22.895953023136546,-42.84243328776303,marica,5
24911,-22.90263949790544,-42.835591793593146,marica,1
24912,-22.911125479829508,-42.833775639475675,marica,24
24913,-22.91455199876777,-42.83508527287743,marica,23
24914,-22.92358953634058,-42.856250357414844,maricá,47
24915,-22.955984494690547,-42.80761537855785,marica,10
24916,-22.944576333355766,-42.82844129113664,marica,12
24917,-22.971898333199455,-42.930603970729976,marica,2
24921,-22.95260981760148,-42.808872638137295,marica,7
24922,-22.94856570290517,-42.70343236618995,marica,13
24923,-22.95525000731088,-42.69143649965572,marica,2
24924,-22.91271186888103,-42.70181683740352,marica,3
24927,-22.897394796408843,-42.78453778244015,marica,2
24930,-22.92610775291927,-42.89850356371279,maricá,25
24931,-22.93464894999394,-42.88228044187334,maricá,37
24932,-22.917275718637768,-42.89500508068861,marica,6
24933,-22.956592971962397,-42.88349437707549,marica,12
24934,-22.946221164792778,-42.88645951724069,marica,18
24935,-22.950970620400135,-42.94683341061871,marica,20
24936,-22.954278207609658,-42.96711894755224,marica,47
24937,-22.95115200845083,-42.99376127553226,marica,21
24938,-22.935364089736186,-42.971046181368436,marica,5
24939,-22.91771526335445,-42.95811180963159,marica,1
24940,-22.926005021364876,-42.940013982950965,marica,26
24941,-22.913221103749397,-42.837959070033506,marica,5
24942,-22.931025691802716,-42.92272114486791,marica,18
24943,-22.909483056983007,-42.92582680004856,marica,18
24944,-22.895520218492944,-42.936940669865514,marica,24
25010,-22.79046925687479,-43.31481452785819,duque de caxias,127
25011,-22.79147465769091,-43.31300811498576,duque de caxias,22
25015,-22.780222493712095,-43.31660541678868,duque de caxias,129
25020,-22.778944166984587,-43.308623507384866,duque de caxias,73
25025,-22.78456265700059,-43.3231360919681,duque de caxias,73
25030,-22.7735214191938,-43.311396817507145,duque de caxias,36
25035,-22.755338688692213,-43.308531682770784,duque de caxias,123
25036,-22.749595823587462,-43.316204756652816,duque de caxias,30
25040,-22.74090063654044,-43.31546716030017,duque de caxias,91
25041,-22.73578083363829,-43.31812761723224,duque de caxias,47
25042,-22.735919924749762,-43.3119360459995,duque de caxias,11
25044,-22.673553889158278,-43.28482574712924,duque de caxias,5
25045,-22.722818281793867,-43.3139157796674,duque de caxias,83
25046,-22.72351123290818,-43.32148642883789,duque de caxias,29
25050,-22.753304486524154,-43.29699642294105,duque de caxias,76
25051,-22.761267896992525,-43.29298558604593,duque de caxias,71
25055,-22.75739662652191,-43.28166913009442,duque de caxias,34
25056,-22.754464821426602,-43.27704746595215,duque de caxias,28
25060,-22.76405759011258,-43.30041310063685,duque de caxias,111
25065,-22.7574077930847,-43.28687072573676,duque de caxias,161
25070,-22.78016279197431,-43.30430364671711,duque de caxias,199
25071,-22.78540692093292,-43.301837011358415,duque de caxias,56
25075,-22.774125027079158,-43.29092658055662,duque de caxias,74
25080,-22.759685746162333,-43.29297061113347,duque de caxias,41
25081,-22.616954100233503,-43.30647643663495,duque de caxias,1
25085,-22.79583417251553,-43.291526151554045,duque de caxias,64
25086,-22.754121943948885,-43.28647151207924,duque de caxias,56
25211,-22.67066808633434,-43.26255563331919,duque de caxias,68
25212,-22.676473601000435,-43.257020025423316,duque de caxias,90
25213,-22.6749107167218,-43.27620037015547,duque de caxias,48
25214,-22.689731933072384,-43.26636955304457,duque de caxias,42
25215,-22.682590790490554,-43.27404135699872,duque de caxias,85
25220,-22.685430142678285,-43.246655392379644,duque de caxias,43
25221,-22.698003956438836,-43.248105354217515,duque de caxias,10
25222,-22.674399472877496,-43.24560662384228,duque de caxias,5
25223,-22.683322481003053,-43.25395359470418,duque de caxias,27
25225,-22.696323342560508,-43.271184575072574,duque de caxias,48
25230,-22.689741624685315,-43.2826886930124,duque de caxias,61
25231,-22.683563816603137,-43.29906896652288,duque de caxias,35
25233,-22.70350739511343,-43.29957916081139,duque de caxias,82
25235,-22.70286437220505,-43.316000177534626,duque de caxias,46
25237,-22.753574853365865,-43.305893071458286,duque de caxias,2
25240,-22.645633194906285,-43.28709135535513,duque de caxias,79
25241,-22.571208,-43.31268449999998,duque de caxias,2
25243,-22.659524930411084,-43.296332311051046,duque de caxias,26
25245,-22.59128608480469,-43.312298090959736,duque de caxias,56
25250,-22.60728606434383,-43.298574737764866,duque de caxias,174
25251,-22.654106039654454,-43.277992730628625,duque de caxias,68
25253,-22.612060153892074,-43.28185276890751,duque de caxias,25
25255,-22.644539050348147,-43.27860193918141,duque de caxias,66
25260,-22.65362737697551,-43.27588967098969,duque de caxias,61
25261,-22.645303761933242,-43.26203372616665,duque de caxias,54
25264,-22.64520106741496,-43.23736687845677,duque de caxias,46
25265,-22.649550626444306,-43.230341289921746,duque de caxias,20
25266,-22.638767280531916,-43.2218184372897,duque de caxias,39
25267,-22.63517083859032,-43.24735328154284,duque de caxias,19
25268,-22.652696249418973,-43.2761256498613,duque de caxias,21
25270,-22.623874594466177,-43.23981472381287,duque de caxias,60
25271,-22.63746113941411,-43.22617580587021,duque de caxias,32
25272,-22.62425914893622,-43.21652128956865,duque de caxias,24
25275,-22.63887775891837,-43.22692540844416,duque de caxias,29
25510,-22.790646777654263,-43.375643445446975,sao joao de meriti,96
25515,-22.797656057495278,-43.364274956523175,sao joao de meriti,132
25520,-22.803670156230325,-43.3754619382363,sao joao de meriti,115
25525,-22.79612913604517,-43.382751851825844,sao joao de meriti,152
25530,-22.80597341277987,-43.3903648173854,são joão de meriti,38
25535,-22.791159022004333,-43.40261092456814,sao joao de meriti,51
25540,-22.784015528679777,-43.39703232529075,sao joao de meriti,41
25545,-22.7896529219758,-43.34817211025902,sao joao de meriti,68
25550,-22.77519333195786,-43.382929842060825,sao joao de meriti,169
25555,-22.781300436581095,-43.37040843885934,sao joao de meriti,179
25560,-22.770034075258486,-43.36986192895572,sao joao de meriti,75
25561,-22.768601480710736,-43.37689328166564,sao joao de meriti,55
25565,-22.78315358395092,-43.35979003562612,sao joao de meriti,85
25570,-22.767755472400367,-43.351648773854414,são joão de meriti,69
25571,-22.764428655824528,-43.34634958376359,sao joao de meriti,19
25575,-22.770524738786186,-43.34087058368249,sao joao de meriti,31
25576,-22.778287142653923,-43.352244107368115,sao joao de meriti,13
25580,-22.783351382978882,-43.34124145850288,sao joao de meriti,31
25581,-22.788457368960326,-43.347097775328294,sao joao de meriti,27
25585,-22.79367354642019,-43.33816809639405,sao joao de meriti,93
25586,-22.798541701384515,-43.33760129599317,são joão de meriti,8
25610,-22.50218363248224,-43.16843451995522,petropolis,89
25615,-22.496114223843747,-43.156204439943224,petropolis,72
25620,-22.510230788197468,-43.175443874455105,petropolis,176
25625,-22.515824878742336,-43.17136715693798,petropolis,92
25630,-22.52424789468128,-43.161617138310994,petrópolis,38
25635,-22.529027105018844,-43.176611016577574,petropolis,115
25638,-22.527613067650595,-43.17220132292643,petropolis,2
25640,-22.522799072828054,-43.183566224490704,petropolis,67
25645,-22.54079651100627,-43.20123507158808,petrópolis,130
25650,-22.531038247576937,-43.212309414991445,petropolis,63
25651,-22.524744277401208,-43.21160357990256,petropolis,53
25655,-22.52044984882392,-43.19101234595281,petrópolis,96
25660,-22.512038240121388,-43.204725857599755,petrópolis,81
25665,-22.509186267903694,-43.219827486060126,petrópolis,135
25670,-22.489507019910214,-43.210414436144696,petrópolis,40
25675,-22.49698456394848,-43.20060728812907,petropolis,67
25680,-22.489637241978972,-43.18376265001703,petropolis,141
25684,-22.50733023550956,-43.192545866388265,petropolis,1
25685,-22.508131637080282,-43.18141468751699,petropolis,66
25689,-22.50910898557073,-43.18746713926714,petropolis,1
25710,-22.475562635890434,-43.148370152985294,petropolis,124
25715,-22.47150966453406,-43.1620277638875,petropolis,51
25716,-22.48026413437911,-43.15522947420123,petropolis,26
25720,-22.43222926280023,-43.14086038411682,petropolis,113
25725,-22.427894024726776,-43.201389799035404,petropolis,70
25730,-22.408608081087024,-43.13140914649253,petropolis,203
25740,-22.374645351841945,-43.12909370218015,petropolis,50
25745,-22.391519377055197,-43.10829358749547,petrópolis,63
25750,-22.338529289758174,-43.12899883949998,petropolis,84
25755,-22.332412531990567,-43.1680211348093,petrópolis,18
25770,-22.26889273967007,-43.07681259121553,petropolis,36
25900,-22.651419516496585,-43.066557876304024,mage,166
25901,-22.648338600540264,-43.0583437917855,mage,52
25902,-22.659545742262246,-43.116827376350194,mage,20
25903,-22.641865834980965,-43.07245208309176,mage,14
25904,-22.65181465633809,-43.05361261025339,mage,2
25905,-22.661390928999936,-43.03525083599993,mage,2
25907,-22.63855440197675,-43.16000184562523,mage,3
25908,-22.65815606716074,-43.11902674370239,magé,13
25911,-22.55907208815268,-43.044923138517305,mage,26
25912,-22.568711297797634,-43.05970114621402,mage,24
25914,-22.59381281247852,-43.06930284283151,mage,11
25916,-22.6151152410835,-43.12484100866386,mage,9
25917,-22.827570210087117,-43.407390655253444,mage,3
25920,-22.739251006816584,-43.14806331929268,mage,5
25921,-22.6525357703222,-43.12650100805483,mage,8
25922,-22.66003863059351,-43.1347885471764,magé,33
25924,-22.679461197248557,-43.16763886734592,magé,6
25925,-22.693682771791412,-43.10979273572445,mage,8
25926,-22.70142395223432,-43.15952521180791,mage,66
25927,-22.580858599999942,-43.024005199999976,mage,1
25928,-22.636016818226437,-43.02534331618508,mage,1
25930,-22.68144619055304,-43.161459626401914,mage,16
25931,-22.615268614608077,-43.17116864583764,magé,97
25932,-22.606414625881992,-43.164799174042884,mage,19
25933,-22.589725437213616,-43.18381309691644,mage,17
25935,-22.61541015511536,-43.180319831473575,mage,112
25936,-22.620249948551308,-43.19299423593612,mage,31
25937,-22.64373828349399,-43.182944105487344,mage,18
25938,-22.6545713161462,-43.20333179891331,mage,7
25940,-22.617931893774944,-43.00412879602773,guapimirim,31
25941,-22.62586672856899,-43.010677828236446,guapimirim,1
25942,-22.589184799534628,-43.008721225874524,guapimirim,7
25943,-22.551014931094276,-42.984420499067156,guapimirim,49
25945,-22.528934117386,-42.98544280263765,guapimirim,20
25946,-22.527718078493137,-42.978266279510706,guapimirim,84
25947,-22.52160503745664,-42.96706435204439,guapimirim,3
25948,-22.51666724837226,-42.977582848227776,guapimirim,12
25949,-22.514546657287838,-42.96902750677734,guapimirim,17
26010,-22.7551063244127,-43.42858334530357,nova iguaçu,134
26011,-22.748785105742307,-43.43168107136049,nova iguacu,82
26012,-22.739120145317514,-43.438923776976765,nova iguacu,98
26013,-22.745675146224826,-43.44388802788447,nova iguacu,87
26014,-22.70976971510813,-43.46239835589092,nova iguaçu,1
26015,-22.74498697417717,-43.43911485622618,nova iguaçu,78
26020,-22.73307786504663,-43.4496138786291,nova iguaçu,108
26021,-22.7265203412345,-43.43963538573774,nova iguacu,67
26022,-22.732232372714957,-43.460676715526674,nova iguacu,140
26023,-22.718454478738636,-43.45333006616676,nova iguaçu,17
26025,-22.730629106878048,-43.44141566040569,nova iguacu,1
26030,-22.72927766291159,-43.46322545433846,nova iguacu,113
26031,-22.733144913944965,-43.47564299726109,nova iguacu,55
26032,-22.731168484612926,-43.4796971945155,nova iguaçu,70
26033,-22.722956089481777,-43.4618987093067,nova iguaçu,29
26035,-22.72277955303024,-43.46645519648206,nova iguacu,5
26040,-22.715476981048564,-43.45497446506072,nova iguacu,44
26041,-22.709788663568432,-43.465657949741065,nova iguacu,107
26042,-22.708401272321506,-43.47914027612773,nova iguacu,48
26043,-22.701009792897647,-43.47761987496442,nova iguacu,17
26050,-22.692333946397017,-43.4678329284204,nova iguacu,85
26051,-22.693709309049854,-43.45569367309577,nova iguacu,67
26052,-22.682661738953115,-43.44763426447411,nova iguacu,70
26053,-22.676424784708487,-43.46514837118791,nova iguacu,33
26055,-22.670887324637228,-43.446820831126175,nova iguacu,4
26060,-22.70596026208645,-43.44426093479684,nova iguaçu,34
26061,-22.695021672779234,-43.44134382746979,nova iguacu,35
26062,-22.663299180487797,-43.42190649887993,nova iguaçu,14
26063,-22.718698741050478,-43.47704074319361,nova iguacu,24
26064,-22.70017831698394,-43.439118972678784,nova iguacu,2
26065,-22.703656824288824,-43.44216248551625,nova iguaçu,1
26070,-22.712261582859313,-43.43397796646818,nova iguacu,142
26080,-22.72546659818089,-43.5110829974867,nova iguaçu,32
26082,-22.730849923063516,-43.501629004388285,nova iguaçu,29
26083,-22.73962521457062,-43.51130348349012,nova iguacu,50
26084,-22.728830116665797,-43.516628593810466,nova iguacu,28
26085,-22.7378823853966,-43.540626520424674,nova iguacu,11
26086,-22.727495091333505,-43.52334987524174,nova iguacu,78
26087,-22.716288877191023,-43.51530571258531,nova iguaçu,111
26088,-22.709994584521123,-43.52081425760519,nova iguacu,50
26089,-22.716938352983,-43.511724999285946,nova iguaçu,20
26092,-22.656660975647974,-43.52992852435203,nova iguacu,1
26099,-22.690572116374955,-43.43951671023915,nova iguacu,1
26110,-22.755672493046593,-43.36930490702333,belford roxo,26
26112,-22.748890763540413,-43.40218859295182,belford roxo,100
26113,-22.75249988943649,-43.39489689201624,belford roxo,41
26115,-22.74102601762666,-43.39058910287586,belford roxo,78
26116,-22.744030405639823,-43.38686162276392,belford roxo,33
26120,-22.74095127698239,-43.407375755677286,belford roxo,41
26123,-22.737559243829157,-43.40715915370587,belford roxo,30
26125,-22.733091514554367,-43.401189021141164,belford roxo,39
26127,-22.724173809266716,-43.415237232172665,belford roxo,14
26130,-22.76452043290213,-43.40324268558952,belford roxo,133
26131,-22.768565874936915,-43.39886889039503,belford roxo,3
26135,-22.748837947683032,-43.4110954882984,belford roxo,66
26140,-22.738645489116468,-43.417739173840076,belford roxo,57
26143,-22.72777921195433,-43.419079835385524,belford roxo,26
26145,-22.70129549999996,-43.39420920799995,belford roxo,1
26150,-22.716890263317833,-43.411433138492114,belford roxo,5
26153,-22.713867060465443,-43.4253429247028,belford roxo,3
26155,-22.72149589575073,-43.40236747175682,belford roxo,18
26157,-22.7139898637034,-43.404587915111954,belford roxo,7
26160,-22.730364905902917,-43.39084713564882,belford roxo,48
26163,-22.71802861019754,-43.38866458565219,belford roxo,13
26165,-22.73004862963322,-43.38401397146633,belford roxo,55
26167,-22.73381526820578,-43.37869831571142,belford roxo,27
26170,-22.735308724256505,-43.3689986253974,belford roxo,17
26171,-22.73200926261318,-43.363597470016465,belford roxo,5
26172,-22.727797274174065,-43.36988532052452,belford roxo,28
26173,-22.7293974724831,-43.35646929692585,belford roxo,25
26175,-22.723712605507256,-43.342182222430374,belford roxo,30
26176,-22.728925658269148,-43.37042492068155,belford roxo,9
26177,-22.71695548038081,-43.35942060077184,belford roxo,4
26178,-22.71708005610544,-43.37621943740937,belford roxo,41
26180,-22.709309871783464,-43.340396840703605,belford roxo,11
26182,-22.707844114319354,-43.338871880192436,belford roxo,24
26183,-22.718841571088486,-43.3359503631358,belford roxo,75
26185,-22.71230675457505,-43.3346366040831,belford roxo,44
26187,-22.731683227835816,-43.34902267341827,belford roxo,21
26190,-22.738054149192973,-43.33784294353118,belford roxo,18
26193,-22.74371498675422,-43.341815651536294,belford roxo,16
26195,-22.75588739927214,-43.35657274067045,belford roxo,6
26196,-22.74788950490292,-43.365239469417695,belford roxo,7
26210,-22.75587652233678,-43.45011309119682,nova iguaçu,141
26215,-22.749383783452853,-43.443731820645425,nova iguacu,129
26216,-22.751111606071024,-43.46011896476947,nova iguacu,26
26220,-22.758405694137398,-43.442957719272016,nova iguacu,144
26221,-22.761895289271685,-43.44132518888005,nova iguacu,39
26225,-22.764974904450163,-43.43867207315254,nova iguacu,68
26230,-22.754343447271268,-43.42874379900237,nova iguacu,13
26250,-22.76580597634655,-43.44413388623215,nova iguacu,85
26255,-22.760838936119498,-43.45665101381061,nova iguacu,349
26256,-22.75641397681851,-43.468057858785166,nova iguacu,29
26260,-22.757514514925703,-43.47418414534944,nova iguacu,65
26261,-22.75945387444939,-43.48287991446073,nova iguacu,58
26262,-22.758659494455966,-43.46865496838731,nova iguaçu,51
26263,-22.751116321636196,-43.4803664070067,nova iguacu,62
26265,-22.76240169452735,-43.49189992116156,nova iguacu,76
26266,-22.76149082223366,-43.49983733727016,nova iguacu,8
26270,-22.771786935706576,-43.513737001536,nova iguacu,17
26271,-22.765388055774636,-43.513740263369385,nova iguaçu,45
26272,-22.761268184110865,-43.504602353534416,nova iguacu,15
26275,-22.758522248481707,-43.5081270171475,nova iguacu,63
26276,-22.747655366540023,-43.50045199921573,nova iguacu,69
26277,-22.75365868027963,-43.50568209999401,nova iguacu,70
26278,-22.750950306589704,-43.5104936361956,nova iguacu,24
26279,-22.746340793942444,-43.51599943467023,nova iguacu,32
26280,-22.743455469856766,-43.48205928698698,nova iguacu,98
26281,-22.739051517422563,-43.47469667232987,nova iguacu,54
26282,-22.743267765418626,-43.47080427462203,nova iguacu,40
26285,-22.749261034645645,-43.457434797409576,nova iguacu,136
26286,-22.749193696741642,-43.469546131254496,nova iguacu,65
26290,-22.7692389862532,-43.52530849381608,nova iguacu,73
26291,-22.775922205954583,-43.53552518598715,nova iguaçu,111
26292,-22.765111723156874,-43.559026201122336,nova iguaçu,16
26293,-22.79249083598364,-43.57524682495404,nova iguacu,14
26294,-22.78980079583128,-43.54173558104738,nova iguacu,10
26295,-22.785646442747893,-43.568789004959754,nova iguacu,11
26296,-22.800125589753282,-43.59358340822262,nova iguacu,16
26297,-22.81315246690653,-43.58884053145267,nova iguacu,43
26298,-22.821289601573383,-43.583917046351964,nova iguacu,66
26299,-22.84103615023977,-43.61515804577371,nova iguacu,13
26310,-22.71769036507631,-43.56406590011273,queimados,79
26311,-22.7230667989856,-43.577531170720725,queimados,48
26313,-22.723986948546326,-43.56859220120247,queimados,26
26315,-22.726749869469312,-43.58842644869943,queimados,12
26316,-22.691702991594582,-43.594666387857934,queimados,6
26317,-22.715052584881548,-43.584965331661955,queimados,18
26320,-22.709506815061726,-43.580279131181264,queimados,26
26321,-22.7081915940706,-43.57351771589113,queimados,14
26323,-22.721880392950524,-43.56120106689918,queimados,48
26325,-22.720466020617074,-43.55679725976077,queimados,31
26327,-22.71961718645208,-43.549013869172136,queimados,28
26330,-22.735694400435158,-43.542197211853576,queimados,8
26343,-22.74418323758631,-43.53627333571844,queimados,3
26357,-22.72092277431804,-43.55006011962492,queimados,1
26373,-22.74654031250591,-43.62076582189151,queimados,2
26375,-22.739315013499976,-43.58068162499997,queimados,2
26376,-22.7377636809856,-43.57211233479985,queimados,5
26377,-22.733846095939832,-43.55891848340544,queimados,14
26379,-22.73701486100054,-43.563618736776355,queimados,14
26380,-22.707476317323948,-43.55071081533383,queimados,23
26381,-22.6969098294197,-43.55741624112584,queimados,44
26382,-22.692331349282565,-43.531816681604255,queimados,6
26383,-22.707869677714925,-43.561315648938425,queimados,131
26385,-22.705743887793954,-43.556562123447186,queimados,43
26387,-22.70539573940141,-43.537368980568004,queimados,5
26393,-22.711648674999413,-43.55824993029966,queimados,1
26410,-22.703220036110903,-43.63061748182738,japeri,6
26413,-22.696333434498968,-43.626641384369336,japeri,13
26415,-22.68438598344282,-43.62185666615002,japeri,6
26420,-22.684507729830734,-43.61532318330367,japeri,22
26423,-22.6809778671,-43.61135654272859,japeri,23
26425,-22.683208298587758,-43.6136513869842,japeri,8
26430,-22.688171783169814,-43.60645936527142,japeri,14
26433,-22.650250797954484,-43.65355119895557,japeri,25
26435,-22.648997352455527,-43.65813095170957,japeri,50
26440,-22.6438955448154,-43.64300824279504,japeri,26
26443,-22.644806809224903,-43.65794599414254,japeri,11
26445,-22.674494004101163,-43.60813218912923,japeri,24
26450,-22.663207630218253,-43.610776285393406,japeri,3
26453,-22.66951051838989,-43.61452547990683,japeri,23
26455,-22.67373240752545,-43.59804565833488,japeri,16
26460,-22.671642633506682,-43.59088177051566,japeri,11
26463,-22.680726339693077,-43.59670352467268,japeri,11
26465,-22.671966383772197,-43.59047220861024,japeri,1
26470,-22.679545467450538,-43.593041196799824,japeri,6
26473,-22.657531550558108,-43.53684578478757,japeri,1
26475,-22.67777934928249,-43.60222028932987,japeri,1
26480,-22.667916878063743,-43.58577332849087,japeri,1
26510,-22.816628254842055,-43.416324968037635,nilópolis,174
26511,-22.81670515701384,-43.41717323265526,nilopolis,1
26515,-22.82027720659127,-43.42270906150816,nilopolis,63
26520,-22.81249234447968,-43.42909625891298,nilopolis,200
26521,-22.809500731742084,-43.43250149322672,nilopolis,39
26525,-22.805706631753832,-43.42307905240664,nilopolis,163
26526,-22.804257068335087,-43.42109060717076,nilopolis,15
26530,-22.80164222999227,-43.41601787718497,nilopolis,89
26535,-22.799760130437146,-43.41047447797409,nilópolis,108
26540,-22.80794794860136,-43.407730986708756,nilopolis,111
26545,-22.81382105979965,-43.40235279737406,nilopolis,82
26550,-22.77075741016515,-43.4312991356195,mesquita,51
26551,-22.781707096310384,-43.42552236371597,mesquita,94
26553,-22.786322478605623,-43.43138510904005,mesquita,113
26554,-22.790892213128686,-43.43692215015001,mesquita,32
26556,-22.77776602762561,-43.43662348759625,mesquita,31
26557,-22.771105803454297,-43.436388705139315,mesquita,13
26560,-22.772872235146963,-43.42497545965702,mesquita,35
26562,-22.770064916804248,-43.422339662467735,mesquita,69
26564,-22.77328132742342,-43.417817145369014,mesquita,59
26570,-22.77814678640116,-43.4171342747468,mesquita,28
26572,-22.784670333851196,-43.41150550604952,mesquita,33
26574,-22.77767719983202,-43.403866973597395,mesquita,50
26580,-22.78727630139065,-43.42104793086865,mesquita,53
26582,-22.791786349943763,-43.41589366647349,mesquita,95
26584,-22.79705192396206,-43.42658602251409,mesquita,30
26585,-22.79835084305232,-43.434750437897016,mesquita,41
26587,-22.80462139272945,-43.4357429099578,mesquita,43
26600,-22.61483382699214,-43.705683375748585,paracambi,356
28680,-22.470849051492323,-42.657121037845286,cachoeiras de macacu,180
28685,-22.563112627482216,-42.69241378241511,cachoeiras de macacu,3
28695,-22.602807,-42.737436,cachoeiras de macacu,1
28800,-22.711927870432564,-42.63004113951235,rio bonito,327
