method,K_target,runtime_s,n_facilities,weighted_avg_distance_km,max_distance_km,median_distance_km,p95_distance_km,p99_distance_km,p95_CEPs_distance_km,p99_CEPs_distance_km,assigned_orders_pct,native_assigned_orders_pct,CEPs_reassigned_to_nearest,orders_reassigned_to_nearest,native_max_distance_km,coverage_3km_%,coverage_5km_%,coverage_10km_%
KMeans-weighted,10,0.015964984893798828,10,5.808972668334218,33.64025875706124,4.889889501195707,12.775865350617973,17.62447479025319,16.372893561269954,20.364192041146893,100.0,100.0,13,139,33.64025875706124,20.35909606851718,51.40852337220101,88.11268186977608
Agglomerative-ward,10,0.007996559143066406,10,5.903111271183224,42.8079666521038,4.88099416264626,12.395759490981069,20.94257626792801,15.057021020541823,20.556557634482814,100.0,100.0,51,373,42.8079666521038,17.046744402022497,51.51171189763698,87.82375399855536
MCLP-R3km,10,0.03951072692871094,10,7.793237891323454,67.98839236377579,3.1370284856229054,27.53730778672816,48.66867736618775,32.423015134952635,48.32275964235847,100.0,100.0,0,0,67.98839236377579,49.540811061809926,57.53792178309772,71.63347435765142
KMeans-weighted,20,0.02400374412536621,20,3.79396031427798,25.166930529399814,3.2330041948680446,8.37447587567144,13.756035158363737,11.069180334408758,17.518317844872445,100.0,100.0,9,87,25.166930529399814,44.03054380352905,78.23753998555361,97.67825817769064
Agglomerative-ward,20,0.008997917175292969,20,4.27551585289597,25.16693052939989,3.9813394224912497,9.81447058450188,11.446667741103669,9.306891689398679,12.38223843706731,100.0,100.0,64,518,25.16693052939989,29.84212155608296,70.73573418635848,96.7082860385925
MCLP-R3km,20,0.04961872100830078,20,4.884530423313561,60.10036831682184,2.233878650478,20.581711734679242,41.07228547856458,25.291187294748845,40.14007338152905,100.0,100.0,0,0,60.10036831682184,67.44402022495099,77.16437932101951,88.37065318336602
KMeans-weighted,30,0.03100132942199707,30,2.86474444415449,15.738589550835977,2.5739051042935017,5.766995515423437,8.666643867612471,7.994688564765814,11.122468632401382,100.0,100.0,11,121,15.738589550835977,59.08574966463729,90.5685687751522,99.45310081518936
Agglomerative-ward,30,0.014009237289428711,30,3.352504257460522,17.268296834427396,3.0465520383895837,7.206357867594351,10.299528171505525,6.78465011507816,10.232428169183812,100.0,100.0,69,674,17.268296834427396,49.2725208956764,84.93447528634816,98.89588277783511
MCLP-R3km,30,0.06150460243225098,30,3.3469150975226505,54.132100932027846,2.02084028668791,13.531173801715516,24.78132266449799,19.65727734394948,24.74312752517415,100.0,100.0,0,0,54.132100932027846,78.40264162625115,87.79279744092456,92.71489010422042
KMeans-weighted,40,0.040999650955200195,40,2.1873197615803655,15.264598378487985,1.9037403979434784,4.894576733948815,7.39570894003147,6.441338441232318,9.177773474327992,100.0,100.0,4,26,15.264598378487985,79.06304818904137,95.34619750283768,99.78330409658446
Agglomerative-ward,40,0.010000228881835938,40,2.710404842557466,15.264598378487985,2.568310809961546,5.16827765750267,6.471169644502528,5.525834132472222,8.489375785189631,100.0,100.0,54,617,15.264598378487985,60.953461975028375,94.86121143328862,99.90713032710762
MCLP-R3km,40,0.0685124397277832,40,2.9243535809901036,53.30339599552052,1.8265323914670712,11.605115797628066,23.63012545063597,17.950550266927205,23.549034666765266,100.0,100.0,0,0,53.30339599552052,84.0264162625116,89.59859663605407,93.8190073263853
KMeans-weighted,50,0.04200124740600586,50,1.9179410068534304,15.264598378487985,1.631949940107448,4.29375959172743,5.807298561155062,5.590379735417672,7.569683536153296,100.0,100.0,9,52,15.264598378487985,83.88195232690124,97.36869260138272,99.96904344236921
Agglomerative-ward,50,0.011337041854858398,50,2.2224326950417246,15.264598378487985,2.011641654243981,4.440261765669887,6.074588939724234,4.7134381713237,6.569680336184584,100.0,100.0,59,619,15.264598378487985,77.92797440924569,96.68764833350532,99.91744917965121
MCLP-R3km,50,0.07699966430664062,50,2.236293303897812,36.52617815788724,1.7056450206634373,6.641028728543738,14.618364215385649,11.030787532336335,17.574198757328347,100.0,100.0,0,0,36.52617815788724,87.81343514601177,93.61263027551337,97.16231555051078
KMeans-weighted,60,0.05151486396789551,60,1.6783606900164745,15.264598378487985,1.481878620623132,3.5293456832365475,5.377944026593517,4.818557968744225,7.810009700014471,100.0,100.0,4,57,15.264598378487985,88.88659581054587,98.81333195748633,99.96904344236921
Agglomerative-ward,60,0.009999752044677734,60,2.048447116159488,8.476521242362951,1.8716159336747826,4.110057068898669,6.074588939724234,4.134986704726686,5.966918169639818,100.0,100.0,51,547,8.476521242362951,83.19058920648024,97.57506965225467,100.0
MCLP-R3km,60,0.08350801467895508,60,1.9483315652990578,26.950553178813898,1.6315292391014076,4.900809485566308,11.157111032010608,9.120666377223435,14.028655383591106,100.0,100.0,0,0,26.950553178813898,90.72335156330617,95.22237127231452,98.36962129811165
KMeans-weighted,70,0.06050825119018555,70,1.4910433919338637,15.264598378487985,1.3170037215268224,3.254351953137291,4.853936072039876,4.310004825166283,6.048278625511996,100.0,100.0,3,42,15.264598378487985,92.70457125167681,99.07130327107626,99.96904344236921
Agglomerative-ward,70,0.010999917984008789,70,1.7674534946961786,8.476521242362951,1.7216384091698045,3.3387799871976074,5.154687798229854,3.863357395365815,5.364742428263447,100.0,100.0,46,481,8.476521242362951,90.42410483954184,98.86492622020431,100.0
MCLP-R3km,70,0.09453487396240234,70,1.7601885391908425,16.550308693700245,1.5877104097135522,4.310538247577604,8.49121634560142,7.733264097103218,11.148877794682868,100.0,100.0,0,0,16.550308693700245,92.60138272624084,96.21298111649985,99.43246311010215
KMeans-weighted,80,0.0669863224029541,80,1.339432940660886,15.264598378487985,1.1615976399739172,3.0654028174495873,4.27498630764577,3.97369153973281,6.073058746277076,100.0,100.0,4,33,15.264598378487985,94.62387782478588,99.33959343720979,99.96904344236921
Agglomerative-ward,80,0.010999917984008789,80,1.6053351384870707,8.476521242362951,1.499134313255914,2.996582310684295,4.277913145305078,3.4473507578878504,5.026985503496777,100.0,100.0,39,470,8.476521242362951,95.09854504179135,99.53565163553813,100.0
MCLP-R3km,80,0.09762835502624512,80,1.6245193194494754,16.550308693700245,1.5006111461378586,3.780202563071508,8.49121634560142,7.652874425858059,11.148877794682868,100.0,100.0,0,0,16.550308693700245,93.55071716025178,96.40903931482819,99.43246311010215
KMeans-weighted,90,0.07100534439086914,90,1.2373575664302536,12.613476937004437,1.0239550186580664,2.9155771383206424,3.7493512240978135,3.6628623764530843,5.136074133344681,100.0,100.0,3,16,12.613476937004437,95.56289340625322,99.77298524404085,99.96904344236921
Agglomerative-ward,90,0.010998010635375977,90,1.4430764748970792,6.2499579229461855,1.2875194505484366,2.860634006391245,3.535328340119078,3.2898547711381183,4.613817928286598,100.0,100.0,43,491,6.2499579229461855,96.22329996904344,99.86585491693324,100.0
MCLP-R3km,90,0.10064148902893066,85,1.5991171887975597,16.550308693700245,1.4794569707476568,3.780202563071508,8.49121634560142,7.6481869283788395,11.148877794682868,100.0,100.0,0,0,16.550308693700245,93.68486224331855,96.40903931482819,99.43246311010215
KMeans-weighted,100,0.08202600479125977,100,1.1253771952779736,12.996052512646255,0.9735773560217184,2.5409410715337404,3.542526341434583,3.36241491768223,5.210576220759176,100.0,100.0,3,23,12.996052512646255,97.55443194716747,99.71107212877928,99.96904344236921
Agglomerative-ward,100,0.012000560760498047,100,1.3907323668867928,6.2499579229461855,1.2240634386639697,2.7491080927908684,3.298537273474672,3.099130786366459,4.317343269864817,100.0,100.0,42,443,6.2499579229461855,96.60509751315654,99.86585491693324,100.0
MCLP-R3km,100,0.11253070831298828,85,1.5991171887975597,16.550308693700245,1.4794569707476568,3.780202563071508,8.49121634560142,7.6481869283788395,11.148877794682868,100.0,100.0,0,0,16.550308693700245,93.68486224331855,96.40903931482819,99.43246311010215
KMeans-weighted,110,0.08900284767150879,110,1.0716522517977118,12.5882156677179,0.9105841711271203,2.375339858723402,3.2483442028227887,3.1853121032614524,5.04685571085458,100.0,100.0,7,154,12.5882156677179,98.55536064389639,99.77298524404085,99.9896811474564
Agglomerative-ward,110,0.011500835418701172,110,1.3029618985281837,5.60563250267751,1.1634812245743897,2.663224007145066,3.1802126822588446,2.867483700595576,3.620742452369454,100.0,100.0,46,491,5.60563250267751,97.29646063357754,99.9793622949128,100.0
MCLP-R3km,110,0.10370993614196777,85,1.5991171887975597,16.550308693700245,1.4794569707476568,3.780202563071508,8.49121634560142,7.6481869283788395,11.148877794682868,100.0,100.0,0,0,16.550308693700245,93.68486224331855,96.40903931482819,99.43246311010215
KMeans-weighted,120,0.0955204963684082,120,0.979405557586494,12.5882156677179,0.8844854833632559,2.1864069299930837,3.0283930213251473,3.0282403225256,4.335446467274334,100.0,100.0,5,39,12.5882156677179,98.97843359818388,99.90713032710762,99.9896811474564
Agglomerative-ward,120,0.011997222900390625,120,1.2122223964523933,4.667677885184074,1.084942122216653,2.5259620899836497,3.1104087330441796,2.7368005322311517,3.5876198266050725,100.0,100.0,40,406,4.8898126913288396,97.822722113301,100.0,100.0
MCLP-R3km,120,0.10952591896057129,85,1.5991171887975597,16.550308693700245,1.4794569707476568,3.780202563071508,8.49121634560142,7.6481869283788395,11.148877794682868,100.0,100.0,0,0,16.550308693700245,93.68486224331855,96.40903931482819,99.43246311010215
KMeans-weighted,130,0.1004946231842041,130,0.9244888844825142,12.5882156677179,0.8172270711765385,2.089600635269343,2.895920440253902,2.879167382334177,4.2139277898772445,100.0,100.0,6,78,12.5882156677179,99.18481064905582,99.86585491693324,99.9896811474564
Agglomerative-ward,130,0.011998891830444336,130,1.1100453032914697,4.667677885184074,0.9951974088604777,2.491263609226217,3.097871580919675,2.6504675261869983,3.4082170065004553,100.0,100.0,37,311,4.8898126913288396,98.09101227943454,100.0,100.0
MCLP-R3km,130,0.10452675819396973,85,1.5991171887975597,16.550308693700245,1.4794569707476568,3.780202563071508,8.49121634560142,7.6481869283788395,11.148877794682868,100.0,100.0,0,0,16.550308693700245,93.68486224331855,96.40903931482819,99.43246311010215
KMeans-weighted,140,0.10951089859008789,140,0.8540801021270951,12.5882156677179,0.724608868989888,2.0452296944746307,2.8096354221557442,2.801336019988651,3.877305553908174,100.0,100.0,6,46,12.5882156677179,99.24672376431741,99.92776803219482,99.9896811474564
Agglomerative-ward,140,0.015005826950073242,140,1.0393587793412704,4.27498630764533,0.9678367786395295,2.24403977671632,2.921234854325961,2.479019935886065,3.1765272460129466,100.0,100.0,32,243,4.27498630764533,99.09194097616346,100.0,100.0
MCLP-R3km,140,0.10051751136779785,85,1.5991171887975597,16.550308693700245,1.4794569707476568,3.780202563071508,8.49121634560142,7.6481869283788395,11.148877794682868,100.0,100.0,0,0,16.550308693700245,93.68486224331855,96.40903931482819,99.43246311010215
KMeans-weighted,150,0.12642502784729004,150,0.804194350145982,6.046508438810637,0.728649716130183,1.892796533409078,2.6676597617413553,2.6205318759729086,3.678889012426586,100.0,100.0,1,6,6.046508438810637,99.56660819316892,99.948405737282,100.0
Agglomerative-ward,150,0.013997316360473633,150,0.9525360274955635,3.6208332042295037,0.8989198777554621,1.9838149520316923,2.655318239954455,2.3370398459719084,2.9122250077354335,100.0,100.0,33,236,3.74853986605041,99.43246311010215,100.0,100.0
MCLP-R3km,150,0.10351204872131348,85,1.5991171887975597,16.550308693700245,1.4794569707476568,3.780202563071508,8.49121634560142,7.6481869283788395,11.148877794682868,100.0,100.0,0,0,16.550308693700245,93.68486224331855,96.40903931482819,99.43246311010215
KMeans-weighted,160,0.1335148811340332,160,0.7475200171218647,5.945810257689505,0.6647607831350404,1.8221235240443407,2.5329504208609444,2.4871757957527154,3.479958188973373,100.0,100.0,4,20,5.945810257689505,99.6285213084305,99.9793622949128,100.0
Agglomerative-ward,160,0.014530658721923828,160,0.9105672799199206,3.498729457991359,0.8548705702865282,1.8928022778894331,2.538907713169501,2.192498696870931,2.8076241254133882,100.0,100.0,30,243,3.7276976569585196,99.47373852027654,100.0,100.0
MCLP-R3km,160,0.10650849342346191,85,1.5991171887975597,16.550308693700245,1.4794569707476568,3.780202563071508,8.49121634560142,7.6481869283788395,11.148877794682868,100.0,100.0,0,0,16.550308693700245,93.68486224331855,96.40903931482819,99.43246311010215
