method,K_target,runtime_s,mean_convex_hull_area_km2,n_facilities,weighted_avg_distance_km,max_distance_km,median_distance_km,p95_distance_km,p99_distance_km,p95_CEPs_distance_km,p99_CEPs_distance_km,assigned_orders_pct,native_assigned_orders_pct,CEPs_reassigned_to_nearest,orders_reassigned_to_nearest,native_max_distance_km,coverage_3km_%,coverage_5km_%,coverage_10km_%,radius_km,eps_km,n_noise
Agglomerative-average,5.0,0.07570505142211914,893.8323416745668,5,13.664700587417872,51.45261289887302,13.017250486532266,28.6214915660554,41.05558518087685,34.871667495229886,44.58072699879328,100.0,100.0,45,851,51.45261289887302,3.229800846145908,9.01867712310391,36.47714374161593,,,
Agglomerative-complete,5.0,0.0469970703125,883.165560045021,5,10.17053808947503,35.729834833357785,9.398303602114757,19.260312896602617,25.42537826985137,23.168459945172103,27.139847706308476,100.0,100.0,67,350,37.692457460536694,6.872355794035704,16.23155505107832,56.44412341347642,,,
Agglomerative-ward,5.0,0.007999658584594727,967.9018007385587,5,8.835711935314745,54.507460898897605,7.780927191435269,18.086706797539176,29.64667917629823,22.801994753748463,29.54446191963256,100.0,100.0,89,1121,58.69517741232397,11.825405014962337,20.6480239397379,69.70384893199876,,,
KMeans-weighted,5.0,0.07465887069702148,1019.1747441472183,5,8.608525143725261,52.202247518832216,7.2469758372624105,17.971647789508502,26.141803494456575,21.28122438626003,25.725797820255142,100.0,100.0,2,10,52.202247518832216,9.658445980806935,29.20235269837994,71.71602517800021,,,
Agglomerative-average,10.0,0.03843402862548828,332.70459739478275,10,8.348087055551549,25.27620007575879,8.582661072702482,14.446409600989,18.127987716493784,15.423108257496555,20.906727833823606,100.0,100.0,95,571,36.29264005059679,7.770095965328655,20.462284593953154,66.6907439892684,,,
Agglomerative-complete,10.0,0.04609823226928711,352.49193794924446,10,8.050638680300679,22.681941369776276,8.352333912880777,14.285649030110958,16.92591904307678,14.628336035097051,17.85382294799482,100.0,100.0,76,441,22.681941369776276,9.81322876896089,25.75585594881849,72.1390981322877,,,
Agglomerative-ward,10.0,0.008115530014038086,406.0774025721108,10,5.903111271183224,42.8079666521038,4.88099416264626,12.395759490981069,20.94257626792801,15.057021020541823,20.556557634482814,100.0,100.0,51,373,42.8079666521038,17.046744402022497,51.51171189763698,87.82375399855536,,,
KMeans-weighted,10.0,0.01832413673400879,389.63209143846404,10,5.808972668334218,33.64025875706124,4.889889501195707,12.775865350617973,17.62447479025319,16.372893561269954,20.364192041146893,100.0,100.0,13,139,33.64025875706124,20.35909606851718,51.40852337220101,88.11268186977608,,,
Agglomerative-average,15.0,0.04221343994140625,167.90508159638634,15,7.758357680574337,16.131294278871195,8.075161421354144,13.383345743864474,16.131294278871195,12.70496269985399,14.300385824200035,100.0,100.0,90,563,24.200792317454578,10.205345165617583,27.695800227014754,70.60158910329172,,,
Agglomerative-complete,15.0,0.0406191349029541,195.708728563659,15,6.571918808844994,18.52389733134627,6.591369792897169,11.55290854063152,14.098016075003494,13.012025049521181,16.667391408037282,100.0,100.0,90,1238,18.52389733134627,13.58992879991745,33.77360437519348,87.44195645444228,,,
Agglomerative-ward,15.0,0.0070345401763916016,180.132556825843,15,5.112430735687412,26.74652534653424,4.604597663299725,10.299528171505525,13.685653527838975,11.873233679529193,15.890130559032926,100.0,100.0,41,317,26.74652534653424,19.069239500567537,57.383138994943764,93.82932617892891,,,
KMeans-weighted,15.0,0.01891303062438965,228.12456562911876,15,4.662635815521361,27.173465665058036,4.1700714952697835,10.194431462233704,17.02773788360302,12.930695656276074,18.401535401903438,100.0,100.0,7,29,27.173465665058036,27.9124961304303,67.00030956557632,94.54132700443711,,,
Agglomerative-average,20.0,0.03999495506286621,108.76658952044927,20,5.376695722279929,15.028174073015018,4.66320430690904,10.993631897795147,13.739782713382876,11.537821106639518,13.070223366087365,100.0,100.0,67,619,16.619157435254266,22.13393870601589,53.67867093179238,90.87813435146012,,,
Agglomerative-complete,20.0,0.03979659080505371,111.88449581474269,20,4.760022069445353,14.755872469842686,4.434188828702033,9.467046430118513,11.99229652370026,10.691233997236505,12.346433335595124,100.0,100.0,68,587,15.393847494829547,24.971623155505107,60.561345578371686,96.7289237436797,,,
Agglomerative-ward,20.0,0.007991313934326172,116.09899952281212,20,4.27551585289597,25.16693052939989,3.9813394224912497,9.81447058450188,11.446667741103669,9.306891689398679,12.38223843706731,100.0,100.0,64,518,25.16693052939989,29.84212155608296,70.73573418635848,96.7082860385925,,,
KMeans-weighted,20.0,0.024886369705200195,128.92398911414648,20,3.79396031427798,25.166930529399814,3.2330041948680446,8.37447587567144,13.756035158363737,11.069180334408758,17.518317844872445,100.0,100.0,9,87,25.166930529399814,44.03054380352905,78.23753998555361,97.67825817769064,,,
Agglomerative-average,25.0,0.039995670318603516,73.15111382021807,25,4.3821166155209585,12.598147455231135,4.260490236144937,8.385381131915626,10.709667211316725,9.637930450331368,11.957650902700523,100.0,100.0,44,323,15.393847494829547,26.106696935300793,66.33990300278609,98.28707047776287,,,
Agglomerative-complete,25.0,0.035901784896850586,80.54839278638505,25,4.02597175067923,14.755872469842686,3.7946539336301948,7.690856278657748,9.96902981632247,8.085014977864402,10.851748713936168,100.0,100.0,66,631,15.097901798340486,32.83458879372614,72.37643174079042,99.05066556598906,,,
Agglomerative-ward,25.0,0.008035898208618164,83.9205106576272,25,3.65882367826309,17.268296834427396,3.3364458291895303,8.324557780315542,10.452742788659368,8.213912356610809,11.796615895010657,100.0,100.0,53,481,17.268296834427396,43.15344133732329,79.3313383551749,97.86399752347539,,,
KMeans-weighted,25.0,0.02591395378112793,85.97144755467042,25,3.2128257786830687,25.166930529399814,2.804790933918887,6.959983915355851,10.606017006807763,9.48140433182612,13.43093152445918,100.0,100.0,5,31,25.166930529399814,52.976988958827775,86.14178103394903,98.63791146424518,,,
Agglomerative-average,30.0,0.04369163513183594,55.294917708339106,30,3.887196154069051,10.999326247942642,3.757451545281461,7.1124665644004486,8.82083436279977,7.909195310399003,9.126761732402931,100.0,100.0,45,331,11.67491091435297,33.804560932824266,73.53214322567331,99.60788360334331,,,
Agglomerative-complete,30.0,0.05800175666809082,61.055369657872426,30,3.61290684653227,14.755872469842686,3.5805162741916208,6.290669316822721,8.11614840695746,7.279352190816623,9.016647801141806,100.0,100.0,65,567,15.097901798340486,36.55969456196471,81.9007326385306,99.85553606438964,,,
Agglomerative-ward,30.0,0.009455204010009766,63.67164134987761,30,3.352504257460522,17.268296834427396,3.0465520383895837,7.206357867594351,10.299528171505525,6.78465011507816,10.232428169183812,100.0,100.0,69,674,17.268296834427396,49.2725208956764,84.93447528634816,98.89588277783511,,,
KMeans-weighted,30.0,0.03508424758911133,63.16709734944795,30,2.86474444415449,15.738589550835977,2.5739051042935017,5.766995515423437,8.666643867612471,7.994688564765814,11.122468632401382,100.0,100.0,11,121,15.738589550835977,59.08574966463729,90.5685687751522,99.45310081518936,,,
Agglomerative-average,70.0,0.038321495056152344,12.194913922873443,70,2.1497658172992313,6.151837255478808,2.1169750486379533,4.003640689895725,4.558269191001281,4.11962892663885,5.074494987862563,100.0,100.0,55,603,7.280018448458522,75.12124651738726,99.44278196264575,100.0,,,
Agglomerative-complete,70.0,0.037455081939697266,12.554573113318598,70,1.9229242260943524,6.2637561834818865,1.8538503950136453,3.8201527897651895,4.555392128340315,3.9502896545731403,4.7687934139517445,100.0,100.0,78,615,6.2637561834818865,85.22340315756888,99.81426065421525,100.0,,,
Agglomerative-ward,70.0,0.009721994400024414,12.815590895800051,70,1.7674534946961786,8.476521242362951,1.7216384091698045,3.3387799871976074,5.154687798229854,3.863357395365815,5.364742428263447,100.0,100.0,46,481,8.476521242362951,90.42410483954184,98.86492622020431,100.0,,,
KMeans-weighted,70.0,0.057334184646606445,15.808729855061529,70,1.4910433919338637,15.264598378487985,1.3170037215268224,3.254351953137291,4.853936072039876,4.310004825166283,6.048278625511996,100.0,100.0,3,42,15.264598378487985,92.70457125167681,99.07130327107626,99.96904344236921,,,
DBSCAN,,0.035006046295166016,1.8030547621725574,71,2.694807914299534,35.532102366085006,1.7356377264177074,10.651283880255571,13.365391611290475,9.301542999979311,15.506101735557335,100.0,55.64957176761944,61,845,6.186581810077163,77.87638014652771,87.49355071716025,94.41750077391394,,1.0,391.0
DBSCAN,,0.03612017631530762,23.578405497624818,36,4.9008482294794335,36.11243232732913,4.504966128829259,9.279980921201306,13.036299305735428,8.94011484394462,15.627235267379803,100.0,83.12867609121865,185,1957,16.13672960406696,33.36085027344959,56.08296357445052,95.69703848931998,,1.5,152.0
DBSCAN,,0.03487539291381836,41.58518384158102,28,6.912118638928423,33.473929000807125,6.519171697801164,13.27662621767498,14.971539320456088,13.344591217652766,15.73356325413073,100.0,87.6586523578578,245,1910,31.593111656739218,22.226808378908267,36.27076669074399,72.19069239500567,,2.0,91.0
DBSCAN,,0.03550887107849121,106.79538582168637,20,8.669816223573529,33.69071600412507,8.58391878810192,15.354415858573905,18.33764335930998,16.148159227023775,18.66563840775145,100.0,92.57042616861006,346,3818,38.22048954507217,12.589000103188525,25.53916004540295,57.764936539056855,,2.5,48.0
DBSCAN,,0.03411531448364258,173.16344606611372,15,9.932444050558916,33.69071600412507,10.182525639126128,17.317901248439863,19.639980777474573,17.09140440586417,20.039364824560984,100.0,93.51976060262099,344,3321,38.65430322554799,8.595604168816427,18.862862449695594,48.05489629553193,,3.0,34.0
DBSCAN,,0.03891777992248535,255.30002449234826,12,10.482355732442926,33.69071600412507,10.844779691085254,18.437725572763718,22.132230933714283,19.985183618534336,23.248073687715014,100.0,97.35837374883913,279,2848,43.21145466709509,8.316995150139304,15.07584356619544,46.05303890207409,,4.0,12.0
DBSCAN,,0.034826040267944336,506.44311600353365,7,12.216865373471661,41.08818247499672,12.390424550735387,21.733956018101154,25.217760611977965,23.0879326323659,25.987988525123846,100.0,98.81333195748633,211,1918,45.562861255056504,3.9521205241977095,11.185636157259312,39.91332163863379,,5.0,9.0
DBSCAN,,0.03500699996948242,2572.684033671797,2,16.51024123700312,79.18584754467824,14.368384058078899,36.02125072911871,54.75151275953728,44.50624391640143,56.60869758778394,100.0,99.38086884738418,111,943,62.30213685580761,3.0956557630791455,8.100299246723765,26.065421525126403,,7.0,6.0
