scope,method,radius_km,K_selected,seed,facility_id,lat,lng,nearest_assigned_orders,inside_municipal_union
main,KMeans-weighted,10.0,17,42,0,-22.877138394541166,-43.38792984643064,774,True
main,KMeans-weighted,10.0,17,42,1,-22.94922144206725,-43.19066508280556,1756,True
main,KMeans-weighted,10.0,17,42,2,-22.62292134758522,-43.100665801177705,126,True
main,KMeans-weighted,10.0,17,42,3,-22.893543159780343,-43.55668599646644,595,True
main,KMeans-weighted,10.0,17,42,4,-22.62609765843472,-42.65291010989988,55,True
main,KMeans-weighted,10.0,17,42,5,-22.75859832114981,-43.440880759920326,727,True
main,KMeans-weighted,10.0,17,42,6,-22.830344836414245,-43.02521431744415,392,True
main,KMeans-weighted,10.0,17,42,7,-22.71190880586576,-43.29786145417535,294,True
main,KMeans-weighted,10.0,17,42,8,-22.85503010043005,-43.2781310246915,928,True
main,KMeans-weighted,10.0,17,42,9,-22.87687148928336,-42.8774865599144,182,True
main,KMeans-weighted,10.0,17,42,10,-22.9231880294158,-43.67093230089347,361,True
main,KMeans-weighted,10.0,17,42,11,-22.688392101698756,-43.63090619548984,153,True
main,KMeans-weighted,10.0,17,42,12,-22.477721676146285,-43.17118865194025,234,True
main,KMeans-weighted,10.0,17,42,13,-22.905064264543277,-43.0914974716146,822,True
main,KMeans-weighted,10.0,17,42,14,-22.96507086082448,-43.35295388551478,810,True
main,KMeans-weighted,10.0,17,42,15,-22.923519068878715,-43.23772625046752,1086,True
main,KMeans-weighted,10.0,17,42,16,-23.005840776506822,-43.44989803996479,396,True
main,KMeans-weighted,5.0,40,42,0,-22.652760877170053,-43.272240771569656,118,True
main,KMeans-weighted,5.0,40,42,1,-22.923047830234747,-43.384305555902976,239,True
main,KMeans-weighted,5.0,40,42,2,-22.961701736050937,-43.186622214850026,761,True
main,KMeans-weighted,5.0,40,42,3,-22.893413250965637,-43.55746706776706,408,True
main,KMeans-weighted,5.0,40,42,4,-22.8299366013114,-43.00472361282451,250,True
main,KMeans-weighted,5.0,40,42,5,-22.72373701378068,-43.54914276167818,147,True
main,KMeans-weighted,5.0,40,42,6,-22.836305345228123,-43.31612709278416,281,True
main,KMeans-weighted,5.0,40,42,7,-22.388516733465263,-43.12987913902451,61,True
main,KMeans-weighted,5.0,40,42,8,-22.71285423290253,-42.65055694428333,34,True
main,KMeans-weighted,5.0,40,42,9,-22.89747707986008,-43.1046297089204,633,True
main,KMeans-weighted,5.0,40,42,10,-22.918439291579755,-43.23531431024064,863,True
main,KMeans-weighted,5.0,40,42,11,-22.9187415428821,-43.182892105603855,667,True
main,KMeans-weighted,5.0,40,42,12,-22.75560765405405,-43.42812471037323,258,True
main,KMeans-weighted,5.0,40,42,13,-23.00800408760573,-43.46861536720091,280,True
main,KMeans-weighted,5.0,40,42,14,-22.93051953664865,-42.94891666605885,60,True
main,KMeans-weighted,5.0,40,42,15,-22.91801952820316,-43.60964645454493,236,True
main,KMeans-weighted,5.0,40,42,16,-22.50917544206272,-43.185754433951,173,True
main,KMeans-weighted,5.0,40,42,17,-22.624109639675027,-43.69048105537401,49,True
main,KMeans-weighted,5.0,40,42,18,-22.80666214247548,-43.19391095504187,147,True
main,KMeans-weighted,5.0,40,42,19,-22.470849051492323,-42.657121037845286,19,True
main,KMeans-weighted,5.0,40,42,20,-22.6059115719294,-43.03476983869264,63,True
main,KMeans-weighted,5.0,40,42,21,-22.99780267519208,-43.33314804955504,280,True
main,KMeans-weighted,5.0,40,42,22,-22.93906506457527,-43.675932886503055,189,True
main,KMeans-weighted,5.0,40,42,23,-22.9273762146674,-42.840699191582274,82,True
main,KMeans-weighted,5.0,40,42,24,-22.87612265296301,-43.45515550887786,244,True
main,KMeans-weighted,5.0,40,42,25,-22.89680653960347,-43.28834309326799,388,True
main,KMeans-weighted,5.0,40,42,26,-22.934922793861578,-43.04609644042844,175,True
main,KMeans-weighted,5.0,40,42,27,-22.83137794328445,-43.06626304127493,142,True
main,KMeans-weighted,5.0,40,42,28,-22.757942521424702,-43.3210829674122,190,True
main,KMeans-weighted,5.0,40,42,29,-22.749128477164557,-42.87332183968474,56,True
main,KMeans-weighted,5.0,40,42,30,-22.98168752669256,-43.395726584673234,267,True
main,KMeans-weighted,5.0,40,42,31,-22.873936188183887,-43.35919542451895,383,True
main,KMeans-weighted,5.0,40,42,32,-22.639861640094228,-43.16986066955095,67,True
main,KMeans-weighted,5.0,40,42,33,-22.93790495423413,-43.34748423039764,283,True
main,KMeans-weighted,5.0,40,42,34,-22.76717867732229,-43.67402707238727,36,True
main,KMeans-weighted,5.0,40,42,35,-22.871338940979843,-43.787009249444985,46,True
main,KMeans-weighted,5.0,40,42,36,-22.804844345907856,-43.40071059545758,270,True
main,KMeans-weighted,5.0,40,42,37,-22.979545932279358,-43.2242486537832,413,True
main,KMeans-weighted,5.0,40,42,38,-22.73177019865034,-43.46642617558455,197,True
main,KMeans-weighted,5.0,40,42,39,-22.850681669544542,-43.26644819921173,236,True
main,KMeans-weighted,3.0,82,42,0,-22.876692864691005,-43.5385571043724,105,True
main,KMeans-weighted,3.0,82,42,1,-22.9349894338938,-43.182092209003045,426,True
main,KMeans-weighted,3.0,82,42,2,-22.64095641881601,-43.05650283084656,42,True
main,KMeans-weighted,3.0,82,42,3,-22.96554242872385,-43.388670665927215,166,True
main,KMeans-weighted,3.0,82,42,4,-22.73802175047793,-43.39379910303602,65,True
main,KMeans-weighted,3.0,82,42,5,-22.819897802096133,-43.027016760916375,112,True
main,KMeans-weighted,3.0,82,42,6,-22.83638025920597,-43.27021288415993,104,True
main,KMeans-weighted,3.0,82,42,7,-22.74321355727779,-42.85703674879541,41,True
main,KMeans-weighted,3.0,82,42,8,-22.871338940979843,-43.787009249444985,46,True
main,KMeans-weighted,3.0,82,42,9,-22.427894024726776,-43.20138979903541,3,True
main,KMeans-weighted,3.0,82,42,10,-22.61483382699214,-43.705683375748585,35,True
main,KMeans-weighted,3.0,82,42,11,-22.895636315755883,-43.1209809208815,150,True
main,KMeans-weighted,3.0,82,42,12,-22.749259586625627,-43.4497729936503,214,True
main,KMeans-weighted,3.0,82,42,13,-22.888287887560697,-43.35731216464034,201,True
main,KMeans-weighted,3.0,82,42,14,-22.972116778550085,-43.68678988581287,54,True
main,KMeans-weighted,3.0,82,42,15,-22.940496338301475,-42.891079631075705,30,True
main,KMeans-weighted,3.0,82,42,16,-23.009910486693485,-43.4617841248043,248,True
main,KMeans-weighted,3.0,82,42,17,-22.97912481295549,-43.196730058551225,305,True
main,KMeans-weighted,3.0,82,42,18,-22.66340259846877,-43.26869052505457,85,True
main,KMeans-weighted,3.0,82,42,19,-22.90102160111896,-43.27815581530965,312,True
main,KMeans-weighted,3.0,82,42,20,-22.900588371811864,-43.60490909356994,130,True
main,KMeans-weighted,3.0,82,42,21,-22.71285423290253,-42.65055694428333,34,True
main,KMeans-weighted,3.0,82,42,22,-22.815302024060134,-43.41456466205181,143,True
main,KMeans-weighted,3.0,82,42,23,-22.51538213592116,-43.192842169598194,142,True
main,KMeans-weighted,3.0,82,42,24,-22.80666214247548,-43.19391095504187,147,True
main,KMeans-weighted,3.0,82,42,25,-22.944502525658518,-43.027735425942055,81,True
main,KMeans-weighted,3.0,82,42,26,-22.470849051492323,-42.657121037845286,19,True
main,KMeans-weighted,3.0,82,42,27,-22.71359416030647,-43.56511744018856,51,True
main,KMeans-weighted,3.0,82,42,28,-22.8825049198013,-43.42668775904431,103,True
main,KMeans-weighted,3.0,82,42,29,-23.00465171379941,-43.33934920529597,187,True
main,KMeans-weighted,3.0,82,42,30,-22.740348512916984,-43.70289019290716,20,True
main,KMeans-weighted,3.0,82,42,31,-22.912308534388472,-43.22282685729332,353,True
main,KMeans-weighted,3.0,82,42,32,-22.950081725240675,-43.33303420149642,153,True
main,KMeans-weighted,3.0,82,42,33,-22.83595675619858,-43.315433176798045,258,True
main,KMeans-weighted,3.0,82,42,34,-22.622684483877663,-43.190308676721465,54,True
main,KMeans-weighted,3.0,82,42,35,-22.535821878156177,-42.9913038543848,21,True
main,KMeans-weighted,3.0,82,42,36,-22.789661604530217,-43.36644606905481,127,True
main,KMeans-weighted,3.0,82,42,37,-22.38389305333808,-43.12688129909365,38,True
main,KMeans-weighted,3.0,82,42,38,-22.72528818830688,-43.326487892227874,59,True
main,KMeans-weighted,3.0,82,42,39,-22.87220195839783,-43.47265205142946,147,True
main,KMeans-weighted,3.0,82,42,40,-22.91789897351006,-43.55251058089063,145,True
main,KMeans-weighted,3.0,82,42,41,-22.95900178025352,-43.18498349487475,432,True
main,KMeans-weighted,3.0,82,42,42,-22.910830302577924,-43.68349204537269,84,True
main,KMeans-weighted,3.0,82,42,43,-22.96924614025011,-43.21756762889271,117,True
main,KMeans-weighted,3.0,82,42,44,-22.861824425303546,-43.26534227209133,162,True
main,KMeans-weighted,3.0,82,42,45,-22.900219873700067,-43.05803140399745,66,True
main,KMeans-weighted,3.0,82,42,46,-22.927580498421417,-43.642224730922834,86,True
main,KMeans-weighted,3.0,82,42,47,-22.68056323702831,-43.14118001128905,22,True
main,KMeans-weighted,3.0,82,42,48,-22.92360552052317,-43.38550491702595,200,True
main,KMeans-weighted,3.0,82,42,49,-22.874126204046277,-43.09487519343106,119,True
main,KMeans-weighted,3.0,82,42,50,-22.904950928035326,-43.10280154350763,350,True
main,KMeans-weighted,3.0,82,42,51,-23.00061899109568,-43.40471828456725,116,True
main,KMeans-weighted,3.0,82,42,52,-22.756964177472938,-43.499916323985495,83,True
main,KMeans-weighted,3.0,82,42,53,-22.94856570290517,-42.70343236618995,2,True
main,KMeans-weighted,3.0,82,42,54,-22.920741172948222,-42.83104352386968,60,True
main,KMeans-weighted,3.0,82,42,55,-22.82342664145759,-42.95922129411162,30,True
main,KMeans-weighted,3.0,82,42,56,-22.80734209692587,-43.61860317094784,26,True
main,KMeans-weighted,3.0,82,42,57,-22.88657023727889,-43.31441048819984,140,True
main,KMeans-weighted,3.0,82,42,58,-22.979900329721087,-43.49176475913368,15,True
main,KMeans-weighted,3.0,82,42,59,-22.984620088679723,-43.2351353202244,197,True
main,KMeans-weighted,3.0,82,42,60,-22.966908637988595,-43.61420346123703,61,True
main,KMeans-weighted,3.0,82,42,61,-22.464924502566276,-43.14923553809415,46,True
main,KMeans-weighted,3.0,82,42,62,-22.77898621651419,-43.4194459791622,92,True
main,KMeans-weighted,3.0,82,42,63,-22.26889273967007,-43.07681259121553,5,True
main,KMeans-weighted,3.0,82,42,64,-22.88870556884408,-43.57438315090044,159,True
main,KMeans-weighted,3.0,82,42,65,-22.76529592485504,-42.91783442144892,15,True
main,KMeans-weighted,3.0,82,42,66,-22.703803422832245,-43.45034864625856,63,True
main,KMeans-weighted,3.0,82,42,67,-22.85792742597789,-43.3679945539491,165,True
main,KMeans-weighted,3.0,82,42,68,-22.92480603555472,-43.24349173101008,480,True
main,KMeans-weighted,3.0,82,42,69,-22.9454342634781,-43.06636523435487,56,True
main,KMeans-weighted,3.0,82,42,70,-22.729567827416066,-43.52282020700997,52,True
main,KMeans-weighted,3.0,82,42,71,-22.90714279131073,-43.18313674480567,356,True
main,KMeans-weighted,3.0,82,42,72,-23.0049905225767,-43.54784520457546,17,True
main,KMeans-weighted,3.0,82,42,73,-22.935750554138547,-43.35484614887419,182,True
main,KMeans-weighted,3.0,82,42,74,-22.60275957417364,-43.30035269962987,20,True
main,KMeans-weighted,3.0,82,42,75,-22.6651747066604,-43.62569706928788,34,True
main,KMeans-weighted,3.0,82,42,76,-22.81480060921784,-42.99686543642336,73,True
main,KMeans-weighted,3.0,82,42,77,-22.936062305725088,-42.94775319652205,39,True
main,KMeans-weighted,3.0,82,42,78,-22.831215466300065,-43.0691919740221,110,True
main,KMeans-weighted,3.0,82,42,79,-22.8727980374858,-43.00625156384877,64,True
main,KMeans-weighted,3.0,82,42,80,-23.006655507475894,-43.30792579911071,41,True
main,KMeans-weighted,3.0,82,42,81,-22.76823804717282,-43.3033577855166,98,True
main,Agglomerative-ward,10.0,17,-1,0,-22.689306152461057,-42.76614916373431,95,True
main,Agglomerative-ward,10.0,17,-1,1,-22.772698185112937,-43.36963068174185,449,True
main,Agglomerative-ward,10.0,17,-1,2,-22.477721676146288,-43.17118865194024,234,True
main,Agglomerative-ward,10.0,17,-1,3,-22.863880587643933,-43.29336169047804,1322,True
main,Agglomerative-ward,10.0,17,-1,4,-22.64896333249465,-43.23645253424328,179,True
main,Agglomerative-ward,10.0,17,-1,5,-22.826404505403957,-43.02779956462988,403,True
main,Agglomerative-ward,10.0,17,-1,6,-22.89502126442729,-43.5764048572739,547,True
main,Agglomerative-ward,10.0,17,-1,7,-22.86305603966076,-43.43397963787826,510,True
main,Agglomerative-ward,10.0,17,-1,8,-22.940116324134777,-43.20528108344342,2652,True
main,Agglomerative-ward,10.0,17,-1,9,-22.742110151578466,-43.46848789390288,447,True
main,Agglomerative-ward,10.0,17,-1,10,-22.93056560805961,-42.87933655873877,131,True
main,Agglomerative-ward,10.0,17,-1,11,-22.680732390250657,-43.63515319693928,144,True
main,Agglomerative-ward,10.0,17,-1,12,-22.871338940979847,-43.78700924944499,46,True
main,Agglomerative-ward,10.0,17,-1,13,-22.971312774234278,-43.38034234458184,1326,True
main,Agglomerative-ward,10.0,17,-1,14,-22.6059115719294,-43.03476983869264,69,True
main,Agglomerative-ward,10.0,17,-1,15,-22.90470479813184,-43.08831804644106,822,True
main,Agglomerative-ward,10.0,17,-1,16,-22.9468758152741,-43.65190639468274,315,True
main,Agglomerative-ward,5.0,42,-1,0,-22.8246001058996,-43.04842723667308,200,True
main,Agglomerative-ward,5.0,42,-1,1,-22.656246347439087,-43.27948977364278,108,True
main,Agglomerative-ward,5.0,42,-1,2,-22.741544326206466,-43.45334804919513,306,True
main,Agglomerative-ward,5.0,42,-1,3,-22.754378060239823,-43.31230354297482,149,True
main,Agglomerative-ward,5.0,42,-1,4,-22.972367838634863,-43.629695425569054,90,True
main,Agglomerative-ward,5.0,42,-1,5,-22.853618101891577,-43.405331585656384,160,True
main,Agglomerative-ward,5.0,42,-1,6,-22.92677563462229,-43.038766083138974,199,True
main,Agglomerative-ward,5.0,42,-1,7,-22.70333513774894,-43.57707026861558,71,True
main,Agglomerative-ward,5.0,42,-1,8,-22.749128477164557,-42.873321839684735,56,True
main,Agglomerative-ward,5.0,42,-1,9,-22.657802066701684,-43.694077906832895,69,True
main,Agglomerative-ward,5.0,42,-1,10,-22.921638738430705,-42.82692703491227,62,True
main,Agglomerative-ward,5.0,42,-1,11,-22.71285423290253,-42.65055694428333,34,True
main,Agglomerative-ward,5.0,42,-1,12,-22.805994334793315,-43.61874097595481,26,True
main,Agglomerative-ward,5.0,42,-1,13,-22.82967760217929,-42.99038192697012,168,True
main,Agglomerative-ward,5.0,42,-1,14,-22.9004403868538,-43.596654630324615,278,True
main,Agglomerative-ward,5.0,42,-1,15,-22.38851673346527,-43.12987913902451,61,True
main,Agglomerative-ward,5.0,42,-1,16,-22.633836042236588,-43.05549590107879,42,True
main,Agglomerative-ward,5.0,42,-1,17,-22.896728551848923,-43.545728660250944,293,True
main,Agglomerative-ward,5.0,42,-1,18,-22.62503030841422,-43.19673262224403,55,True
main,Agglomerative-ward,5.0,42,-1,19,-22.884617734747955,-43.27565566668259,512,True
main,Agglomerative-ward,5.0,42,-1,20,-22.87459118477344,-43.3494689916991,375,True
main,Agglomerative-ward,5.0,42,-1,21,-22.509175442062716,-43.185754433951,173,True
main,Agglomerative-ward,5.0,42,-1,22,-22.80666214247548,-43.19391095504187,147,True
main,Agglomerative-ward,5.0,42,-1,23,-22.968435773367133,-43.19907425863218,1022,True
main,Agglomerative-ward,5.0,42,-1,24,-22.93836090266513,-42.92510262179854,69,True
main,Agglomerative-ward,5.0,42,-1,25,-22.873849703297324,-43.46674287992208,186,True
main,Agglomerative-ward,5.0,42,-1,26,-22.871338940979847,-43.78700924944499,46,True
main,Agglomerative-ward,5.0,42,-1,27,-22.94865946837903,-43.37499356617767,647,True
main,Agglomerative-ward,5.0,42,-1,28,-22.743986613271343,-43.51869656257655,105,True
main,Agglomerative-ward,5.0,42,-1,29,-22.996363513578345,-43.32488309135368,311,True
main,Agglomerative-ward,5.0,42,-1,30,-22.897646262280745,-43.10416539819913,644,True
main,Agglomerative-ward,5.0,42,-1,31,-22.741828005739876,-43.3968370597232,82,True
main,Agglomerative-ward,5.0,42,-1,32,-23.008198880782512,-43.46349404691435,396,True
main,Agglomerative-ward,5.0,42,-1,33,-22.530351240509944,-42.97868755223598,21,True
main,Agglomerative-ward,5.0,42,-1,34,-22.789016267278942,-43.36674437866093,131,True
main,Agglomerative-ward,5.0,42,-1,35,-22.92045815040018,-43.18197852714415,782,True
main,Agglomerative-ward,5.0,42,-1,36,-22.79405719314649,-43.42164319781799,184,True
main,Agglomerative-ward,5.0,42,-1,37,-22.470849051492323,-42.657121037845286,19,True
main,Agglomerative-ward,5.0,42,-1,38,-22.68056323702831,-43.14118001128906,22,True
main,Agglomerative-ward,5.0,42,-1,39,-22.918012945849117,-43.67705435144783,163,True
main,Agglomerative-ward,5.0,42,-1,40,-22.91953885095615,-43.23420186203332,868,True
main,Agglomerative-ward,5.0,42,-1,41,-22.834655528674787,-43.306620505910615,359,True
main,Agglomerative-ward,3.0,80,-1,0,-22.92045815040018,-43.18197852714415,667,True
main,Agglomerative-ward,3.0,80,-1,1,-22.66883147056038,-43.274580849881126,78,True
main,Agglomerative-ward,3.0,80,-1,2,-22.71616256843174,-42.647824133979,33,True
main,Agglomerative-ward,3.0,80,-1,3,-22.892032654019413,-43.02816495670538,70,True
main,Agglomerative-ward,3.0,80,-1,4,-22.71006632111933,-43.4530214751049,87,True
main,Agglomerative-ward,3.0,80,-1,5,-22.83221039676696,-43.068406984842085,118,True
main,Agglomerative-ward,3.0,80,-1,6,-22.92074117294822,-42.83104352386967,60,True
main,Agglomerative-ward,3.0,80,-1,7,-22.73515605918935,-43.3240369594712,63,True
main,Agglomerative-ward,3.0,80,-1,8,-22.743473176944697,-42.85779386263948,42,True
main,Agglomerative-ward,3.0,80,-1,9,-22.930788192088663,-42.90510340366134,47,True
main,Agglomerative-ward,3.0,80,-1,10,-22.966904402216176,-43.58428479187376,65,True
main,Agglomerative-ward,3.0,80,-1,11,-22.81487899109971,-42.968378331558576,51,True
main,Agglomerative-ward,3.0,80,-1,12,-22.997452121501432,-43.28529845954269,72,True
main,Agglomerative-ward,3.0,80,-1,13,-22.624109639675027,-43.69048105537401,49,True
main,Agglomerative-ward,3.0,80,-1,14,-22.86857060471797,-43.47794403375201,94,True
main,Agglomerative-ward,3.0,80,-1,15,-22.741828005739876,-43.3968370597232,74,True
main,Agglomerative-ward,3.0,80,-1,16,-22.88710000503136,-43.11009171026591,261,True
main,Agglomerative-ward,3.0,80,-1,17,-22.72956782741606,-43.52282020700997,43,True
main,Agglomerative-ward,3.0,80,-1,18,-22.68056323702831,-43.14118001128906,22,True
main,Agglomerative-ward,3.0,80,-1,19,-22.91953885095615,-43.23420186203332,819,True
main,Agglomerative-ward,3.0,80,-1,20,-22.815410320701268,-43.02430074831802,105,True
main,Agglomerative-ward,3.0,80,-1,21,-22.777031113268077,-43.3595736087242,64,True
main,Agglomerative-ward,3.0,80,-1,22,-22.771653529538348,-43.30175832055401,94,True
main,Agglomerative-ward,3.0,80,-1,23,-22.88034393975771,-43.35087161145993,257,True
main,Agglomerative-ward,3.0,80,-1,24,-22.42005740210417,-43.141178883214565,36,True
main,Agglomerative-ward,3.0,80,-1,25,-22.88862733291884,-43.3003399391034,136,True
main,Agglomerative-ward,3.0,80,-1,26,-22.618128525599097,-43.18018124054623,37,True
main,Agglomerative-ward,3.0,80,-1,27,-22.838741751465548,-43.00385912915968,89,True
main,Agglomerative-ward,3.0,80,-1,28,-22.89532724503216,-43.58279570478115,225,True
main,Agglomerative-ward,3.0,80,-1,29,-22.9246473845049,-43.37729918704423,270,True
main,Agglomerative-ward,3.0,80,-1,30,-22.752923689108343,-43.44493449609898,173,True
main,Agglomerative-ward,3.0,80,-1,31,-22.97950383672817,-43.2146030583238,485,True
main,Agglomerative-ward,3.0,80,-1,32,-22.979971085586023,-43.39527181402028,267,True
main,Agglomerative-ward,3.0,80,-1,33,-22.800132931868745,-43.37339552758777,71,True
main,Agglomerative-ward,3.0,80,-1,34,-22.88426814315881,-43.6238943868498,26,True
main,Agglomerative-ward,3.0,80,-1,35,-22.515764701238236,-43.19354963770379,126,True
main,Agglomerative-ward,3.0,80,-1,36,-22.79405719314649,-43.42164319781799,138,True
main,Agglomerative-ward,3.0,80,-1,37,-22.92053035507705,-43.62681646350313,79,True
main,Agglomerative-ward,3.0,80,-1,38,-22.87676414726492,-43.5430653180742,134,True
main,Agglomerative-ward,3.0,80,-1,39,-22.918012945849117,-43.67705435144783,121,True
main,Agglomerative-ward,3.0,80,-1,40,-22.64654045037916,-43.05543328766753,38,True
main,Agglomerative-ward,3.0,80,-1,41,-22.834655528674787,-43.306620505910615,251,True
main,Agglomerative-ward,3.0,80,-1,42,-22.866455816256806,-43.77365620653202,35,True
main,Agglomerative-ward,3.0,80,-1,43,-22.71404091885161,-43.56451440044021,50,True
main,Agglomerative-ward,3.0,80,-1,44,-22.602759574173632,-43.30035269962987,20,True
main,Agglomerative-ward,3.0,80,-1,45,-22.80666214247548,-43.19391095504187,147,True
main,Agglomerative-ward,3.0,80,-1,46,-22.982014002085783,-43.6402552879272,30,True
main,Agglomerative-ward,3.0,80,-1,47,-22.740348512916984,-43.70289019290716,20,True
main,Agglomerative-ward,3.0,80,-1,48,-22.88339530204089,-43.41548453480053,79,True
main,Agglomerative-ward,3.0,80,-1,49,-22.6783549818427,-43.6063672943581,21,True
main,Agglomerative-ward,3.0,80,-1,50,-22.26889273967007,-43.07681259121553,5,True
main,Agglomerative-ward,3.0,80,-1,51,-22.94479051345342,-43.044262963511954,135,True
main,Agglomerative-ward,3.0,80,-1,52,-22.85550534528319,-43.261326078749306,222,True
main,Agglomerative-ward,3.0,80,-1,53,-22.76609437782412,-42.91990577082054,14,True
main,Agglomerative-ward,3.0,80,-1,54,-22.94856570290517,-42.70343236618995,2,True
main,Agglomerative-ward,3.0,80,-1,55,-22.60367916043864,-42.74073968432629,1,True
main,Agglomerative-ward,3.0,80,-1,56,-22.82288096978629,-43.40815484251922,74,True
main,Agglomerative-ward,3.0,80,-1,57,-22.811564417819163,-43.58684198964498,13,True
main,Agglomerative-ward,3.0,80,-1,58,-22.573490103559397,-43.055793314782285,8,True
main,Agglomerative-ward,3.0,80,-1,59,-22.639178963185213,-43.23066295472449,24,True
main,Agglomerative-ward,3.0,80,-1,60,-22.95981319045412,-43.18697653579552,652,True
main,Agglomerative-ward,3.0,80,-1,61,-22.74990747979665,-43.47888978261968,61,True
main,Agglomerative-ward,3.0,80,-1,62,-22.953190794210705,-42.96426775731719,24,True
main,Agglomerative-ward,3.0,80,-1,63,-22.91591914230176,-43.548288772110745,119,True
main,Agglomerative-ward,3.0,80,-1,64,-22.90100995289751,-43.275712969030565,305,True
main,Agglomerative-ward,3.0,80,-1,65,-23.008198880782512,-43.46349404691435,263,True
main,Agglomerative-ward,3.0,80,-1,66,-22.80085271969253,-43.64818619408696,13,True
main,Agglomerative-ward,3.0,80,-1,67,-22.530351240509944,-42.97868755223598,17,True
main,Agglomerative-ward,3.0,80,-1,68,-22.88687615600769,-43.82949620416807,11,True
main,Agglomerative-ward,3.0,80,-1,69,-22.97393304015122,-43.69243102841308,42,True
main,Agglomerative-ward,3.0,80,-1,70,-22.84573752305548,-43.34243397696118,64,True
main,Agglomerative-ward,3.0,80,-1,71,-22.9960347095526,-43.33683926585986,193,True
main,Agglomerative-ward,3.0,80,-1,72,-22.940567353195902,-43.34260741581174,298,True
main,Agglomerative-ward,3.0,80,-1,73,-22.361649528364037,-43.122806236434656,20,True
main,Agglomerative-ward,3.0,80,-1,74,-22.760968738834247,-43.51383982579942,54,True
main,Agglomerative-ward,3.0,80,-1,75,-22.470849051492323,-42.657121037845286,19,True
main,Agglomerative-ward,3.0,80,-1,76,-22.4831949344564,-43.15501905915427,47,True
main,Agglomerative-ward,3.0,80,-1,77,-22.85330316397249,-43.38578061442632,85,True
main,Agglomerative-ward,3.0,80,-1,78,-22.880367108950853,-43.45291429494685,87,True
main,Agglomerative-ward,3.0,80,-1,79,-22.904889875812568,-43.10009495754274,380,True
main,Agglomerative-complete,10.0,19,-1,0,-22.66449249923537,-43.25407294441154,214,True
main,Agglomerative-complete,10.0,19,-1,1,-22.739215316531688,-43.46556028591777,590,True
main,Agglomerative-complete,10.0,19,-1,2,-22.84357885322669,-43.28798245113352,1263,True
main,Agglomerative-complete,10.0,19,-1,3,-22.90856126058016,-43.59989298756491,825,True
main,Agglomerative-complete,10.0,19,-1,4,-22.881195280960423,-43.0701474849047,1180,True
main,Agglomerative-complete,10.0,19,-1,5,-22.942762636933708,-43.360828437680375,1092,True
main,Agglomerative-complete,10.0,19,-1,6,-22.71299486351841,-42.65921410522983,34,True
main,Agglomerative-complete,10.0,19,-1,7,-22.93029079745128,-42.88202211893035,135,True
main,Agglomerative-complete,10.0,19,-1,8,-22.38851673346527,-43.12987913902451,61,True
main,Agglomerative-complete,10.0,19,-1,9,-22.6059115719294,-43.03476983869264,75,True
main,Agglomerative-complete,10.0,19,-1,10,-22.871338940979847,-43.78700924944499,67,True
main,Agglomerative-complete,10.0,19,-1,11,-22.94856570290517,-42.70343236618995,2,True
main,Agglomerative-complete,10.0,19,-1,12,-22.66259774690125,-43.67361209725544,100,True
main,Agglomerative-complete,10.0,19,-1,13,-23.00800408760573,-43.46861536720091,396,True
main,Agglomerative-complete,10.0,19,-1,14,-22.470849051492323,-42.657121037845286,19,True
main,Agglomerative-complete,10.0,19,-1,15,-22.750378213948856,-42.87580095073528,81,True
main,Agglomerative-complete,10.0,19,-1,16,-22.84381046742785,-43.42958266809063,644,True
main,Agglomerative-complete,10.0,19,-1,17,-22.509175442062716,-43.185754433951,178,True
main,Agglomerative-complete,10.0,19,-1,18,-22.93997708613501,-43.20704874295549,2735,True
main,Agglomerative-complete,5.0,46,-1,0,-22.87675009676172,-43.45116822890439,244,True
main,Agglomerative-complete,5.0,46,-1,1,-22.84663650452155,-43.62141678545798,35,True
main,Agglomerative-complete,5.0,46,-1,2,-22.92677563462229,-43.038766083138974,199,True
main,Agglomerative-complete,5.0,46,-1,3,-22.976212889918692,-43.35851668657571,683,True
main,Agglomerative-complete,5.0,46,-1,4,-22.73325989636692,-43.45795304888528,247,True
main,Agglomerative-complete,5.0,46,-1,5,-22.633836042236588,-43.05549590107879,42,True
main,Agglomerative-complete,5.0,46,-1,6,-22.877115461373247,-43.27863264040811,666,True
main,Agglomerative-complete,5.0,46,-1,7,-22.813332518578022,-43.40961026306729,257,True
main,Agglomerative-complete,5.0,46,-1,8,-22.827497006625745,-43.00141111410444,208,True
main,Agglomerative-complete,5.0,46,-1,9,-22.736923911666874,-43.52883313495741,148,True
main,Agglomerative-complete,5.0,46,-1,10,-22.961647402469957,-43.196436795203816,1428,True
main,Agglomerative-complete,5.0,46,-1,11,-22.62503030841422,-43.19673262224403,55,True
main,Agglomerative-complete,5.0,46,-1,12,-22.89483986291695,-43.55875430117722,420,True
main,Agglomerative-complete,5.0,46,-1,13,-23.00800408760573,-43.46861536720091,280,True
main,Agglomerative-complete,5.0,46,-1,14,-22.901783388099997,-43.36366051861567,693,True
main,Agglomerative-complete,5.0,46,-1,15,-22.750378213948856,-42.87580095073528,54,True
main,Agglomerative-complete,5.0,46,-1,16,-22.924184089925557,-43.609217414786855,200,True
main,Agglomerative-complete,5.0,46,-1,17,-22.823586966739786,-43.0583787210432,165,True
main,Agglomerative-complete,5.0,46,-1,18,-22.89711035200873,-43.10396513099656,637,True
main,Agglomerative-complete,5.0,46,-1,19,-22.74793527310389,-43.41668253331368,193,True
main,Agglomerative-complete,5.0,46,-1,20,-22.9650931119467,-43.66857844400827,104,True
main,Agglomerative-complete,5.0,46,-1,21,-22.871338940979847,-43.78700924944499,46,True
main,Agglomerative-complete,5.0,46,-1,22,-22.82067650397198,-43.334173264508166,374,True
main,Agglomerative-complete,5.0,46,-1,23,-22.94856570290517,-42.70343236618995,2,True
main,Agglomerative-complete,5.0,46,-1,24,-22.26889273967007,-43.07681259121553,5,True
main,Agglomerative-complete,5.0,46,-1,25,-22.730260428068107,-42.747482167139246,8,True
main,Agglomerative-complete,5.0,46,-1,26,-22.936509473564342,-42.94511519888635,51,True
main,Agglomerative-complete,5.0,46,-1,27,-22.602759574173632,-43.30035269962987,20,True
main,Agglomerative-complete,5.0,46,-1,28,-22.80666214247548,-43.19391095504187,147,True
main,Agglomerative-complete,5.0,46,-1,29,-22.470849051492323,-42.657121037845286,19,True
main,Agglomerative-complete,5.0,46,-1,30,-22.530351240509944,-42.97868755223598,21,True
main,Agglomerative-complete,5.0,46,-1,31,-22.711927870432564,-42.63004113951235,27,True
main,Agglomerative-complete,5.0,46,-1,32,-22.42005740210417,-43.141178883214565,36,True
main,Agglomerative-complete,5.0,46,-1,33,-22.68056323702831,-43.14118001128906,22,True
main,Agglomerative-complete,5.0,46,-1,34,-22.740348512916984,-43.70289019290716,22,True
main,Agglomerative-complete,5.0,46,-1,35,-22.509175442062716,-43.185754433951,173,True
main,Agglomerative-complete,5.0,46,-1,36,-22.60367916043864,-42.74073968432629,1,True
main,Agglomerative-complete,5.0,46,-1,37,-22.624109639675027,-43.69048105537401,49,True
main,Agglomerative-complete,5.0,46,-1,38,-22.6783549818427,-43.6063672943581,28,True
main,Agglomerative-complete,5.0,46,-1,39,-22.9268113001023,-42.84672003847878,80,True
main,Agglomerative-complete,5.0,46,-1,40,-22.91534783947176,-43.21910967804814,1238,True
main,Agglomerative-complete,5.0,46,-1,41,-22.665512837454028,-43.271350468799,84,True
main,Agglomerative-complete,5.0,46,-1,42,-22.72393194121764,-43.32306256846176,62,True
main,Agglomerative-complete,5.0,46,-1,43,-22.91096056802483,-43.681811013252734,89,True
main,Agglomerative-complete,5.0,46,-1,44,-22.7650753719,-43.30024061958166,109,True
main,Agglomerative-complete,5.0,46,-1,45,-22.361649528364037,-43.122806236434656,20,True
main,Agglomerative-complete,3.0,88,-1,0,-22.892032654019413,-43.02816495670538,70,True
main,Agglomerative-complete,3.0,88,-1,1,-22.624109639675027,-43.69048105537401,49,True
main,Agglomerative-complete,3.0,88,-1,2,-22.81721320429249,-42.96314635347933,39,True
main,Agglomerative-complete,3.0,88,-1,3,-22.63931281233627,-43.221062133767575,24,True
main,Agglomerative-complete,3.0,88,-1,4,-22.83345515801456,-43.39625032202515,107,True
main,Agglomerative-complete,3.0,88,-1,5,-22.978378666776944,-43.22962650348128,322,True
main,Agglomerative-complete,3.0,88,-1,6,-22.751941704500872,-43.427837174735885,130,True
main,Agglomerative-complete,3.0,88,-1,7,-22.68056323702831,-43.14118001128906,22,True
main,Agglomerative-complete,3.0,88,-1,8,-22.902270943721057,-43.1060060792424,530,True
main,Agglomerative-complete,3.0,88,-1,9,-22.738390089617603,-43.45832421901027,147,True
main,Agglomerative-complete,3.0,88,-1,10,-22.744877556592517,-42.86036426370544,40,True
main,Agglomerative-complete,3.0,88,-1,11,-22.979971085586023,-43.39527181402028,267,True
main,Agglomerative-complete,3.0,88,-1,12,-22.95823329162005,-43.68006080458167,74,True
main,Agglomerative-complete,3.0,88,-1,13,-22.837279276085603,-43.3213885536169,285,True
main,Agglomerative-complete,3.0,88,-1,14,-22.8393839229846,-43.01777488431293,83,True
main,Agglomerative-complete,3.0,88,-1,15,-23.005012045118427,-43.33369850506091,228,True
main,Agglomerative-complete,3.0,88,-1,16,-22.61291182023793,-43.17608940034525,37,True
main,Agglomerative-complete,3.0,88,-1,17,-22.953190794210705,-42.96426775731719,24,True
main,Agglomerative-complete,3.0,88,-1,18,-22.88034393975771,-43.35087161145993,313,True
main,Agglomerative-complete,3.0,88,-1,19,-22.94595091149121,-43.33984049390116,252,True
main,Agglomerative-complete,3.0,88,-1,20,-22.518253030691497,-43.1944817317692,126,True
main,Agglomerative-complete,3.0,88,-1,21,-22.7650753719,-43.30024061958166,81,True
main,Agglomerative-complete,3.0,88,-1,22,-22.361649528364037,-43.122806236434656,20,True
main,Agglomerative-complete,3.0,88,-1,23,-22.68631862812319,-43.45455684224154,54,True
main,Agglomerative-complete,3.0,88,-1,24,-22.94479051345342,-43.044262963511954,135,True
main,Agglomerative-complete,3.0,88,-1,25,-22.72795952852349,-43.32608679466441,49,True
main,Agglomerative-complete,3.0,88,-1,26,-23.008198880782512,-43.46349404691435,263,True
main,Agglomerative-complete,3.0,88,-1,27,-22.602759574173632,-43.30035269962987,20,True
main,Agglomerative-complete,3.0,88,-1,28,-22.80666214247548,-43.19391095504187,147,True
main,Agglomerative-complete,3.0,88,-1,29,-22.9246473845049,-43.37729918704423,316,True
main,Agglomerative-complete,3.0,88,-1,30,-22.76609437782412,-42.91990577082054,14,True
main,Agglomerative-complete,3.0,88,-1,31,-22.764907051877373,-43.533364584974585,26,True
main,Agglomerative-complete,3.0,88,-1,32,-22.87676414726492,-43.5430653180742,134,True
main,Agglomerative-complete,3.0,88,-1,33,-22.982014002085783,-43.6402552879272,30,True
main,Agglomerative-complete,3.0,88,-1,34,-22.92078960771031,-43.23661651112509,849,True
main,Agglomerative-complete,3.0,88,-1,35,-22.78148850228527,-43.33704142920302,45,True
main,Agglomerative-complete,3.0,88,-1,36,-22.81763264289156,-43.00145781809587,60,True
main,Agglomerative-complete,3.0,88,-1,37,-22.917310266824234,-42.83285203844623,54,True
main,Agglomerative-complete,3.0,88,-1,38,-22.6783549818427,-43.6063672943581,21,True
main,Agglomerative-complete,3.0,88,-1,39,-22.91910287810728,-42.925129920523744,23,True
main,Agglomerative-complete,3.0,88,-1,40,-22.90376718013884,-43.29133802169733,239,True
main,Agglomerative-complete,3.0,88,-1,41,-22.665512837454028,-43.271350468799,76,True
main,Agglomerative-complete,3.0,88,-1,42,-22.90666108238604,-43.19116331950934,412,True
main,Agglomerative-complete,3.0,88,-1,43,-22.91096056802483,-43.681811013252734,89,True
main,Agglomerative-complete,3.0,88,-1,44,-22.8919785557326,-43.5784877571913,191,True
main,Agglomerative-complete,3.0,88,-1,45,-22.41934498186576,-43.13570516359448,33,True
main,Agglomerative-complete,3.0,88,-1,46,-22.870854100495723,-43.47679058651652,110,True
main,Agglomerative-complete,3.0,88,-1,47,-22.94856570290517,-42.70343236618995,2,True
main,Agglomerative-complete,3.0,88,-1,48,-22.88426814315881,-43.6238943868498,26,True
main,Agglomerative-complete,3.0,88,-1,49,-22.26889273967007,-43.07681259121553,5,True
main,Agglomerative-complete,3.0,88,-1,50,-22.830389841084337,-43.06965569393069,110,True
main,Agglomerative-complete,3.0,88,-1,51,-22.811564417819163,-43.58684198964498,13,True
main,Agglomerative-complete,3.0,88,-1,52,-22.88687615600769,-43.82949620416807,11,True
main,Agglomerative-complete,3.0,88,-1,53,-22.573490103559397,-43.055793314782285,8,True
main,Agglomerative-complete,3.0,88,-1,54,-22.79306614600266,-43.42306563225972,156,True
main,Agglomerative-complete,3.0,88,-1,55,-22.65032705215399,-43.06256383124455,33,True
main,Agglomerative-complete,3.0,88,-1,56,-22.913942404204228,-43.61343123169019,113,True
main,Agglomerative-complete,3.0,88,-1,57,-22.84173346070939,-43.27068489760095,189,True
main,Agglomerative-complete,3.0,88,-1,58,-22.73415705781188,-43.37832144939832,46,True
main,Agglomerative-complete,3.0,88,-1,59,-23.0049905225767,-43.54784520457546,17,True
main,Agglomerative-complete,3.0,88,-1,60,-22.470849051492323,-42.657121037845286,19,True
main,Agglomerative-complete,3.0,88,-1,61,-22.530351240509944,-42.97868755223598,17,True
main,Agglomerative-complete,3.0,88,-1,62,-22.808280499464548,-43.03300553204633,63,True
main,Agglomerative-complete,3.0,88,-1,63,-22.711927870432564,-42.63004113951235,27,True
main,Agglomerative-complete,3.0,88,-1,64,-22.9419866179875,-42.88591132500155,24,True
main,Agglomerative-complete,3.0,88,-1,65,-22.866455816256806,-43.77365620653202,35,True
main,Agglomerative-complete,3.0,88,-1,66,-22.71404091885161,-43.56451440044021,49,True
main,Agglomerative-complete,3.0,88,-1,67,-22.484839778930247,-43.16235784831072,47,True
main,Agglomerative-complete,3.0,88,-1,68,-22.73521870942802,-42.727847609078914,6,True
main,Agglomerative-complete,3.0,88,-1,69,-22.740348512916984,-43.70289019290716,20,True
main,Agglomerative-complete,3.0,88,-1,70,-22.88098124189964,-43.27281284444542,196,True
main,Agglomerative-complete,3.0,88,-1,71,-22.80085271969253,-43.64818619408696,13,True
main,Agglomerative-complete,3.0,88,-1,72,-22.970429462021304,-43.19005726572751,558,True
main,Agglomerative-complete,3.0,88,-1,73,-22.60367916043864,-42.74073968432629,1,True
main,Agglomerative-complete,3.0,88,-1,74,-22.71538558398837,-42.80638584132024,2,True
main,Agglomerative-complete,3.0,88,-1,75,-22.91591914230176,-43.548288772110745,119,True
main,Agglomerative-complete,3.0,88,-1,76,-22.874126204046277,-43.09487519343106,119,True
main,Agglomerative-complete,3.0,88,-1,77,-22.700773314209,-43.30567326779654,9,True
main,Agglomerative-complete,3.0,88,-1,78,-22.71883779848885,-43.51733994214844,36,True
main,Agglomerative-complete,3.0,88,-1,79,-22.953415567921823,-43.59719047904192,48,True
main,Agglomerative-complete,3.0,88,-1,80,-22.753282200826437,-43.49980271964023,69,True
main,Agglomerative-complete,3.0,88,-1,81,-22.88339530204089,-43.41548453480053,79,True
main,Agglomerative-complete,3.0,88,-1,82,-22.951619328064115,-42.81476689268069,6,True
main,Agglomerative-complete,3.0,88,-1,83,-22.427894024726776,-43.20138979903541,3,True
main,Agglomerative-complete,3.0,88,-1,84,-22.621548878665244,-43.0083717000592,5,True
main,Agglomerative-complete,3.0,88,-1,85,-22.789874649386796,-43.37434233833569,101,True
main,Agglomerative-complete,3.0,88,-1,86,-22.87919570214327,-43.4488115881535,71,True
main,Agglomerative-complete,3.0,88,-1,87,-22.94025920470928,-43.18300414646001,560,True
main,Agglomerative-average,10.0,24,-1,0,-22.76278392800632,-43.41544306700482,851,True
main,Agglomerative-average,10.0,24,-1,1,-22.778214451704613,-43.6552497022345,53,True
main,Agglomerative-average,10.0,24,-1,2,-22.881195280960423,-43.0701474849047,1182,True
main,Agglomerative-average,10.0,24,-1,3,-22.64895366408097,-43.083217230852696,66,True
main,Agglomerative-average,10.0,24,-1,4,-22.911755069142067,-43.59930261770089,775,True
main,Agglomerative-average,10.0,24,-1,5,-22.399197447196983,-43.13461722365032,56,True
main,Agglomerative-average,10.0,24,-1,6,-22.93029079745128,-42.88202211893035,135,True
main,Agglomerative-average,10.0,24,-1,7,-22.96249364148683,-43.36046152847871,1022,True
main,Agglomerative-average,10.0,24,-1,8,-22.71616256843174,-42.647824133979,33,True
main,Agglomerative-average,10.0,24,-1,9,-22.871338940979847,-43.78700924944499,67,True
main,Agglomerative-average,10.0,24,-1,10,-22.670712873836152,-43.62376882786904,131,True
main,Agglomerative-average,10.0,24,-1,11,-22.869277378709704,-43.308575915386406,1286,True
main,Agglomerative-average,10.0,24,-1,12,-22.749128477164557,-42.873321839684735,79,True
main,Agglomerative-average,10.0,24,-1,13,-22.644775393339582,-43.24907901318903,166,True
main,Agglomerative-average,10.0,24,-1,14,-22.94856570290517,-42.70343236618995,2,True
main,Agglomerative-average,10.0,24,-1,15,-22.470849051492323,-42.657121037845286,19,True
main,Agglomerative-average,10.0,24,-1,16,-22.530351240509944,-42.97868755223598,21,True
main,Agglomerative-average,10.0,24,-1,17,-23.00800408760573,-43.46861536720091,280,True
main,Agglomerative-average,10.0,24,-1,18,-22.60367916043864,-42.74073968432629,1,True
main,Agglomerative-average,10.0,24,-1,19,-22.87675009676172,-43.45116822890439,390,True
main,Agglomerative-average,10.0,24,-1,20,-22.80666214247548,-43.19391095504187,194,True
main,Agglomerative-average,10.0,24,-1,21,-22.509175442062716,-43.185754433951,177,True
main,Agglomerative-average,10.0,24,-1,22,-22.940116324134777,-43.20528108344342,2700,True
main,Agglomerative-average,10.0,24,-1,23,-22.26889273967007,-43.07681259121553,5,True
main,Agglomerative-average,5.0,53,-1,0,-22.807342096925872,-43.61860317094785,26,True
main,Agglomerative-average,5.0,53,-1,1,-22.79834483159423,-43.3988738321674,315,True
main,Agglomerative-average,5.0,53,-1,2,-22.624109639675027,-43.69048105537401,49,True
main,Agglomerative-average,5.0,53,-1,3,-22.85659128046009,-43.335800153755926,675,True
main,Agglomerative-average,5.0,53,-1,4,-22.915202071742826,-43.65341622805799,221,True
main,Agglomerative-average,5.0,53,-1,5,-22.743473176944697,-42.85779386263948,42,True
main,Agglomerative-average,5.0,53,-1,6,-22.68056323702831,-43.14118001128906,22,True
main,Agglomerative-average,5.0,53,-1,7,-22.70333513774894,-43.57707026861558,71,True
main,Agglomerative-average,5.0,53,-1,8,-22.94976088451141,-43.37206408540973,665,True
main,Agglomerative-average,5.0,53,-1,9,-22.73676584478331,-43.36888896212,107,True
main,Agglomerative-average,5.0,53,-1,10,-22.746590003459527,-43.51376087626208,115,True
main,Agglomerative-average,5.0,53,-1,11,-22.8264951709668,-42.9987564410637,176,True
main,Agglomerative-average,5.0,53,-1,12,-22.964414965677197,-43.61375386707471,71,True
main,Agglomerative-average,5.0,53,-1,13,-22.930788192088663,-42.90510340366134,47,True
main,Agglomerative-average,5.0,53,-1,14,-22.92074117294822,-42.83104352386967,60,True
main,Agglomerative-average,5.0,53,-1,15,-23.008198880782512,-43.46349404691435,379,True
main,Agglomerative-average,5.0,53,-1,16,-22.602759574173632,-43.30035269962987,20,True
main,Agglomerative-average,5.0,53,-1,17,-22.62503030841422,-43.19673262224403,55,True
main,Agglomerative-average,5.0,53,-1,18,-22.897100441053222,-43.10109182341902,645,True
main,Agglomerative-average,5.0,53,-1,19,-22.87675009676172,-43.45116822890439,261,True
main,Agglomerative-average,5.0,53,-1,20,-22.871338940979847,-43.78700924944499,46,True
main,Agglomerative-average,5.0,53,-1,21,-22.509175442062716,-43.185754433951,173,True
main,Agglomerative-average,5.0,53,-1,22,-22.64654045037916,-43.05543328766753,38,True
main,Agglomerative-average,5.0,53,-1,23,-22.824953870583247,-43.05832829325709,175,True
main,Agglomerative-average,5.0,53,-1,24,-22.740669459267647,-43.45147781364589,301,True
main,Agglomerative-average,5.0,53,-1,25,-22.740348512916984,-43.70289019290716,20,True
main,Agglomerative-average,5.0,53,-1,26,-22.92035127955437,-43.20939043843522,1447,True
main,Agglomerative-average,5.0,53,-1,27,-22.896068940899603,-43.56317653686035,478,True
main,Agglomerative-average,5.0,53,-1,28,-22.98783569679717,-43.26353813123164,134,True
main,Agglomerative-average,5.0,53,-1,29,-22.94856570290517,-42.70343236618995,2,True
main,Agglomerative-average,5.0,53,-1,30,-22.6632991804878,-43.42190649887993,16,True
main,Agglomerative-average,5.0,53,-1,31,-22.73521870942802,-42.727847609078914,6,True
main,Agglomerative-average,5.0,53,-1,32,-22.470849051492323,-42.657121037845286,19,True
main,Agglomerative-average,5.0,53,-1,33,-22.530351240509944,-42.97868755223598,17,True
main,Agglomerative-average,5.0,53,-1,34,-22.76823804717281,-43.30335778551661,138,True
main,Agglomerative-average,5.0,53,-1,35,-22.711927870432564,-42.63004113951235,27,True
main,Agglomerative-average,5.0,53,-1,36,-22.427894024726776,-43.20138979903541,3,True
main,Agglomerative-average,5.0,53,-1,37,-22.60367916043864,-42.74073968432629,1,True
main,Agglomerative-average,5.0,53,-1,38,-22.66883147056038,-43.274580849881126,91,True
main,Agglomerative-average,5.0,53,-1,39,-22.884617734747955,-43.27565566668259,695,True
main,Agglomerative-average,5.0,53,-1,40,-23.0049905225767,-43.54784520457546,17,True
main,Agglomerative-average,5.0,53,-1,41,-22.80666214247548,-43.19391095504187,147,True
main,Agglomerative-average,5.0,53,-1,42,-22.573490103559397,-43.055793314782285,8,True
main,Agglomerative-average,5.0,53,-1,43,-22.41130423421556,-43.13126527284445,39,True
main,Agglomerative-average,5.0,53,-1,44,-22.886855944516643,-43.00579464541522,56,True
main,Agglomerative-average,5.0,53,-1,45,-22.97393304015122,-43.69243102841308,54,True
main,Agglomerative-average,5.0,53,-1,46,-22.76609437782412,-42.91990577082054,15,True
main,Agglomerative-average,5.0,53,-1,47,-22.26889273967007,-43.07681259121553,5,True
main,Agglomerative-average,5.0,53,-1,48,-23.005012045118427,-43.33369850506091,280,True
main,Agglomerative-average,5.0,53,-1,49,-22.94479051345342,-43.044262963511954,156,True
main,Agglomerative-average,5.0,53,-1,50,-22.953190794210705,-42.96426775731719,24,True
main,Agglomerative-average,5.0,53,-1,51,-22.33852928975817,-43.12899883949998,14,True
main,Agglomerative-average,5.0,53,-1,52,-22.96924966326085,-43.19922396416508,1027,True
main,Agglomerative-average,3.0,99,-1,0,-22.9119628739632,-43.6261761049135,105,True
main,Agglomerative-average,3.0,99,-1,1,-22.94595091149121,-43.33984049390116,250,True
main,Agglomerative-average,3.0,99,-1,2,-22.94479051345342,-43.044262963511954,135,True
main,Agglomerative-average,3.0,99,-1,3,-22.730127472336385,-43.33325011382766,52,True
main,Agglomerative-average,3.0,99,-1,4,-22.84449930867564,-43.369379217761626,134,True
main,Agglomerative-average,3.0,99,-1,5,-22.740348512916984,-43.70289019290716,20,True
main,Agglomerative-average,3.0,99,-1,6,-22.71457830968123,-43.45218625689218,102,True
main,Agglomerative-average,3.0,99,-1,7,-22.602759574173632,-43.30035269962987,20,True
main,Agglomerative-average,3.0,99,-1,8,-22.882666701535967,-43.42322024738942,113,True
main,Agglomerative-average,3.0,99,-1,9,-22.80666214247548,-43.19391095504187,147,True
main,Agglomerative-average,3.0,99,-1,10,-22.897780992185368,-43.28213483443233,365,True
main,Agglomerative-average,3.0,99,-1,11,-23.005012045118427,-43.33369850506091,228,True
main,Agglomerative-average,3.0,99,-1,12,-22.96924966326085,-43.19922396416508,927,True
main,Agglomerative-average,3.0,99,-1,13,-23.009910486693485,-43.4617841248043,248,True
main,Agglomerative-average,3.0,99,-1,14,-22.83074638712055,-43.06710620240556,110,True
main,Agglomerative-average,3.0,99,-1,15,-22.648290819567222,-43.1893142422233,6,True
main,Agglomerative-average,3.0,99,-1,16,-22.88034393975771,-43.35087161145993,288,True
main,Agglomerative-average,3.0,99,-1,17,-22.91953885095615,-43.23420186203332,859,True
main,Agglomerative-average,3.0,99,-1,18,-22.75333506586299,-43.45113390915737,175,True
main,Agglomerative-average,3.0,99,-1,19,-22.85550534528319,-43.261326078749306,236,True
main,Agglomerative-average,3.0,99,-1,20,-22.573490103559397,-43.055793314782285,8,True
main,Agglomerative-average,3.0,99,-1,21,-22.886855944516643,-43.00579464541522,34,True
main,Agglomerative-average,3.0,99,-1,22,-22.982014002085783,-43.6402552879272,30,True
main,Agglomerative-average,3.0,99,-1,23,-22.79405719314649,-43.42164319781799,142,True
main,Agglomerative-average,3.0,99,-1,24,-22.953190794210705,-42.96426775731719,24,True
main,Agglomerative-average,3.0,99,-1,25,-22.939143388801654,-42.89559984733174,35,True
main,Agglomerative-average,3.0,99,-1,26,-22.6783549818427,-43.6063672943581,21,True
main,Agglomerative-average,3.0,99,-1,27,-22.51538213592116,-43.1928421695982,138,True
main,Agglomerative-average,3.0,99,-1,28,-22.918012945849117,-43.67705435144783,121,True
main,Agglomerative-average,3.0,99,-1,29,-22.74211342258777,-43.39759803435549,78,True
main,Agglomerative-average,3.0,99,-1,30,-22.866455816256806,-43.77365620653202,35,True
main,Agglomerative-average,3.0,99,-1,31,-22.953415567921823,-43.59719047904192,48,True
main,Agglomerative-average,3.0,99,-1,32,-22.87220195839783,-43.47265205142946,147,True
main,Agglomerative-average,3.0,99,-1,33,-22.65032705215399,-43.06256383124455,33,True
main,Agglomerative-average,3.0,99,-1,34,-22.76823804717281,-43.30335778551661,98,True
main,Agglomerative-average,3.0,99,-1,35,-22.6996400240573,-43.159626162204205,10,True
main,Agglomerative-average,3.0,99,-1,36,-22.621548878665244,-43.0083717000592,5,True
main,Agglomerative-average,3.0,99,-1,37,-22.917310266824234,-42.83285203844623,54,True
main,Agglomerative-average,3.0,99,-1,38,-22.87676414726492,-43.5430653180742,134,True
main,Agglomerative-average,3.0,99,-1,39,-22.88687615600769,-43.82949620416807,11,True
main,Agglomerative-average,3.0,99,-1,40,-22.9246473845049,-43.37729918704423,301,True
main,Agglomerative-average,3.0,99,-1,41,-22.647299171382247,-43.652475254437554,14,True
main,Agglomerative-average,3.0,99,-1,42,-22.914461388938683,-43.55243868172671,135,True
main,Agglomerative-average,3.0,99,-1,43,-22.893455612432906,-43.58455598706746,209,True
main,Agglomerative-average,3.0,99,-1,44,-22.612625455388923,-43.17750070939668,34,True
main,Agglomerative-average,3.0,99,-1,45,-22.851281028255396,-43.00715656911679,45,True
main,Agglomerative-average,3.0,99,-1,46,-22.80997056712241,-42.95214528170792,31,True
main,Agglomerative-average,3.0,99,-1,47,-22.82288096978629,-43.40815484251922,78,True
main,Agglomerative-average,3.0,99,-1,48,-22.648354165856656,-43.27833465092141,37,True
main,Agglomerative-average,3.0,99,-1,49,-22.817723009399064,-43.00256045551158,96,True
main,Agglomerative-average,3.0,99,-1,50,-22.99599813649958,-43.261663703422506,124,True
main,Agglomerative-average,3.0,99,-1,51,-22.33852928975817,-43.12899883949998,10,True
main,Agglomerative-average,3.0,99,-1,52,-22.721819445826387,-43.51912642914159,43,True
main,Agglomerative-average,3.0,99,-1,53,-22.80085271969253,-43.64818619408696,13,True
main,Agglomerative-average,3.0,99,-1,54,-22.61483382699214,-43.705683375748585,35,True
main,Agglomerative-average,3.0,99,-1,55,-22.787222392364924,-43.36649062713363,120,True
main,Agglomerative-average,3.0,99,-1,56,-22.71538558398837,-42.80638584132024,2,True
main,Agglomerative-average,3.0,99,-1,57,-22.748505325894925,-42.85708450282503,36,True
main,Agglomerative-average,3.0,99,-1,58,-22.835874327404984,-43.30804777068841,264,True
main,Agglomerative-average,3.0,99,-1,59,-22.94856570290517,-42.70343236618995,2,True
main,Agglomerative-average,3.0,99,-1,60,-22.902095659081677,-43.10841680154424,497,True
main,Agglomerative-average,3.0,99,-1,61,-22.6632991804878,-43.42190649887993,8,True
main,Agglomerative-average,3.0,99,-1,62,-22.638468495840023,-43.22998954209802,21,True
main,Agglomerative-average,3.0,99,-1,63,-22.73521870942802,-42.727847609078914,6,True
main,Agglomerative-average,3.0,99,-1,64,-22.71404091885161,-43.56451440044021,49,True
main,Agglomerative-average,3.0,99,-1,65,-22.76511172315688,-43.559026201122336,10,True
main,Agglomerative-average,3.0,99,-1,66,-22.470849051492323,-42.657121037845286,19,True
main,Agglomerative-average,3.0,99,-1,67,-22.48074477987242,-43.15328803195415,35,True
main,Agglomerative-average,3.0,99,-1,68,-22.530351240509944,-42.97868755223598,17,True
main,Agglomerative-average,3.0,99,-1,69,-22.681384608681608,-43.264890100335776,40,True
main,Agglomerative-average,3.0,99,-1,70,-22.900742627193644,-43.05905218342383,69,True
main,Agglomerative-average,3.0,99,-1,71,-22.711927870432564,-42.63004113951235,27,True
main,Agglomerative-average,3.0,99,-1,72,-22.77148824431559,-42.91776251473343,12,True
main,Agglomerative-average,3.0,99,-1,73,-22.427894024726776,-43.20138979903541,3,True
main,Agglomerative-average,3.0,99,-1,74,-22.71222763287085,-42.88988211162902,4,True
main,Agglomerative-average,3.0,99,-1,75,-22.60367916043864,-42.74073968432629,1,True
main,Agglomerative-average,3.0,99,-1,76,-22.90641886834246,-42.9328221096227,12,True
main,Agglomerative-average,3.0,99,-1,77,-22.921233313815637,-43.1824532703789,782,True
main,Agglomerative-average,3.0,99,-1,78,-22.700773314209,-43.30567326779654,8,True
main,Agglomerative-average,3.0,99,-1,79,-22.809507159817137,-43.03492053552784,65,True
main,Agglomerative-average,3.0,99,-1,80,-22.84103615023977,-43.61515804577371,1,True
main,Agglomerative-average,3.0,99,-1,81,-23.0049905225767,-43.54784520457546,17,True
main,Agglomerative-average,3.0,99,-1,82,-22.96554242872385,-43.388670665927215,166,True
main,Agglomerative-average,3.0,99,-1,83,-22.979900329721087,-43.49176475913368,15,True
main,Agglomerative-average,3.0,99,-1,84,-23.00061899109568,-43.40471828456725,116,True
main,Agglomerative-average,3.0,99,-1,85,-22.41934498186576,-43.13570516359448,33,True
main,Agglomerative-average,3.0,99,-1,86,-22.758529433576463,-43.50698069277536,76,True
main,Agglomerative-average,3.0,99,-1,87,-22.951619328064115,-42.81476689268069,6,True
main,Agglomerative-average,3.0,99,-1,88,-22.811564417819163,-43.58684198964498,12,True
main,Agglomerative-average,3.0,99,-1,89,-22.384769766969896,-43.11661363336934,10,True
main,Agglomerative-average,3.0,99,-1,90,-22.73373117887529,-42.93276530734327,2,True
main,Agglomerative-average,3.0,99,-1,91,-22.97393304015122,-43.69243102841308,42,True
main,Agglomerative-average,3.0,99,-1,92,-22.84698854341189,-42.949380940599774,8,True
main,Agglomerative-average,3.0,99,-1,93,-22.874126204046277,-43.09487519343106,119,True
main,Agglomerative-average,3.0,99,-1,94,-22.69368277179141,-43.10979273572445,2,True
main,Agglomerative-average,3.0,99,-1,95,-22.95824685287592,-43.27033293203977,10,True
main,Agglomerative-average,3.0,99,-1,96,-22.26889273967007,-43.07681259121553,5,True
main,Agglomerative-average,3.0,99,-1,97,-22.692331349282565,-43.531816681604255,1,True
main,Agglomerative-average,3.0,99,-1,98,-22.658862543046705,-43.12901131548682,10,True
main,P-Median,10.0,23,-1,0,-22.89263110411781,-43.28601357326318,486,True
main,P-Median,10.0,23,-1,1,-22.90324481661885,-43.107023598220486,822,True
main,P-Median,10.0,23,-1,2,-22.92899941363904,-43.18145032839962,814,True
main,P-Median,10.0,23,-1,3,-22.510230788197468,-43.17544387445511,255,True
main,P-Median,10.0,23,-1,4,-22.615933155012947,-43.17975719830376,183,True
main,P-Median,10.0,23,-1,5,-22.93691091371265,-43.36097335035081,649,True
main,P-Median,10.0,23,-1,6,-22.73307786504663,-43.4496138786291,521,True
main,P-Median,10.0,23,-1,7,-22.936255491866653,-43.661399065747545,332,True
main,P-Median,10.0,23,-1,8,-22.82316908005648,-43.02002823624667,426,True
main,P-Median,10.0,23,-1,9,-22.836828071243165,-43.30804460963914,416,True
main,P-Median,10.0,23,-1,10,-22.975419252327107,-43.19263365219479,1002,True
main,P-Median,10.0,23,-1,11,-22.87922054417216,-43.45931046493799,235,True
main,P-Median,10.0,23,-1,12,-22.91679214318689,-43.2315503991291,888,True
main,P-Median,10.0,23,-1,13,-22.919618105516072,-42.83978957558533,147,True
main,P-Median,10.0,23,-1,14,-23.01298650422646,-43.46551954103294,396,True
main,P-Median,10.0,23,-1,15,-23.00365666838398,-43.34075885321385,280,True
main,P-Median,10.0,23,-1,16,-22.809517664348768,-43.200203165434935,168,True
main,P-Median,10.0,23,-1,17,-22.755338688692213,-43.308531682770784,244,True
main,P-Median,10.0,23,-1,18,-22.711927870432564,-42.63004113951235,56,True
main,P-Median,10.0,23,-1,19,-22.8828767826158,-43.36417448357049,402,True
main,P-Median,10.0,23,-1,20,-22.805706631753832,-43.42307905240664,315,True
main,P-Median,10.0,23,-1,21,-22.61483382699214,-43.705683375748585,90,True
main,P-Median,10.0,23,-1,22,-22.89853933540845,-43.56542140516348,564,True
main,P-Median,5.0,55,-1,0,-22.95427820760965,-42.96711894755224,47,True
main,P-Median,5.0,55,-1,1,-22.87085601200714,-43.54384874896292,142,True
main,P-Median,5.0,55,-1,2,-22.93615390975268,-43.18183226783302,377,True
main,P-Median,5.0,55,-1,3,-22.52044984882392,-43.19101234595281,173,True
main,P-Median,5.0,55,-1,4,-22.87922689320265,-43.09157186572144,119,True
main,P-Median,5.0,55,-1,5,-22.934576022997884,-43.37578841332682,308,True
main,P-Median,5.0,55,-1,6,-22.7551063244127,-43.42858334530357,220,True
main,P-Median,5.0,55,-1,7,-22.922380751135307,-43.629510536912335,77,True
main,P-Median,5.0,55,-1,8,-22.822624306841355,-43.00309374212156,231,True
main,P-Median,5.0,55,-1,9,-22.83791177652518,-43.322271046058205,292,True
main,P-Median,5.0,55,-1,10,-22.893701145563103,-43.12041784927668,150,True
main,P-Median,5.0,55,-1,11,-23.01298650422646,-43.46551954103294,263,True
main,P-Median,5.0,55,-1,12,-22.91679214318689,-43.2315503991291,281,True
main,P-Median,5.0,55,-1,13,-22.919618105516072,-42.83978957558533,86,True
main,P-Median,5.0,55,-1,14,-23.00365666838398,-43.34075885321385,228,True
main,P-Median,5.0,55,-1,15,-22.716288877191023,-43.51530571258531,111,True
main,P-Median,5.0,55,-1,16,-22.809517664348768,-43.200203165434935,147,True
main,P-Median,5.0,55,-1,17,-22.755338688692213,-43.308531682770784,178,True
main,P-Median,5.0,55,-1,18,-22.711927870432564,-42.63004113951235,34,True
main,P-Median,5.0,55,-1,19,-22.8828767826158,-43.36417448357049,310,True
main,P-Median,5.0,55,-1,20,-22.9411555966564,-43.043134176624925,135,True
main,P-Median,5.0,55,-1,21,-22.61483382699214,-43.705683375748585,73,True
main,P-Median,5.0,55,-1,22,-22.897521961702388,-43.591752252623216,225,True
main,P-Median,5.0,55,-1,23,-22.90630099451813,-43.105973880660926,350,True
main,P-Median,5.0,55,-1,24,-22.615933155012947,-43.17975719830376,75,True
main,P-Median,5.0,55,-1,25,-22.88188843504765,-43.46899760400734,153,True
main,P-Median,5.0,55,-1,26,-22.805706631753832,-43.42307905240664,179,True
main,P-Median,5.0,55,-1,27,-22.96914820115268,-43.38306523796816,151,True
main,P-Median,5.0,55,-1,28,-22.408608081087024,-43.13140914649253,61,True
main,P-Median,5.0,55,-1,29,-22.850770856037,-43.27052152360208,260,True
main,P-Median,5.0,55,-1,30,-22.74248129310771,-42.85721075258665,56,True
main,P-Median,5.0,55,-1,31,-22.90568600024909,-43.177156307060464,330,True
main,P-Median,5.0,55,-1,32,-22.87093410934107,-43.76901268302672,46,True
main,P-Median,5.0,55,-1,33,-22.98284371340203,-43.22474000720175,314,True
main,P-Median,5.0,55,-1,34,-22.94338467090066,-43.33437919544068,242,True
main,P-Median,5.0,55,-1,35,-22.651419516496585,-43.06655787630402,48,True
main,P-Median,5.0,55,-1,36,-22.95440868548141,-43.185650031057385,443,True
main,P-Median,5.0,55,-1,37,-22.470849051492323,-42.657121037845286,19,True
main,P-Median,5.0,55,-1,38,-22.827481947170185,-43.0698152344756,128,True
main,P-Median,5.0,55,-1,39,-23.00061899109568,-43.40471828456725,116,True
main,P-Median,5.0,55,-1,40,-22.60728606434383,-43.29857473776487,85,True
main,P-Median,5.0,55,-1,41,-22.790646777654263,-43.375643445446975,138,True
main,P-Median,5.0,55,-1,42,-22.92275898098941,-43.246104027508025,412,True
main,P-Median,5.0,55,-1,43,-22.930711174851965,-43.68946380025854,158,True
main,P-Median,5.0,55,-1,44,-22.73307786504663,-43.4496138786291,179,True
main,P-Median,5.0,55,-1,45,-22.88331793518069,-43.31951190668025,125,True
main,P-Median,5.0,55,-1,46,-22.980184787318848,-43.19459066773997,329,True
main,P-Median,5.0,55,-1,47,-22.527718078493137,-42.97826627951071,21,True
main,P-Median,5.0,55,-1,48,-22.91684074570216,-43.56234010712124,173,True
main,P-Median,5.0,55,-1,49,-22.902823180776025,-43.05085812937721,96,True
main,P-Median,5.0,55,-1,50,-22.91934258444981,-43.21542322502569,218,True
main,P-Median,5.0,55,-1,51,-22.96669955681108,-43.6017686687425,85,True
main,P-Median,5.0,55,-1,52,-22.7692389862532,-43.52530849381608,79,True
main,P-Median,5.0,55,-1,53,-22.876979699775763,-43.42527912676291,102,True
main,P-Median,5.0,55,-1,54,-22.900247004009792,-43.28620954651436,313,True
main,MCLP,5.0,40,-1,0,-22.93845834691675,-43.1963680762055,1860,True
main,MCLP,5.0,40,-1,1,-22.88659325431333,-43.26783420069855,779,True
main,MCLP,5.0,40,-1,2,-22.93691091371265,-43.36097335035081,534,True
main,MCLP,5.0,40,-1,3,-22.87922689320265,-43.09157186572144,700,True
main,MCLP,5.0,40,-1,4,-22.85332826176321,-43.32822806263115,466,True
main,MCLP,5.0,40,-1,5,-22.906374170614946,-43.566410061329776,422,True
main,MCLP,5.0,40,-1,6,-22.97841522971715,-43.23772919271784,494,True
main,MCLP,5.0,40,-1,7,-22.984082408782115,-43.44889019919411,379,True
main,MCLP,5.0,40,-1,8,-22.749383783452853,-43.44373182064543,311,True
main,MCLP,5.0,40,-1,9,-22.81926169355244,-43.03476520349312,166,True
main,MCLP,5.0,40,-1,10,-22.803670156230325,-43.3754619382363,131,True
main,MCLP,5.0,40,-1,11,-22.87922054417216,-43.45931046493799,223,True
main,MCLP,5.0,40,-1,12,-23.00365666838398,-43.34075885321385,280,True
main,MCLP,5.0,40,-1,13,-22.936255491866653,-43.661399065747545,106,True
main,MCLP,5.0,40,-1,14,-22.510230788197468,-43.17544387445511,173,True
main,MCLP,5.0,40,-1,15,-22.755338688692213,-43.308531682770784,182,True
main,MCLP,5.0,40,-1,16,-22.809517664348768,-43.200203165434935,147,True
main,MCLP,5.0,40,-1,17,-22.947654432562,-43.03365087049761,135,True
main,MCLP,5.0,40,-1,18,-22.716288877191023,-43.51530571258531,123,True
main,MCLP,5.0,40,-1,19,-22.83582848761888,-43.27614378416555,253,True
main,MCLP,5.0,40,-1,20,-22.839350559609453,-43.40486056012263,194,True
main,MCLP,5.0,40,-1,21,-22.919618105516072,-42.83978957558533,86,True
main,MCLP,5.0,40,-1,22,-22.930174584016687,-43.39608391214564,206,True
main,MCLP,5.0,40,-1,23,-22.97256399836684,-43.64295047031437,95,True
main,MCLP,5.0,40,-1,24,-22.86782548778561,-43.002749069555286,75,True
main,MCLP,5.0,40,-1,25,-22.89798974016889,-43.6685591848473,94,True
main,MCLP,5.0,40,-1,26,-22.408608081087024,-43.13140914649253,61,True
main,MCLP,5.0,40,-1,27,-22.615933155012947,-43.17975719830376,75,True
main,MCLP,5.0,40,-1,28,-22.76452043290213,-43.40324268558952,154,True
main,MCLP,5.0,40,-1,29,-22.60728606434383,-43.29857473776487,85,True
main,MCLP,5.0,40,-1,30,-22.7692389862532,-43.52530849381608,74,True
main,MCLP,5.0,40,-1,31,-22.87093410934107,-43.76901268302672,46,True
main,MCLP,5.0,40,-1,32,-22.74248129310771,-42.85721075258665,56,True
main,MCLP,5.0,40,-1,33,-22.61483382699214,-43.705683375748585,73,True
main,MCLP,5.0,40,-1,34,-22.651419516496585,-43.06655787630402,69,True
main,MCLP,5.0,40,-1,35,-22.885872200386764,-43.51372891804045,103,True
main,MCLP,5.0,40,-1,36,-22.711927870432564,-42.63004113951235,53,True
main,MCLP,5.0,40,-1,37,-22.95427820760965,-42.96711894755224,47,True
main,MCLP,5.0,40,-1,38,-22.822624306841355,-43.00309374212156,133,True
main,MCLP,5.0,40,-1,39,-22.930711174851965,-43.68946380025854,48,True
main,MCLP,10.0,15,-1,0,-22.91863600041784,-43.25724486396328,3279,True
main,MCLP,10.0,15,-1,1,-22.85387973916863,-43.39680943222229,992,True
main,MCLP,10.0,15,-1,2,-22.902823180776025,-43.05085812937721,879,True
main,MCLP,10.0,15,-1,3,-23.00061899109568,-43.40471828456725,989,True
main,MCLP,10.0,15,-1,4,-22.911119400069488,-43.62264162522756,259,True
main,MCLP,10.0,15,-1,5,-22.745675146224823,-43.44388802788447,472,True
main,MCLP,10.0,15,-1,6,-22.8338340042933,-43.24885668973881,487,False
main,MCLP,10.0,15,-1,7,-22.47556263589044,-43.148370152985294,314,True
main,MCLP,10.0,15,-1,8,-22.86782548778561,-43.002749069555286,388,True
main,MCLP,10.0,15,-1,9,-22.60728606434383,-43.29857473776487,167,True
main,MCLP,10.0,15,-1,10,-22.919618105516072,-42.83978957558533,167,True
main,MCLP,10.0,15,-1,11,-22.78016279197431,-43.30430364671711,370,True
main,MCLP,10.0,15,-1,12,-22.7692389862532,-43.52530849381608,243,True
main,MCLP,10.0,15,-1,13,-22.898979722466947,-43.69930833968601,205,True
main,MCLP,10.0,15,-1,14,-22.91684074570216,-43.56234010712124,480,True
all_candidates_sensitivity,P-Median,3.0,90,-1,0,-22.8964631877728,-43.27217170225893,159,True
all_candidates_sensitivity,P-Median,3.0,90,-1,1,-22.87085601200714,-43.54384874896292,90,True
all_candidates_sensitivity,P-Median,3.0,90,-1,2,-22.716288877191023,-43.51530571258531,34,True
all_candidates_sensitivity,P-Median,3.0,90,-1,3,-22.866391297064204,-43.27158801093624,121,True
all_candidates_sensitivity,P-Median,3.0,90,-1,4,-22.87922689320265,-43.09157186572144,119,True
all_candidates_sensitivity,P-Median,3.0,90,-1,5,-22.962843790439337,-43.40116578306731,63,True
all_candidates_sensitivity,P-Median,3.0,90,-1,6,-22.85387973916863,-43.39680943222229,60,True
all_candidates_sensitivity,P-Median,3.0,90,-1,7,-22.922380751135307,-43.629510536912335,72,True
all_candidates_sensitivity,P-Median,3.0,90,-1,8,-22.818906926534805,-42.99751196239111,125,True
all_candidates_sensitivity,P-Median,3.0,90,-1,9,-22.82666297562433,-43.3225314634884,125,True
all_candidates_sensitivity,P-Median,3.0,90,-1,10,-22.96550432697566,-43.21544841322038,110,True
all_candidates_sensitivity,P-Median,3.0,90,-1,11,-23.01298650422646,-43.46551954103294,204,True
all_candidates_sensitivity,P-Median,3.0,90,-1,12,-22.95427820760965,-42.96711894755224,24,True
all_candidates_sensitivity,P-Median,3.0,90,-1,13,-22.71769036507631,-43.56406590011273,59,True
all_candidates_sensitivity,P-Median,3.0,90,-1,14,-23.00365666838398,-43.34075885321385,187,True
all_candidates_sensitivity,P-Median,3.0,90,-1,15,-22.809517664348768,-43.200203165434935,147,True
all_candidates_sensitivity,P-Median,3.0,90,-1,16,-22.711927870432564,-42.63004113951235,34,True
all_candidates_sensitivity,P-Median,3.0,90,-1,17,-22.65362737697551,-43.27588967098969,89,True
all_candidates_sensitivity,P-Median,3.0,90,-1,18,-22.934535219557365,-42.911752855372335,47,True
all_candidates_sensitivity,P-Median,3.0,90,-1,19,-22.524744277401208,-43.21160357990256,51,True
all_candidates_sensitivity,P-Median,3.0,90,-1,20,-22.91684074570216,-43.56234010712124,97,True
all_candidates_sensitivity,P-Median,3.0,90,-1,21,-22.90630099451813,-43.105973880660926,350,True
all_candidates_sensitivity,P-Median,3.0,90,-1,22,-22.805706631753832,-43.42307905240664,127,True
all_candidates_sensitivity,P-Median,3.0,90,-1,23,-22.651419516496585,-43.06655787630402,46,True
all_candidates_sensitivity,P-Median,3.0,90,-1,24,-22.947654432562,-43.03365087049761,79,True
all_candidates_sensitivity,P-Median,3.0,90,-1,25,-22.60728606434383,-43.29857473776487,20,True
all_candidates_sensitivity,P-Median,3.0,90,-1,26,-22.76405759011258,-43.30041310063685,98,True
all_candidates_sensitivity,P-Median,3.0,90,-1,27,-22.96914820115268,-43.38306523796816,103,True
all_candidates_sensitivity,P-Median,3.0,90,-1,28,-22.408608081087024,-43.13140914649253,46,True
all_candidates_sensitivity,P-Median,3.0,90,-1,29,-22.61483382699214,-43.705683375748585,35,True
all_candidates_sensitivity,P-Median,3.0,90,-1,30,-22.84207289300327,-43.265065434319375,150,True
all_candidates_sensitivity,P-Median,3.0,90,-1,31,-22.90568600024909,-43.177156307060464,225,True
all_candidates_sensitivity,P-Median,3.0,90,-1,32,-22.86867015326329,-43.78013952780047,46,True
all_candidates_sensitivity,P-Median,3.0,90,-1,33,-22.75019628085652,-42.87187716603211,56,True
all_candidates_sensitivity,P-Median,3.0,90,-1,34,-22.827481947170185,-43.0698152344756,108,True
all_candidates_sensitivity,P-Median,3.0,90,-1,35,-22.98284371340203,-43.22474000720175,203,True
all_candidates_sensitivity,P-Median,3.0,90,-1,36,-22.94338467090066,-43.33437919544068,115,True
all_candidates_sensitivity,P-Median,3.0,90,-1,37,-22.95308218823228,-43.18924536490677,276,True
all_candidates_sensitivity,P-Median,3.0,90,-1,38,-22.87350715228709,-43.36567754387448,141,True
all_candidates_sensitivity,P-Median,3.0,90,-1,39,-22.470849051492323,-42.657121037845286,19,True
all_candidates_sensitivity,P-Median,3.0,90,-1,40,-23.00061899109568,-43.40471828456725,116,True
all_candidates_sensitivity,P-Median,3.0,90,-1,41,-22.92275898098941,-43.246104027508025,360,True
all_candidates_sensitivity,P-Median,3.0,90,-1,42,-22.91973437055113,-43.67148457968753,121,True
all_candidates_sensitivity,P-Median,3.0,90,-1,43,-22.615933155012947,-43.17975719830376,50,True
all_candidates_sensitivity,P-Median,3.0,90,-1,44,-22.88331793518069,-43.31951190668025,127,True
all_candidates_sensitivity,P-Median,3.0,90,-1,45,-22.74100679492528,-43.6998298199384,20,True
all_candidates_sensitivity,P-Median,3.0,90,-1,46,-22.790646777654263,-43.375643445446975,134,True
all_candidates_sensitivity,P-Median,3.0,90,-1,47,-22.980184787318848,-43.19459066773997,250,True
all_candidates_sensitivity,P-Median,3.0,90,-1,48,-22.527718078493137,-42.97826627951071,21,True
all_candidates_sensitivity,P-Median,3.0,90,-1,49,-22.9790211808901,-43.69012245165258,49,True
all_candidates_sensitivity,P-Median,3.0,90,-1,50,-22.91428296653683,-42.83456332388645,62,True
all_candidates_sensitivity,P-Median,3.0,90,-1,51,-22.896089584185965,-43.59889671190928,120,True
all_candidates_sensitivity,P-Median,3.0,90,-1,52,-22.902823180776025,-43.05085812937721,66,True
all_candidates_sensitivity,P-Median,3.0,90,-1,53,-22.71845447873864,-43.45333006616676,110,True
all_candidates_sensitivity,P-Median,3.0,90,-1,54,-22.91934258444981,-43.21542322502569,201,True
all_candidates_sensitivity,P-Median,3.0,90,-1,55,-22.876979699775763,-43.42527912676291,97,True
all_candidates_sensitivity,P-Median,3.0,90,-1,56,-22.964378631240205,-43.61186736926677,61,True
all_candidates_sensitivity,P-Median,3.0,90,-1,57,-22.906575946931888,-43.28819167590577,176,True
all_candidates_sensitivity,P-Median,3.0,90,-1,58,-22.893701145563103,-43.12041784927668,150,True
all_candidates_sensitivity,P-Median,3.0,90,-1,59,-22.70142395223432,-43.15952521180791,18,True
all_candidates_sensitivity,P-Median,3.0,90,-1,60,-22.770064916804248,-43.422339662467735,86,True
all_candidates_sensitivity,P-Median,3.0,90,-1,61,-22.91816741998529,-43.38651552844117,155,True
all_candidates_sensitivity,P-Median,3.0,90,-1,62,-22.965586191842657,-43.18405306861811,218,True
all_candidates_sensitivity,P-Median,3.0,90,-1,63,-22.510230788197468,-43.17544387445511,122,True
all_candidates_sensitivity,P-Median,3.0,90,-1,64,-22.74102601762666,-43.39058910287586,65,True
all_candidates_sensitivity,P-Median,3.0,90,-1,65,-22.81926169355244,-43.03476520349312,78,True
all_candidates_sensitivity,P-Median,3.0,90,-1,66,-22.984082408782115,-43.44889019919411,59,True
all_candidates_sensitivity,P-Median,3.0,90,-1,67,-22.94061686421916,-43.06545401112341,56,True
all_candidates_sensitivity,P-Median,3.0,90,-1,68,-22.88245539011392,-43.57494224901807,138,True
all_candidates_sensitivity,P-Median,3.0,90,-1,69,-22.84251003329592,-43.35349069066133,74,True
all_candidates_sensitivity,P-Median,3.0,90,-1,70,-22.75587652233678,-43.45011309119682,159,True
all_candidates_sensitivity,P-Median,3.0,90,-1,71,-22.75365868027963,-43.50568209999401,86,True
all_candidates_sensitivity,P-Median,3.0,90,-1,72,-22.908174032805224,-43.53967787825952,76,True
all_candidates_sensitivity,P-Median,3.0,90,-1,73,-22.84606476402831,-43.31053536227519,122,True
all_candidates_sensitivity,P-Median,3.0,90,-1,74,-22.86782548778561,-43.002749069555286,78,True
all_candidates_sensitivity,P-Median,3.0,90,-1,75,-22.893703236582244,-43.23151762119004,90,True
all_candidates_sensitivity,P-Median,3.0,90,-1,76,-22.96619236089961,-43.33073451387544,54,True
all_candidates_sensitivity,P-Median,3.0,90,-1,77,-22.91285701073433,-43.18834911843799,176,True
all_candidates_sensitivity,P-Median,3.0,90,-1,78,-22.66951051838989,-43.61452547990683,35,True
all_candidates_sensitivity,P-Median,3.0,90,-1,79,-22.93691091371265,-43.36097335035081,217,True
all_candidates_sensitivity,P-Median,3.0,90,-1,80,-22.89512617328995,-43.357502145957,113,True
all_candidates_sensitivity,P-Median,3.0,90,-1,81,-22.99599813649958,-43.261663703422506,37,True
all_candidates_sensitivity,P-Median,3.0,90,-1,82,-22.868363814263653,-43.46923216795061,147,True
all_candidates_sensitivity,P-Median,3.0,90,-1,83,-22.72351123290818,-43.32148642883789,59,True
all_candidates_sensitivity,P-Median,3.0,90,-1,84,-23.0049905225767,-43.54784520457546,17,True
all_candidates_sensitivity,P-Median,3.0,90,-1,85,-22.93615390975268,-43.18183226783302,346,True
all_candidates_sensitivity,P-Median,3.0,90,-1,86,-22.80791081625367,-43.644304412473865,26,True
all_candidates_sensitivity,P-Median,3.0,90,-1,87,-22.33852928975817,-43.12899883949998,15,True
all_candidates_sensitivity,P-Median,3.0,90,-1,88,-23.010803499326403,-43.3098866524811,41,True
all_candidates_sensitivity,P-Median,3.0,90,-1,89,-22.926258825257275,-43.231846424609145,177,True
all_candidates_sensitivity,MCLP,3.0,64,-1,0,-22.95440868548141,-43.185650031057385,942,True
all_candidates_sensitivity,MCLP,3.0,64,-1,1,-22.91679214318689,-43.2315503991291,848,True
all_candidates_sensitivity,MCLP,3.0,64,-1,2,-22.88593419631651,-43.1106543708203,552,True
all_candidates_sensitivity,MCLP,3.0,64,-1,3,-22.98210232841188,-43.22013314970181,457,True
all_candidates_sensitivity,MCLP,3.0,64,-1,4,-22.89945802156581,-43.19708452216502,416,True
all_candidates_sensitivity,MCLP,3.0,64,-1,5,-22.920928532759326,-43.3584654815096,228,True
all_candidates_sensitivity,MCLP,3.0,64,-1,6,-22.88658041606038,-43.2773189390998,193,True
all_candidates_sensitivity,MCLP,3.0,64,-1,7,-22.84373140637614,-43.30242672582638,204,True
all_candidates_sensitivity,MCLP,3.0,64,-1,8,-22.896407842881192,-43.57751001381104,254,True
all_candidates_sensitivity,MCLP,3.0,64,-1,9,-22.87044820264357,-43.34296526816304,277,True
all_candidates_sensitivity,MCLP,3.0,64,-1,10,-22.751111606071024,-43.46011896476947,225,True
all_candidates_sensitivity,MCLP,3.0,64,-1,11,-23.00126761701064,-43.3355988370672,228,True
all_candidates_sensitivity,MCLP,3.0,64,-1,12,-22.949418433889697,-43.38717689639774,227,True
all_candidates_sensitivity,MCLP,3.0,64,-1,13,-23.01298650422646,-43.46551954103294,204,True
all_candidates_sensitivity,MCLP,3.0,64,-1,14,-22.791786349943763,-43.41589366647349,191,True
all_candidates_sensitivity,MCLP,3.0,64,-1,15,-22.829351276710405,-43.01399541493803,141,True
all_candidates_sensitivity,MCLP,3.0,64,-1,16,-22.871019283986563,-43.45851442872575,100,True
all_candidates_sensitivity,MCLP,3.0,64,-1,17,-22.94338467090066,-43.33437919544068,194,True
all_candidates_sensitivity,MCLP,3.0,64,-1,18,-22.79777839220466,-43.18136086251543,147,True
all_candidates_sensitivity,MCLP,3.0,64,-1,19,-22.850002554499312,-43.263354020176415,196,True
all_candidates_sensitivity,MCLP,3.0,64,-1,20,-22.9411555966564,-43.043134176624925,135,True
all_candidates_sensitivity,MCLP,3.0,64,-1,21,-22.913149027532867,-43.65356967363749,121,True
all_candidates_sensitivity,MCLP,3.0,64,-1,22,-23.00061899109568,-43.40471828456725,116,True
all_candidates_sensitivity,MCLP,3.0,64,-1,23,-22.87751529574331,-43.53029348075376,121,True
all_candidates_sensitivity,MCLP,3.0,64,-1,24,-22.840098124434224,-43.06778333387412,123,True
all_candidates_sensitivity,MCLP,3.0,64,-1,25,-22.78315358395092,-43.35979003562612,114,True
all_candidates_sensitivity,MCLP,3.0,64,-1,26,-22.839960552960555,-43.37703910572291,106,True
all_candidates_sensitivity,MCLP,3.0,64,-1,27,-22.50813163708028,-43.18141468751699,88,True
all_candidates_sensitivity,MCLP,3.0,64,-1,28,-22.755338688692213,-43.308531682770784,103,True
all_candidates_sensitivity,MCLP,3.0,64,-1,29,-22.90168479208545,-43.06891496088816,120,True
all_candidates_sensitivity,MCLP,3.0,64,-1,30,-22.748890763540413,-43.40218859295182,84,True
all_candidates_sensitivity,MCLP,3.0,64,-1,31,-22.92777932523722,-43.554503392883646,118,True
all_candidates_sensitivity,MCLP,3.0,64,-1,32,-22.879549301241177,-43.41011862496182,96,True
all_candidates_sensitivity,MCLP,3.0,64,-1,33,-22.750950306589704,-43.5104936361956,90,True
all_candidates_sensitivity,MCLP,3.0,64,-1,34,-22.70596026208645,-43.44426093479684,68,True
all_candidates_sensitivity,MCLP,3.0,64,-1,35,-22.906575946931888,-43.28819167590577,199,True
all_candidates_sensitivity,MCLP,3.0,64,-1,36,-22.67066808633434,-43.26255563331919,43,True
all_candidates_sensitivity,MCLP,3.0,64,-1,37,-22.92700535031622,-42.8293157127626,62,True
all_candidates_sensitivity,MCLP,3.0,64,-1,38,-22.721880392950524,-43.56120106689918,90,True
all_candidates_sensitivity,MCLP,3.0,64,-1,39,-22.88593339499682,-43.011983104667294,50,True
all_candidates_sensitivity,MCLP,3.0,64,-1,40,-22.97383432126233,-43.6810761924786,66,True
all_candidates_sensitivity,MCLP,3.0,64,-1,41,-22.91750488776345,-43.69308722014739,49,True
all_candidates_sensitivity,MCLP,3.0,64,-1,42,-22.888192458215805,-43.62473650428692,68,True
all_candidates_sensitivity,MCLP,3.0,64,-1,43,-22.984082408782115,-43.44889019919411,59,True
all_candidates_sensitivity,MCLP,3.0,64,-1,44,-22.91373119718309,-43.39089712057767,127,True
all_candidates_sensitivity,MCLP,3.0,64,-1,45,-22.96669955681108,-43.6017686687425,66,True
all_candidates_sensitivity,MCLP,3.0,64,-1,46,-22.811456217228336,-42.97220863173352,63,True
all_candidates_sensitivity,MCLP,3.0,64,-1,47,-22.531038247576937,-43.212309414991445,50,True
all_candidates_sensitivity,MCLP,3.0,64,-1,48,-22.71884157108849,-43.3359503631358,50,True
all_candidates_sensitivity,MCLP,3.0,64,-1,49,-22.862780471644363,-43.78526762819197,46,True
all_candidates_sensitivity,MCLP,3.0,64,-1,50,-22.74248129310771,-42.85721075258665,50,True
all_candidates_sensitivity,MCLP,3.0,64,-1,51,-22.61483382699214,-43.705683375748585,69,True
all_candidates_sensitivity,MCLP,3.0,64,-1,52,-22.615933155012947,-43.17975719830376,58,True
all_candidates_sensitivity,MCLP,3.0,64,-1,53,-22.43222926280023,-43.14086038411682,61,True
all_candidates_sensitivity,MCLP,3.0,64,-1,54,-22.648338600540264,-43.0583437917855,68,True
all_candidates_sensitivity,MCLP,3.0,64,-1,55,-22.88011865584896,-43.483604754804006,81,True
all_candidates_sensitivity,MCLP,3.0,64,-1,56,-22.94622116479277,-42.88645951724069,30,True
all_candidates_sensitivity,MCLP,3.0,64,-1,57,-22.99599813649958,-43.261663703422506,37,True
all_candidates_sensitivity,MCLP,3.0,64,-1,58,-22.711927870432564,-42.63004113951235,53,True
all_candidates_sensitivity,MCLP,3.0,64,-1,59,-22.8111210300632,-43.32621279907767,87,True
all_candidates_sensitivity,MCLP,3.0,64,-1,60,-22.79629033350867,-43.04531393855412,31,True
all_candidates_sensitivity,MCLP,3.0,64,-1,61,-22.95097062040013,-42.94683341061871,41,True
all_candidates_sensitivity,MCLP,3.0,64,-1,62,-22.64530376193324,-43.26203372616665,75,True
all_candidates_sensitivity,MCLP,3.0,64,-1,63,-22.496114223843747,-43.15620443994322,35,True
