scope,method,radius_km,K,CEP,orders,distance_km,facility_id,lat,lng,facility_lat,facility_lng
main,KMeans-weighted,3,82,28695,1,15.264598378487984,21,-22.60367916043864,-42.74073968432629,-22.71285423290253,-42.65055694428333
main,KMeans-weighted,3,82,24890,6,8.308129462619,21,-22.73521870942802,-42.727847609078914,-22.71285423290253,-42.65055694428333
main,KMeans-weighted,3,82,25912,1,7.871795476021069,2,-22.57019403842886,-43.058745435694526,-22.64095641881601,-43.05650283084656
main,Agglomerative-ward,3,80,24890,6,8.476521242362951,2,-22.73521870942802,-42.727847609078914,-22.71616256843174,-42.647824133979
main,Agglomerative-ward,3,80,25725,3,6.2499579229461855,24,-22.427894024726776,-43.20138979903541,-22.42005740210417,-43.141178883214565
main,Agglomerative-ward,3,80,25940,4,6.151837255478808,40,-22.617931893774944,-43.00412879602773,-22.64654045037916,-43.05543328766753
main,Agglomerative-complete,3,88,26440,4,5.345896058296031,1,-22.6438955448154,-43.64300824279504,-22.624109639675027,-43.69048105537401
main,Agglomerative-complete,3,88,24876,3,5.084221165101133,10,-22.7125342435385,-42.89540473111652,-22.744877556592517,-42.86036426370544
main,Agglomerative-complete,3,88,26433,4,4.776387221046233,1,-22.650250797954484,-43.65355119895557,-22.624109639675027,-43.69048105537401
main,Agglomerative-average,3,99,20931,11,4.65998641001609,17,-22.880476502680093,-43.21772315263865,-22.91953885095615,-43.23420186203332
main,Agglomerative-average,3,99,26053,2,4.445989903583037,6,-22.676424784708487,-43.46514837118791,-22.71457830968123,-43.45218625689218
main,Agglomerative-average,3,99,21854,1,3.745589826445892,32,-22.845556518964184,-43.49501645648064,-22.87220195839783,-43.47265205142946
all_candidates_sensitivity,P-Median,3,90,28695,1,16.550308693700245,16,-22.60367916043864,-42.74073968432629,-22.711927870432564,-42.63004113951235
all_candidates_sensitivity,P-Median,3,90,24922,2,13.959387596655228,50,-22.94856570290517,-42.70343236618995,-22.91428296653683,-42.83456332388645
all_candidates_sensitivity,P-Median,3,90,24890,6,10.360342865340115,16,-22.73521870942802,-42.727847609078914,-22.711927870432564,-42.63004113951235
all_candidates_sensitivity,MCLP,3,64,28680,19,26.950553178813895,58,-22.470849051492323,-42.657121037845286,-22.711927870432564,-42.63004113951235
all_candidates_sensitivity,MCLP,3,64,25770,5,19.31972202977331,53,-22.26889273967007,-43.07681259121553,-22.43222926280023,-43.14086038411682
all_candidates_sensitivity,MCLP,3,64,25949,2,17.47616869808689,54,-22.51454665728784,-42.96902750677734,-22.648338600540264,-43.0583437917855
main,KMeans-weighted,5,40,28695,1,15.264598378487984,8,-22.60367916043864,-42.74073968432629,-22.71285423290253,-42.65055694428333
main,KMeans-weighted,5,40,25770,5,14.377953932951815,7,-22.26889273967007,-43.07681259121553,-22.388516733465263,-43.12987913902451
main,KMeans-weighted,5,40,24922,2,14.252581573122306,23,-22.94856570290517,-42.70343236618995,-22.9273762146674,-42.840699191582274
main,Agglomerative-ward,5,42,28695,1,15.264598378487984,11,-22.60367916043864,-42.74073968432629,-22.71285423290253,-42.65055694428333
main,Agglomerative-ward,5,42,25770,5,14.377953932952144,15,-22.26889273967007,-43.07681259121553,-22.38851673346527,-43.12987913902451
main,Agglomerative-ward,5,42,24922,2,12.996052512646887,10,-22.94856570290517,-42.70343236618995,-22.921638738430705,-42.82692703491227
main,Agglomerative-complete,5,46,26062,1,8.61340577817708,4,-22.6632991804878,-43.42190649887993,-22.73325989636692,-43.45795304888528
main,Agglomerative-complete,5,46,23020,17,8.11614840695746,13,-23.0049905225767,-43.54784520457546,-23.00800408760573,-43.46861536720091
main,Agglomerative-complete,5,46,22610,29,7.692664585017062,10,-22.99599813649958,-43.261663703422506,-22.961647402469957,-43.196436795203816
main,Agglomerative-average,5,53,23826,4,6.6061157974916425,20,-22.89560484133116,-43.84587026303256,-22.871338940979847,-43.78700924944499
main,Agglomerative-average,5,53,24738,5,6.3184556937964205,11,-22.851785749069546,-42.94354284297728,-22.8264951709668,-42.9987564410637
main,Agglomerative-average,5,53,21941,21,6.279119102063728,39,-22.8338340042933,-43.24885668973881,-22.884617734747955,-43.27565566668259
main,P-Median,5,55,28695,1,16.550308693700245,18,-22.60367916043864,-42.74073968432629,-22.711927870432564,-42.63004113951235
main,P-Median,5,55,25770,5,16.519318658721907,28,-22.26889273967007,-43.07681259121553,-22.408608081087024,-43.13140914649253
main,P-Median,5,55,23895,9,14.618364215385649,21,-22.746274001626645,-43.708503424610186,-22.61483382699214,-43.705683375748585
main,MCLP,5,40,28680,19,26.950553178813895,36,-22.470849051492323,-42.657121037845286,-22.711927870432564,-42.63004113951235
main,MCLP,5,40,25949,2,18.21820860109545,34,-22.51454665728784,-42.96902750677734,-22.651419516496585,-43.06655787630402
main,MCLP,5,40,28695,1,16.550308693700245,36,-22.60367916043864,-42.74073968432629,-22.711927870432564,-42.63004113951235
main,KMeans-weighted,10,17,25770,5,25.166930529399814,12,-22.26889273967007,-43.07681259121553,-22.477721676146285,-43.17118865194025
main,KMeans-weighted,10,17,24922,2,19.52825003088624,9,-22.94856570290517,-42.70343236618995,-22.87687148928336,-42.8774865599144
main,KMeans-weighted,10,17,24846,2,18.61573802125375,4,-22.71538558398837,-42.80638584132024,-22.62609765843472,-42.65291010989988
main,Agglomerative-ward,10,17,28680,19,26.74652534653424,0,-22.470849051492323,-42.657121037845286,-22.689306152461057,-42.76614916373431
main,Agglomerative-ward,10,17,25770,5,25.16693052939989,2,-22.26889273967007,-43.07681259121553,-22.477721676146288,-43.17118865194024
main,Agglomerative-ward,10,17,24922,2,18.123691003342817,10,-22.94856570290517,-42.70343236618995,-22.93056560805961,-42.87933655873877
main,Agglomerative-complete,10,19,28695,1,14.755872469842686,6,-22.60367916043864,-42.74073968432629,-22.71299486351841,-42.65921410522983
main,Agglomerative-complete,10,19,23897,2,14.431656061822702,3,-22.792366849451536,-43.662640119980665,-22.90856126058016,-43.59989298756491
main,Agglomerative-complete,10,19,25770,5,14.377953932952144,8,-22.26889273967007,-43.07681259121553,-22.38851673346527,-43.12987913902451
main,Agglomerative-average,10,24,24734,1,12.598147455231135,2,-22.829471848017025,-42.9607569973706,-22.881195280960423,-43.0701474849047
main,Agglomerative-average,10,24,24721,1,12.515500856723108,2,-22.801495702866447,-42.98390861201865,-22.881195280960423,-43.0701474849047
main,Agglomerative-average,10,24,24475,1,12.357088291256517,2,-22.777267778897787,-43.027446308928425,-22.881195280960423,-43.0701474849047
main,P-Median,10,23,25770,5,28.687629604511976,3,-22.26889273967007,-43.07681259121553,-22.510230788197468,-43.17544387445511
main,P-Median,10,23,28680,19,26.950553178813895,18,-22.470849051492323,-42.657121037845286,-22.711927870432564,-42.63004113951235
main,P-Median,10,23,25949,2,21.20885951647919,3,-22.51454665728784,-42.96902750677734,-22.510230788197468,-43.17544387445511
main,MCLP,10,15,28680,19,50.4789120536817,7,-22.470849051492323,-42.657121037845286,-22.47556263589044,-43.148370152985294
main,MCLP,10,15,28695,1,36.56943500292944,10,-22.60367916043864,-42.74073968432629,-22.919618105516072,-42.83978957558533
main,MCLP,10,15,28800,27,31.551660197352977,10,-22.711927870432564,-42.63004113951235,-22.919618105516072,-42.83978957558533
