scope,method,radius_km,K_selected,N_orders,zero_coverage_municipalities,below_80pct_municipalities,outside_orders,rio_outside_orders,rio_share_outside_pct,zero_municipalities_denominators
main,KMeans-weighted,3.0,82,9691,1,6,428,167,39.018691588785046,tangua (6 pedidos)
main,KMeans-weighted,5.0,40,9691,1,6,451,96,21.286031042128602,tangua (6 pedidos)
main,KMeans-weighted,10.0,17,9691,4,8,409,91,22.249388753056234,itaborai (56 pedidos); itaguai (46 pedidos); paracambi (35 pedidos); tangua (6 pedidos)
main,Agglomerative-ward,3.0,80,9691,1,2,475,227,47.78947368421053,tangua (6 pedidos)
main,Agglomerative-ward,5.0,42,9691,1,4,444,243,54.729729729729726,tangua (6 pedidos)
main,Agglomerative-ward,10.0,17,9691,2,6,461,243,52.711496746203906,paracambi (35 pedidos); rio bonito (27 pedidos)
main,Agglomerative-complete,3.0,88,9691,0,1,466,296,63.51931330472103,
main,Agglomerative-complete,5.0,46,9691,0,1,475,302,63.578947368421055,
main,Agglomerative-complete,10.0,19,9691,0,6,414,124,29.95169082125604,
main,Agglomerative-average,3.0,99,9691,0,0,478,393,82.21757322175732,
main,Agglomerative-average,5.0,53,9691,0,1,371,285,76.81940700808626,
main,Agglomerative-average,10.0,24,9691,1,3,327,43,13.149847094801224,paracambi (35 pedidos)
main,P-Median,5.0,55,9691,3,9,457,39,8.533916849015318,japeri (34 pedidos); seropedica (33 pedidos); tangua (6 pedidos)
main,P-Median,10.0,23,9691,6,11,468,0,0.0,cachoeiras de macacu (20 pedidos); guapimirim (21 pedidos); itaborai (56 pedidos); itaguai (46 pedidos); seropedica (33 pedidos); tangua (6 pedidos)
main,MCLP,5.0,40,9691,5,10,466,54,11.587982832618026,cachoeiras de macacu (20 pedidos); guapimirim (21 pedidos); japeri (34 pedidos); seropedica (33 pedidos); tangua (6 pedidos)
main,MCLP,10.0,15,9691,9,10,440,33,7.5,cachoeiras de macacu (20 pedidos); guapimirim (21 pedidos); itaborai (56 pedidos); japeri (34 pedidos); mage (104 pedidos); paracambi (35 pedidos); rio bonito (27 pedidos); seropedica (33 pedidos); tangua (6 pedidos)
all_candidates_sensitivity,P-Median,3.0,90,9691,1,7,484,120,24.793388429752067,tangua (6 pedidos)
all_candidates_sensitivity,MCLP,3.0,64,9691,5,7,484,116,23.96694214876033,cachoeiras de macacu (20 pedidos); guapimirim (21 pedidos); japeri (34 pedidos); seropedica (33 pedidos); tangua (6 pedidos)
